DATETIME,ATT_FLAG,global_normalized_residual_mean,global_abs_residual_delta_mean,global_accel_mean,roll3_mean,roll6_mean,roll12_mean,roll3_std,roll6_std,roll12_std,num_sensors_above_p99,num_sensors_persistent_p95
2016-04-07 12:00:00,0.0,1.9788272,0.0,0.0,1.9788271148826488,1.9788271148826488,1.9788271148826488,0.0,0.0,0.0,4,0
2016-04-07 13:00:00,0.0,0.77905506,1.4299288,0.0,1.3789410742944266,1.3789410742944266,1.3789410742944266,1.0111123080632125,1.0111123080632125,1.0111123080632125,0,0
2016-04-07 14:00:00,0.0,1.0784367,0.6491905,1.7946101,1.2787729217888857,1.2787729217888857,1.2787729217888857,0.9246749670914071,0.9246749670914071,0.9246749670914071,0,2
2016-04-07 15:00:00,0.0,0.581123,1.0647898,1.4814351,0.8128715629752057,1.1043604509520666,1.1043604509520666,0.6521833673914783,1.0360981947444314,1.0360981947444314,0,0
2016-04-07 16:00:00,0.0,0.2806843,0.69579613,1.4077231,0.6467479811281254,0.939625218394646,0.939625218394646,0.7952016113231285,1.0535511080896094,1.0535511080896094,0,0
2016-04-07 17:00:00,0.0,0.50627476,0.37740833,0.9206621,0.4560273832786336,0.8674001525337596,0.8674001525337596,0.47999271782993824,1.0428856922970346,1.0428856922970346,0,0
2016-04-07 18:00:00,0.0,1.5221925,1.2533486,1.2223206,0.7697171675067801,0.7912943652409932,0.960941900904087,0.8300409975807919,1.0131554627300274,1.2618547099379254,0,0
2016-04-07 19:00:00,0.0,1.8511134,1.6761886,2.3600469,1.2931935636692635,0.9699707723986944,1.0722133478726275,1.193885846476487,1.2317645389515453,1.3649594084963812,0,0
2016-04-07 20:00:00,0.0,5.0257936,4.7316833,5.4726505,2.799699805906296,1.6278635945924642,1.5115000369912712,2.874582256723751,2.352395014915829,2.309287844622744,6,0
2016-04-07 21:00:00,0.0,2.677126,5.5460815,9.688724,3.1846776415906164,1.9771974045486982,1.6280626231100455,3.5985666314823535,2.8488767337224625,2.57711770471547,1,1
2016-04-07 22:00:00,0.0,1.2636875,1.8809342,6.5822372,2.9888689557216095,2.1410312596954366,1.594937604558713,3.438967510252968,2.8728710382449574,2.54023307223813,1,2
2016-04-07 23:00:00,0.0,1.3633491,1.3829021,2.6522408,1.768054154270938,2.283876980088617,1.5756385663111883,1.6026158463894669,3.110012672249139,2.526909019807636,2,1
2016-05-07 00:00:00,0.0,3.9807827,2.9737296,2.6203005,2.2026065289538606,2.693642085272239,1.7424682252566155,2.2346979144917873,4.001511561894542,3.104202279335096,4,1
2016-05-07 01:00:00,0.0,3.848892,0.68067706,3.511412,3.0643412104911607,3.026605083106385,1.9982879277525398,1.7440547995106268,4.0310854802857525,3.36385734339516,4,3
2016-05-07 02:00:00,0.0,3.2150733,5.4500556,5.343146,3.6815826651410255,2.724818409705981,2.176341002149223,3.3347457164478405,2.993887706441743,3.6621689266062076,4,0
2016-05-07 03:00:00,0.0,1.6410865,2.6081593,7.8550935,2.9016838682565327,2.552145198605197,2.264671301576947,3.3098070822185752,2.9308206252209037,3.7160703489234113,0,0
2016-05-07 04:00:00,0.0,0.8464688,1.4034572,3.7056186,1.9008763029454214,2.4826087567182906,2.3118200082068636,1.8101889164870038,2.9108015811352104,3.7097318541015025,0,0
2016-05-07 05:00:00,0.0,0.7216812,0.86478937,1.8927463,1.0697454985044168,2.37566408182272,2.3297705309556687,1.098053829660652,3.0778669304351287,3.733366306780555,0,0
2016-05-07 06:00:00,0.0,1.7589638,1.808589,2.5470107,1.10903796394839,2.0053609161024615,2.3495015006873503,1.0879801586489215,2.7683752922575717,3.7181868913303995,0,0
2016-05-07 07:00:00,0.0,2.4156358,0.9291894,2.0190098,1.6320936573578115,1.7664849801516163,2.396545031629,1.382394707285062,1.7617577322114526,3.710761343602546,2,0
2016-05-07 08:00:00,0.0,0.3010623,2.2294345,2.9565887,1.49188739075987,1.2808164446321433,2.0028174271690626,1.2871914019856008,1.4812341267280955,2.680525594602748,0,0
2016-05-07 09:00:00,0.0,0.59139246,0.43769783,2.5780916,1.1026968745133632,1.1058674192308768,1.8290063089180364,1.3540287210966055,1.242120269612979,2.5849510643829032,0,0
2016-05-07 10:00:00,0.0,0.6284803,0.34146103,0.64379597,0.5069783489392377,1.0695360031485242,1.7760723799334075,0.33087032890043405,1.2735447423419883,2.5687798271147146,0,0
2016-05-07 11:00:00,0.0,0.9328515,0.7031155,0.7106289,0.7175747457700609,1.1047310682649651,1.7401975750438428,0.513198109140421,1.3069540724276019,2.6258288132441696,0,0
2016-05-07 12:00:00,0.0,0.57803124,0.7867838,1.4207963,0.7131209956718989,0.9079089350926312,1.4566349255975464,0.5219236611232434,1.2043907856265057,2.2962219238222117,0,0
2016-05-07 13:00:00,0.0,0.675983,0.56875306,1.1237944,0.7289552224043675,0.6179667856718026,1.1922258829117092,0.6442941172605082,0.5934784369296998,1.5497889853400666,0,0
2016-05-07 14:00:00,0.0,0.51060385,0.53001136,0.99244636,0.5882059956439445,0.6528903707070028,0.9668534076695732,0.42662564779113626,0.6142183393331963,1.3032054133752384,0,0
2016-05-07 15:00:00,0.0,0.9319661,0.79029715,1.1280779,0.7061842492066056,0.709652622439252,0.9077600208350645,0.6180794344953447,0.6649831024814751,1.2177968810718214,0,0
2016-05-07 16:00:00,0.0,0.76946497,0.6807304,1.3137552,0.737344918179503,0.7331500702919352,0.90134303672023,0.5835374750796871,0.7111734997958458,1.2314318080563607,0,0
2016-05-07 17:00:00,0.0,0.6106074,0.61693555,1.0405154,0.7706794221104325,0.6794427088771885,0.8920868885710771,0.5997935765485357,0.6455677784169281,1.2040472652593903,0,0
2016-05-07 18:00:00,0.0,0.7604643,0.57382476,1.0309,0.7135121962914578,0.7098482227490316,0.8088785789208316,0.5284498324573529,0.695846074526408,1.0991013332415127,0,0
2016-05-07 19:00:00,0.0,1.583415,1.0281718,1.1043254,0.9848288500942327,0.8610868841368677,0.7395268349043352,0.7979466543616872,0.9486098067055777,0.8628353175691732,1,1
2016-05-07 20:00:00,0.0,0.3799116,1.3502007,2.3079622,0.9079302816181137,0.8393048518642731,0.746097611285638,0.8144688466300131,0.9569897782574698,0.8777644038506934,0,0
2016-05-07 21:00:00,0.0,0.2537074,0.2516903,1.3888197,0.739011308763287,0.7262617525273722,0.7179571874833123,0.8268306677820638,0.818223228321297,0.8759431355448144,0,0
2016-05-07 22:00:00,0.0,0.57390517,0.48803714,0.5794108,0.4025080643430188,0.6936684572186257,0.7134092637552807,0.3647906274521197,0.7812194449970663,0.899714730041375,0,0
2016-05-07 23:00:00,0.0,0.44382012,0.4962458,0.8709433,0.4238108888400396,0.6658705852290768,0.6726566470531324,0.3634225827087511,0.7269018061635033,0.8452464668705814,0,0
2016-06-07 00:00:00,0.0,0.3646857,0.20258582,0.63165885,0.460803665346854,0.5999074870550705,0.654877854902051,0.31490584163319346,0.6934344265922713,0.8238918700349308,0,0
2016-06-07 01:00:00,0.0,0.5653088,0.51975346,0.6098242,0.45793819412597087,0.43022312923449496,0.6456550066856813,0.3447586995672255,0.452496689598017,0.8087763813309152,0,0
2016-06-07 02:00:00,0.0,1.8453742,1.7264299,2.0672207,0.9251228902143931,0.6744668895272165,0.7568858706957448,1.1037230532001303,0.8911119575662502,1.0730734142517135,1,0
2016-06-07 03:00:00,0.0,0.794013,2.165099,3.7515478,1.068232009915141,0.7645178376309976,0.7453897950791849,1.332456579829224,1.034535374518591,1.0414830148512737,0,0
2016-06-07 04:00:00,0.0,0.5238714,0.60818803,2.735958,1.054419558117819,0.7561788761218949,0.7249236666702603,1.299058704033282,1.0448971730684367,1.010139758256158,0,0
2016-06-07 05:00:00,0.0,0.943474,0.70875335,1.0646443,0.7537861869873065,0.8394545386008497,0.7526625619149635,0.6361556348343632,1.1402878269034122,1.051969730142848,0,0
2016-06-07 06:00:00,0.0,1.2543086,1.2556037,1.3999728,0.9072180372256251,0.9877250235703829,0.7938162553127269,0.8629371065810134,1.3024708895151327,1.1566353188087621,0,0
2016-06-07 07:00:00,0.0,0.3005844,1.1195248,2.242545,0.8327890393091436,0.9436042987134813,0.686913713973988,0.8787068604532516,1.3135724315143729,1.0514154417171035,0,0
2016-06-07 08:00:00,0.0,0.36443305,0.28451645,1.2932544,0.6397753609991845,0.6967807739932455,0.6856238317602311,0.7564615360534473,0.8494825792594684,1.0481645683456804,0,0
2016-06-07 09:00:00,0.0,2.369947,2.1967103,2.3911462,1.011654770925327,0.9594364040754758,0.8619771208532367,1.3305926080489756,1.2605541782464103,1.3783871903895946,3,0
2016-06-07 10:00:00,0.0,0.4799466,2.3733816,4.5040464,1.0714421821130138,0.952115610711079,0.8541472434164866,1.395821083573737,1.2966628142126606,1.3942000591395263,0,0
2016-06-07 11:00:00,0.0,4.034751,3.8463957,5.8780622,2.2948816012120834,1.4673284811056342,1.1533915098532421,3.3039229987258563,2.442821256615625,2.236786285126358,9,0
2016-06-07 12:00:00,0.0,2.4984114,3.1822627,6.8593984,2.3377030475777816,1.6746789092515544,1.3312019664109684,2.559030958361002,2.7655673929517532,2.4764412910895244,1,0
2016-06-07 13:00:00,0.0,1.1980366,2.421229,4.229411,2.57706631349624,1.8242542478046264,1.383929273259054,2.6571275958306884,2.9341635454183517,2.55925992119558,2,0
2016-06-07 14:00:00,0.0,0.5274229,1.0591178,3.0007994,1.4079568533656863,1.851419227288885,1.2741000006410652,1.587745295351096,2.96529245235044,2.284714100646693,0,0
2016-06-07 15:00:00,0.0,0.70091105,0.429817,1.1767089,0.8087901454454429,1.5732465965116125,1.2663415002935443,0.7406162994097726,2.263478727929978,2.315829530557268,1,0
2016-06-07 16:00:00,0.0,1.4413613,1.5293001,1.7667545,0.8898984442345348,1.733482378865388,1.3427989947882333,0.9372203480999154,2.2052909672354475,2.327449012075695,0,0
2016-06-07 17:00:00,0.0,0.5733577,0.9430513,2.3493636,0.9052100398876366,1.1565834466266611,1.311955963866148,0.8647508957893003,1.4383100689239035,2.266713491870396,0,1
2016-06-07 18:00:00,0.0,2.0512693,2.1159346,2.4857528,1.3553294671220342,1.0820598062837385,1.3783693577676464,1.684347420039029,1.647949308734711,2.5160866057439604,0,0
2016-06-07 19:00:00,0.0,1.0601865,2.218353,3.979885,1.2282711812091005,1.0590848127218175,1.4416695302632223,1.4747100334708478,1.5853926494200146,2.563002216361086,1,0
2016-06-07 20:00:00,0.0,0.5616417,0.9906712,2.9117439,1.2243658666310042,1.0647879532593203,1.458103590274103,1.4758044518486233,1.6183325665713681,2.586310551174341,0,0
2016-06-07 21:00:00,0.0,0.42535943,0.5772213,1.4109896,0.6823958842668745,1.0188626756944545,1.2960546361030332,0.7390226447915486,1.5368099440042524,2.2219003058913773,0,0
2016-06-07 22:00:00,0.0,1.8065194,1.5190963,1.9300734,0.9311735746507893,1.0797223779299447,1.406602378397666,1.1220389951724135,1.675685745513055,2.350899836998205,0,0
2016-06-07 23:00:00,0.0,0.90199393,1.4867542,2.9523692,1.0446242850007967,1.1344950758159003,1.1455392612212811,1.1104979904292176,1.6762090274934895,1.8889585255920207,0,0
2016-07-07 00:00:00,0.0,67.54509,67.80015,69.14534,23.417867516811974,12.050131700539424,6.566095753411581,39.55100794493441,28.315080559749124,20.704155185153382,3,0
2016-07-07 01:00:00,0.0,31.666504,56.611435,122.48891,33.371195380554475,17.151184477602627,9.105134645162222,40.554949583848355,31.730897632990743,23.414173966128047,15,0
2016-07-07 02:00:00,0.0,4.056282,32.175636,47.953102,34.42262489323742,17.733624589119106,9.399206271189218,41.30731683391089,32.37194181014223,23.92066171473714,8,4
2016-07-07 03:00:00,0.0,4.7356286,2.7585647,33.15618,13.486137941909242,18.452002729360615,9.73543270252753,19.51389746472667,32.89531034507386,24.300169541651215,8,5
2016-07-07 04:00:00,0.0,4.072856,2.0604997,4.4743733,4.28825570692312,18.82972554373879,9.954723960834368,1.7971498341952101,32.99869847647674,24.494937010001724,6,6
2016-07-07 05:00:00,0.0,2.7632887,2.1404047,3.5535302,3.8572578148053203,19.139941354021378,10.137218214918637,1.968528395890453,32.97255333000428,24.577057281886002,2,6
2016-07-07 06:00:00,0.0,2.5042279,1.2589959,3.0612125,3.11345777447709,8.299797858193164,10.174964779366297,1.6009781399773877,14.192356262156414,24.524546466172946,1,6
2016-07-07 07:00:00,0.0,2.4726746,0.7896313,1.8419,2.5800637965309954,3.4341597517270577,10.292672114664843,0.8577583998553635,1.9138582574258076,24.45183242986562,3,7
2016-07-07 08:00:00,0.0,0.83486664,2.5885108,3.0476084,1.9372563933352223,2.8972571040702713,10.31544084659469,1.5967323254502899,2.214791369148909,24.439968233782793,0,0
2016-07-07 09:00:00,0.0,0.6704737,0.542323,2.8645468,1.326004922391958,2.2197313484345242,10.335867038897568,1.6014345795441838,2.0230029245414443,24.44110705665212,0,0
2016-07-07 10:00:00,0.0,2.0541763,2.42569,2.883739,1.1865055404136946,1.883284668472345,10.356505106105567,1.4719234478199879,1.722599074931297,24.369587998153175,0,0
2016-07-07 11:00:00,0.0,1.1995533,1.3298664,3.5289693,1.3080677712744564,1.6226620823048394,10.381301718163108,1.3734800779426608,1.5536053266569394,24.38950602368047,0,0
2016-07-07 12:00:00,0.0,1.3045362,0.960161,2.2546062,1.5194218958581058,1.4227134091250322,4.861255633659101,0.8208619470496186,1.3932980340206327,10.649325424350854,0,3
2016-07-07 13:00:00,0.0,3.2567496,2.1410797,2.10841,1.920279765779547,1.5533926530966198,2.493776202411838,1.5924092196968664,1.65555001710055,2.23687841373916,5,3
2016-07-07 14:00:00,0.0,1.8531446,2.6305985,4.577447,2.1381435874986963,1.7231056793865762,2.310181391728424,1.6729926526096366,1.7051361427573715,2.1352646961276305,1,3
2016-07-07 15:00:00,0.0,1.1573814,1.9530946,3.3996742,2.0890920532948196,1.8042569745764623,2.011994161505494,2.1943961718738194,1.700998744407046,1.9554892849745054,0,1
2016-07-07 16:00:00,0.0,0.70714813,0.8991643,2.6330104,1.2392247663491363,1.5797522660643413,1.7315184672683424,1.2341322811757893,1.7979151370943565,1.8237002739539472,0,1
2016-07-07 17:00:00,0.0,0.8179795,0.3372001,1.1186092,0.8941697084146338,1.5161566479566644,1.5694093651307524,0.5867254407626885,1.7304200121937796,1.6965273180384237,0,1
2016-07-07 18:00:00,0.0,0.66684914,0.5949445,0.8091178,0.73065893367938,1.4098754934870994,1.416294451306066,0.39483333239012486,1.7934492851304957,1.6544499268753585,0,1
2016-07-07 19:00:00,0.0,0.7107964,0.44265902,0.79625916,0.7318750244531699,0.9855498954011531,1.269471274248887,0.4604208254267169,1.0067121597086912,1.6102005810954036,0,1
2016-07-07 20:00:00,0.0,0.4298698,0.52172315,0.8292173,0.602505139572174,0.7483374239934037,1.2357215516899902,0.39592734492490006,0.6318754551993698,1.5701329129075337,0,1
2016-07-07 21:00:00,0.0,0.906713,0.63579255,1.1176747,0.6824597506380516,0.7065593421587159,1.2554081583675891,0.5055955100205647,0.5252940923892766,1.5213828922374923,0,1
2016-07-07 22:00:00,0.0,0.54630005,0.4678158,1.0069791,0.6276276383837214,0.679751331418446,1.1297517987413934,0.39746539077534393,0.4936655991778768,1.4849780282907825,0,1
2016-07-07 23:00:00,0.0,0.5850168,0.21224384,0.5794079,0.6793432725638704,0.6409242060680221,1.0785404270123438,0.2931027378170461,0.43832545933995826,1.4410724892801845,0,1
2016-08-07 00:00:00,0.0,0.68886524,0.43777186,0.53135,0.6067273484019458,0.6445935495199989,1.0272345215035492,0.3108450174685344,0.46986486815280804,1.4360218863158172,0,1
2016-08-07 01:00:00,0.0,0.9034052,0.32587272,0.41012084,0.72576240287952,0.6766950206316208,0.8311224580163871,0.3720415561528914,0.5036880335747662,0.8879938169616206,0,1
2016-08-07 02:00:00,0.0,2.19717,2.48967,2.7119448,1.2631468462528612,0.9712450594083659,0.859791241700885,1.433246466206633,1.1089493857858612,1.0173826103132884,2,1
2016-08-07 03:00:00,0.0,0.23654367,2.1146662,4.4762836,1.1123729917962428,0.859550170099094,0.7830547561289051,1.5136596963884303,1.0913119585504802,0.9966504147429363,0,0
2016-08-07 04:00:00,0.0,0.49761412,0.40056455,2.4185247,0.9771093164325153,0.8514358596560176,0.7655935955372317,1.3446798378343652,1.1502455660085205,0.9931213571840648,0,0
2016-08-07 05:00:00,0.0,0.61089957,0.4096471,0.71525234,0.44835246584341,0.8557496560481359,0.7483369310580791,0.33605573926682203,1.2080278401581745,1.0059295553450143,0,0
2016-08-07 06:00:00,0.0,1.8292748,1.7411422,1.9532379,0.9792628262831421,1.0458179090396926,0.8452057292798457,1.1126413523212448,1.748363442405898,1.3745858887958307,0,0
2016-08-07 07:00:00,0.0,0.47985765,1.8966297,3.4812346,0.9733439811619209,0.975226648797218,0.8259608347144193,1.1950338153273528,1.6467315498925412,1.394581916658705,0,0
2016-08-07 08:00:00,0.0,0.5022235,0.4975745,2.1732464,0.937118626240116,0.6927355460417629,0.8319903027250645,1.2328034645452535,1.003931929642201,1.411326937798399,0,0
2016-08-07 09:00:00,0.0,0.7491142,0.9083777,1.1948688,0.5770651224780969,0.7781639743806198,0.8188570722398567,0.6049164907627127,1.1051659751374254,1.3927138266177432,0,0
2016-08-07 10:00:00,0.0,0.7982979,1.0348686,1.7614017,0.683211877140334,0.8282779291511275,0.8398568944035724,0.8150604243962708,1.2738474142111638,1.4926139405428394,0,0
2016-08-07 11:00:00,0.0,0.3246013,0.77535343,1.6190745,0.6240044836779767,0.7805615549590462,0.8181556055035909,0.6515981050785097,1.2671161743810957,1.495036096950054,0,0
2016-08-07 12:00:00,0.0,0.65248007,0.4832055,1.2122517,0.591793086381092,0.5844291044295943,0.8151235067346435,0.5634800636179061,0.7013329003293943,1.4930786656732338,0,0
2016-08-07 13:00:00,0.0,0.95827156,0.9070784,1.1694049,0.6451176629485672,0.6641647700444505,0.8196957094208343,0.620791052114211,0.8080819571402014,1.496273400489679,0,0
2016-08-07 14:00:00,0.0,0.9404695,1.1758565,2.0232913,0.8504071033585912,0.737205793518284,0.7149706697800234,0.7420600370449543,0.7835901409838061,1.0908149399815477,0,0
2016-08-07 15:00:00,0.0,1.330929,0.96770734,1.602215,1.076556758351386,0.834174922366239,0.8061694483734293,0.952875635791499,0.9419038763228024,1.1564242941877807,0,0
2016-08-07 16:00:00,0.0,1.636378,1.4852772,1.6639327,1.3025922509103878,0.9738549569294772,0.9010664430403021,1.1000158200415002,1.0844629115088136,1.2708142393790596,1,0
2016-08-07 17:00:00,0.0,1.9812975,2.5557528,3.7770064,1.6495348904572895,1.2499709969079404,1.0152662759334932,1.648135533584921,1.494937146096483,1.558156892335922,2,0
2016-08-07 18:00:00,0.0,0.33996093,1.8059357,4.055035,1.3192121777028099,1.1978844680270977,0.8911567862283462,1.6416865039512407,1.5171130373459307,1.2964655321689031,0,0
2016-08-07 19:00:00,0.0,0.27775475,0.27714506,1.8651191,0.8663377125601189,1.0844649817352527,0.874314875889852,1.1279640084014022,1.412697797641203,1.295605358088276,0,0
2016-08-07 20:00:00,0.0,0.2612122,0.1604147,0.3714781,0.2929759352750191,0.9712554128661539,0.8542306031922189,0.19955662542426833,1.3712922655502913,1.2950421286242357,0,0
2016-08-07 21:00:00,0.0,1.2962654,1.0730808,1.0704271,0.6117441103354998,0.9654781440191544,0.8998265331926968,0.6471871868048823,1.4776994272446184,1.3769094616971294,0,0
2016-08-07 22:00:00,0.0,0.46004286,0.90618294,1.9494288,0.6725068113173231,0.7694222619387211,0.8716386094340993,0.6123243223084999,1.0908364539015656,1.342361477607153,0,0
2016-08-07 23:00:00,0.0,0.5765564,0.30438015,1.0923939,0.7776215265914709,0.535298730933245,0.8926348639205925,0.5823657968056732,0.5488016894471688,1.331651407912467,0,1
2016-09-07 00:00:00,0.0,0.45901233,0.26040292,0.53490037,0.49853715920012087,0.5551406347678102,0.8765125513974539,0.23202710589325834,0.5302727566662236,1.3270627723360462,0,1
2016-09-07 01:00:00,0.0,0.8738445,0.5701902,0.7136631,0.6364710483312627,0.6544889298242932,0.8694769557797735,0.3852599339588835,0.6054661354179214,1.2477077684987097,1,0
2016-09-07 02:00:00,0.0,0.60103095,0.73577875,1.0409147,0.6446292473116263,0.7111253869515486,0.8411903999088512,0.5129400612177402,0.6587658386320722,1.2514128467136572,1,0
2016-09-07 03:00:00,0.0,0.7475771,0.9961207,1.6310999,0.740817510783141,0.6196773349916309,0.7925777395053929,0.8064668791198971,0.6588785589852396,1.2318431612910294,0,0
2016-09-07 04:00:00,0.0,0.3773413,0.78595555,1.7335283,0.5753164332528222,0.6058937407920423,0.6876580013653817,0.6938033447127104,0.7341270184077487,1.0738442735846911,0,0
2016-09-07 05:00:00,0.0,2.1520367,2.0292332,2.76748,1.09231824379269,0.8684737455521585,0.7018862382427017,1.2414330039441734,1.2699150918817281,1.1488621099523815,1,0
2016-09-07 06:00:00,0.0,0.32826778,2.1385953,3.970879,0.9525484802754588,0.8466829955293,0.700911815148555,1.306396320912126,1.2704310491303057,1.1502774519829146,0,0
2016-09-07 07:00:00,0.0,0.83832926,0.92490184,2.9343321,1.106211135562107,0.8407637844074646,0.7476263571158788,1.5554796214179412,1.3701966783679016,1.308953503443931,0,0
2016-09-07 08:00:00,0.0,0.9133055,0.55309474,1.2065896,0.6933008295762179,0.8928095366844538,0.8019674618180013,0.6567214845858691,1.300418350766031,1.3697436568453285,0,0
2016-09-07 09:00:00,0.0,1.5452285,2.136163,2.1684554,1.0989543923112017,1.0257514362933304,0.8227143856424806,1.3101629113591904,1.5473585246731454,1.3831439663374028,0,0
2016-09-07 10:00:00,0.0,2.9532228,2.8820183,4.3054,1.8039189272996679,1.4550650314308873,1.0304793861114647,2.231261464885229,2.2220644402861365,1.8010591620562264,0,0
2016-09-07 11:00:00,0.0,1.661067,3.034658,5.631037,2.053172737026801,1.3732367833015093,1.1208552644268341,2.3000206790182527,2.109611223238875,1.973791849365302,1,0
2016-09-07 12:00:00,0.0,0.6830447,1.1580328,3.7666264,1.7657781515632354,1.4323662719372185,1.1395246337332592,1.8575490496955027,2.111783383598861,1.9830471182806833,0,0
2016-09-07 13:00:00,0.0,1.3053975,1.5377833,2.581202,1.2165030595683923,1.5102109934340306,1.1754873889207471,1.0312299424828237,2.085765376887468,2.0226164104406688,0,0
2016-09-07 14:00:00,0.0,0.83495426,1.1988919,2.4974632,0.9411321902453477,1.4971524636360745,1.194981000160264,1.0228023189623916,1.9241315210379726,1.9841630551932505,0,0
2016-09-07 15:00:00,0.0,1.219372,1.2783878,2.2772994,1.119907969850025,1.4428430607066298,1.2342972484999801,1.2179070801262604,1.6408350392465063,1.9956289154282822,0,0
2016-09-07 16:00:00,0.0,0.71153045,0.6347427,1.6106569,0.9219522746965594,1.0692276671324756,1.2621463492816813,0.8218505653199757,1.1584656583861583,1.9995181422407402,0,0
2016-09-07 17:00:00,0.0,0.21826257,0.698118,0.9948003,0.7163883727111446,0.8287602814782464,1.1009985323898779,0.6726538837676113,1.054395125820141,1.7382521085929483,0,0
2016-09-07 18:00:00,0.0,0.2667796,0.2184588,0.84578127,0.3988575550466638,0.7593827624483444,1.0958745171927815,0.40662910207461705,1.0084307684087566,1.737271908723051,0,0
2016-09-07 19:00:00,0.0,0.52003294,0.4735103,0.6078916,0.3350250280864696,0.6284886513915142,1.0693498224127729,0.3031654973222989,0.7815084243904664,1.677751348722704,0,0
2016-09-07 20:00:00,0.0,0.54497975,0.60927874,0.9754197,0.443930763620414,0.5801595681657795,1.038656015900927,0.4278680525470833,0.7313203396687565,1.5604227023421529,0,0
2016-09-07 21:00:00,0.0,1.1493993,0.7012393,1.0533618,0.7381373531345385,0.568497454090601,1.0056702573986156,0.6743206953855246,0.7275715139570931,1.4066018455192042,1,0
2016-09-07 22:00:00,0.0,1.2436898,1.2730286,1.6165242,0.9793563166795352,0.6571906723830021,0.863209169757739,0.8689632211164386,0.7919405953830619,1.1837261608084726,1,0
2016-09-07 23:00:00,0.0,0.97898614,1.2600911,2.0777915,1.1240250997503807,0.7839779316853975,0.8063691065818217,1.1272165235330263,0.9701145662660537,1.187631665072061,0,1
2016-10-07 00:00:00,0.0,0.39612824,0.6933795,1.709998,0.8729347243797054,0.8055360387571224,0.7824594006027333,0.8491723689246757,0.985436032597225,1.1666505802989744,0,0
2016-10-07 01:00:00,0.0,0.3954771,0.23852775,0.86079425,0.5901971445918285,0.7847767306356817,0.706632691013598,0.47534503414871476,0.9527799528922879,1.000689605092236,0,0
2016-10-07 02:00:00,0.0,1.354319,1.1646651,1.194934,0.7153081279347199,0.9196666138425502,0.749913091004165,0.7543323494152637,1.1656242400004488,1.0809513687940773,0,0
2016-10-07 03:00:00,0.0,1.833209,1.8763112,2.9897583,1.1943350306782328,1.0336348775289692,0.8010661658097853,1.258421823008893,1.3403784016179172,1.2089731691801036,2,0
2016-10-07 04:00:00,0.0,1.404108,2.1479802,3.8960958,1.5305453297786689,1.0603712371852487,0.8587809547841255,1.5123571768050195,1.4111307567253335,1.3642255897272195,0,0
2016-10-07 05:00:00,0.0,0.3358661,1.2592998,3.3480978,1.1910609953365918,0.9531845616356558,0.8685812466605264,1.3849547116836172,1.2403511248894006,1.3632455977699585,0,0
2016-10-07 06:00:00,0.0,3.0504527,2.87485,3.9758158,1.59680895478315,1.3955719927306913,1.100554015743907,1.5674983652822208,1.7549359088221927,1.7588000430569197,3,0
2016-10-07 07:00:00,0.0,0.27419814,2.9574244,5.754674,1.220172362938232,1.3753588463584505,1.080067788497066,1.749608129241395,1.7747599563851164,1.7371682663918933,0,0
2016-10-07 08:00:00,0.0,0.6455566,0.46271822,3.3132813,1.3234025560252418,1.2572317756809166,1.0884491947617336,1.8280721787923127,1.7581025784423976,1.7428993864125268,0,0
2016-10-07 09:00:00,0.0,4.023835,3.7374172,3.6975286,1.6478633721533473,1.6223361634682485,1.3279855204986086,2.258525835587649,2.6534799617700484,2.4397220539754865,6,0
2016-10-07 10:00:00,0.0,0.74365276,3.4436448,7.0801873,1.8043482474919679,1.5122603052151002,1.2863157712001745,2.1841629329170895,2.632218000602324,2.369128967971213,0,0
2016-10-07 11:00:00,0.0,1.267208,0.8365202,4.039065,2.011565327672042,1.6674839418486416,1.3103342517421486,2.3594757497568066,2.8485490872296584,2.393913449698495,0,0
2016-10-07 12:00:00,0.0,1.6905525,1.7624435,2.235112,1.2338043308302793,1.440833851491813,1.4182029221112522,1.0929799414643566,2.1908717410000524,2.5030002899182056,0,0
2016-10-07 13:00:00,0.0,1.5065228,1.4563276,2.8110406,1.4880942896280582,1.646221268560013,1.510790057459232,1.277752700612919,2.2679493517864784,2.505062928314895,0,0
2016-10-07 14:00:00,0.0,0.41070047,1.1488007,2.370809,1.2025918009286647,1.6070785643003531,1.432155169990635,1.047789914726778,2.2196953547602316,2.475348908555703,0,0
2016-10-07 15:00:00,0.0,0.54410213,0.44021896,1.3826866,0.8204417474256097,1.0271230391279442,1.3247296012980967,0.7501610362304044,1.0952510522110372,2.356322535136428,0,0
2016-10-07 16:00:00,0.0,0.95825016,1.049112,1.4428569,0.6376842769239871,1.0628892832760224,1.2875747942455613,0.5877364076083539,1.1678796798616593,2.368571361902926,0,0
2016-10-07 17:00:00,0.0,1.0247353,1.2771976,2.1500413,0.8423625860695149,1.0224771934990897,1.3449805676738655,0.9331639427242463,1.1950612322311094,2.3922144486887746,0,0
2016-10-07 18:00:00,0.0,0.83379287,0.69468033,1.5973148,0.9389261636626082,0.8796839555441086,1.1602589035179611,0.8553549642444049,1.0897609315682373,1.9078014774246799,0,0
2016-10-07 19:00:00,0.0,0.57442504,0.6957413,1.0686283,0.8109844208191261,0.7243343488715566,1.185277808715785,0.6042989454682334,0.8185329917288925,1.9242297676745255,0,0
2016-10-07 20:00:00,0.0,0.5170948,0.48994792,0.96250683,0.6417708840127143,0.7420667350411145,1.1745726496707343,0.5455652422953148,0.8441746287090564,1.9165210885375503,0,0
2016-10-07 21:00:00,0.0,0.2555787,0.436925,0.81211185,0.44903281774097625,0.6939794907017922,0.8605512649148686,0.38389830097198846,0.789393700607743,1.1800568366954431,0,0
2016-10-07 22:00:00,0.0,0.60729253,0.4967904,0.8345818,0.45998864749909374,0.6354865341591099,0.8491879087175661,0.41113964204313563,0.6719130780027367,1.1859835918565222,0,0
2016-10-07 23:00:00,0.0,0.39340067,0.66231996,1.1171875,0.41875729598979344,0.5302640900012539,0.7763706417501719,0.41410653732399216,0.6073325397141379,1.091888023306093,0,0
2016-11-07 00:00:00,0.0,0.6699835,0.5930405,1.1599352,0.556892256742079,0.5029625372415276,0.6913232463928182,0.4772760445162791,0.503803964694398,0.9791083874490248,0,0
2016-11-07 01:00:00,0.0,0.6053147,0.69920146,1.2060035,0.5562329637741784,0.5081108056366359,0.6162225772540962,0.4960801227940745,0.491146604571559,0.7731394291137497,0,0
2016-11-07 02:00:00,0.0,2.0887332,1.8435074,2.3442287,1.1213437284768448,0.770050512233319,0.7560586236372168,1.2706118913763602,1.0555598066929368,1.0540310816264842,1,0
2016-11-07 03:00:00,0.0,0.6499163,1.9951209,3.7353728,1.1146546520209832,0.8357734543815313,0.7648764725416617,1.2508705268084777,1.0915357837656625,1.0447278549425696,0,0
2016-11-07 04:00:00,0.0,0.97935265,1.1698676,2.9414804,1.2393339824901084,0.8977834731321432,0.7666350036456268,1.3703115276621094,1.1961147271090722,1.0238119344321694,0,0
2016-11-07 05:00:00,0.0,0.36677477,0.8425874,1.9486519,0.6653478949562628,0.8933458117165537,0.7118049508589035,0.7189793979495477,1.2005608865380897,1.0062460385913077,0,0
2016-11-07 06:00:00,0.0,0.9235006,0.7710528,1.379431,0.7565426245664053,0.9355986382936943,0.719280587767611,0.8687750606230963,1.1906068664484843,1.038786722626837,0,0
2016-11-07 07:00:00,0.0,0.9736374,1.3946722,2.0777278,0.7546375515165603,0.9969857670033341,0.752548286319985,0.8794872672178874,1.3742184398857806,1.1635823337669178,0,0
2016-11-07 08:00:00,0.0,1.2175779,1.4419442,2.3462756,1.0382386089413629,0.8517932519488126,0.810921882091066,1.246911295274218,1.141512545043238,1.267618421301542,0,0
2016-11-07 09:00:00,0.0,0.55003905,1.4820371,2.848739,0.9137514866094513,0.8351470555879282,0.8354602549847298,1.0845087717685837,1.1652874384412697,1.334627819130749,0,0
2016-11-07 10:00:00,0.0,1.6537592,1.2498986,2.2494273,1.1404587348107702,0.9475481431636649,0.9226658081479043,1.3855597965436337,1.4549638151285935,1.545794831439035,0,0
2016-11-07 11:00:00,0.0,1.6442533,1.0184128,1.7568934,1.2826837808673075,1.1604611949043346,1.0269035033104446,0.953330941901878,1.6196792518368373,1.6642969052599943,1,0
2016-11-07 12:00:00,0.0,0.9181984,1.7634674,2.2035933,1.4054035588376637,1.1595775227235576,1.0475880805086264,1.105803491427118,1.4619491700761051,1.649905075430971,0,0
2016-11-07 13:00:00,0.0,0.45971808,1.0672401,2.4431102,1.0073898584811642,1.073924296645967,1.0354550318246503,1.274732082188922,1.4117604249773585,1.666808306219903,0,0
2016-11-07 14:00:00,0.0,2.8701668,2.5345318,2.9284785,1.4160277674274921,1.3493557741474,1.1005745130481062,1.7808120180561118,1.942689487906308,1.8879336396583584,5,0
2016-11-07 15:00:00,0.0,1.436251,2.9943972,5.260332,1.5887119261917193,1.4970577425146916,1.1661023990513097,1.9380774772293565,2.23202186857433,1.9451238324041236,0,0
2016-11-07 16:00:00,0.0,0.4308205,1.353667,4.215942,1.5790794024379258,1.293234630459545,1.120391386811605,2.0234103815478064,2.090215889068938,1.906916130175648,0,0
2016-11-07 17:00:00,0.0,0.2766022,0.5228965,1.663785,0.7145578884776832,1.065292827952588,1.1128770114284614,0.8626559678711575,1.638201002976079,1.906226988222404,0,0
2016-11-07 18:00:00,0.0,0.41008687,0.39747402,0.7962094,0.372503168823183,0.9806075475074509,1.0700925351155042,0.4157282598733712,1.5187589252067653,1.7926765740554638,0,0
2016-11-07 19:00:00,0.0,0.24789904,0.40685853,0.67575455,0.31152934689233136,0.945304374665129,1.0096143356555478,0.3034645314147502,1.5693152051026502,1.7953391037542914,0,0
2016-11-07 20:00:00,0.0,0.3752181,0.3660774,0.6770365,0.3444013089637472,0.5294795987207153,0.9394176864340574,0.37532699978330797,0.8254466217926865,1.7516413279180796,0,0
2016-11-07 21:00:00,0.0,0.14588234,0.37590435,0.6056216,0.2563331586351305,0.3144181637291568,0.9057379531219238,0.2784332934870575,0.42910780574833246,1.7554922636852672,0,0
2016-11-07 22:00:00,0.0,0.41722208,0.3303365,0.5802372,0.31277418378750704,0.31215176533991923,0.8026931978997323,0.35537913096658674,0.4098427773645705,1.6173096617168163,0,0
2016-11-07 23:00:00,0.0,1.1815361,1.2467217,1.4995607,0.581546801333617,0.4629740551486819,0.7641334415506349,0.7556711230799162,0.7778504346923876,1.5403809407069031,1,0
2016-12-07 00:00:00,0.0,0.28580898,1.0579709,2.204324,0.6281890162389032,0.4422610874370168,0.7114343174722341,0.7430507005036465,0.6990816118055584,1.48179846427674,0,0
2016-12-07 01:00:00,0.0,0.38353664,0.32406256,1.2959042,0.6169605352308891,0.46486735950919816,0.7050858670871633,0.7077920079010108,0.7051851331025601,1.486122060641295,0,0
2016-12-07 02:00:00,0.0,0.46352547,0.45767656,0.7036809,0.377623698221066,0.4795852497773415,0.5045324242490282,0.3013326285833415,0.6504517238071647,0.91738862133054,0,0
2016-12-07 03:00:00,0.0,2.4420455,2.3846214,2.6599886,1.0963690743265175,0.8622790452827102,0.5883486045059335,1.443860734557002,1.474098234421414,1.176378571305506,2,0
2016-12-07 04:00:00,0.0,0.30146155,2.2646723,4.5792975,1.0690107001465343,0.8429856176887118,0.5775686915143156,1.4074780338983561,1.4234564228140463,1.1459047931286306,0,0
2016-12-07 05:00:00,0.0,0.9294317,0.8492611,2.9761665,1.2243127563925353,0.8009682273068004,0.6319711412277413,1.2905101318380217,1.125493963160289,1.170747947770944,0,0
2016-12-07 06:00:00,0.0,0.35787815,0.9203097,1.7354873,0.5295904309912643,0.8129797526588907,0.6276204200479539,0.5989565996333095,1.1418664980569027,1.151959659391847,0,0
2016-12-07 07:00:00,0.0,0.7097612,0.65726095,1.3998554,0.6656903147815557,0.8673505074640452,0.6661089334866215,0.8104060382755794,1.2356032860544852,1.1898684822806083,0,0
2016-12-07 08:00:00,0.0,0.41631678,0.45964012,1.0397193,0.49465203493924464,0.85948239566589,0.6695338227216157,0.4177019135789293,1.2403534146953215,1.190563649273963,0,0
2016-12-07 09:00:00,0.0,0.48438907,0.24166928,0.4748398,0.5368223234141191,0.5332063772026916,0.697742711242701,0.370065014190234,0.6627172226490768,1.1914977393832342,0,1
2016-12-07 10:00:00,0.0,0.6128419,0.48426294,0.44164404,0.5045158869414226,0.5851031008614892,0.7140443592751003,0.33737939821558566,0.6708461173701896,1.184061928740737,0,1
2016-12-07 11:00:00,0.0,0.7165703,0.6924446,1.0602155,0.6046004031403341,0.5496262190397894,0.675297223173295,0.461450199513177,0.5017295756551224,1.0071765797481464,0,1
2016-12-07 12:00:00,0.0,1.0363325,1.0501577,1.6792446,0.7885816026145073,0.6627019630143134,0.7378408578366021,0.6316939348225526,0.611502455382452,1.0394732536848799,0,0
2016-12-07 13:00:00,0.0,1.8890872,1.1016778,1.0921105,1.2139967651636576,0.8592563260525399,0.8633034167582927,1.0933928838557188,0.9230168109584606,1.1867700340193201,0,0
2016-12-07 14:00:00,0.0,1.792373,1.7835792,2.717334,1.5725976955218433,1.0885990493310886,0.9740407224984895,1.0627547289442234,1.1266052421498136,1.258901619492232,1,0
2016-12-07 15:00:00,0.0,0.5869265,1.5375355,2.5199995,1.4227956571519498,1.1056886298832282,0.81944750354296,1.3186330042413297,1.1582125419916667,1.0413561674899585,0,0
2016-12-07 16:00:00,0.0,1.5560111,1.5132042,2.6548083,1.311770274927404,1.2628835200455304,0.9239933104535099,1.261866914179212,1.4196625349799454,1.204712203691581,2,0
2016-12-07 17:00:00,0.0,1.1619923,1.8589811,3.073744,1.101643324994612,1.3371205102582273,0.9433733646490085,1.2701402506342048,1.5282243933884776,1.2620825562874909,0,0
2016-12-07 18:00:00,0.0,0.5232668,1.065572,2.535786,1.0804234193266486,1.2516095382392989,0.9571557506268059,1.2637200727355185,1.5989250856410984,1.2919405657304626,0,0
2016-12-07 19:00:00,0.0,0.2913411,0.5511113,1.5895069,0.6588667042022196,0.9853184895648116,0.9222874078086758,0.7134718114620842,1.3258533339965473,1.278577668593747,0,0
2016-12-07 20:00:00,0.0,0.369777,0.24523549,0.6476557,0.39479495348907867,0.7482191392418455,0.9184090942864671,0.37988933539053243,1.0535034364632079,1.280518561730979,0,0
2016-12-07 21:00:00,0.0,0.7381346,0.6397576,0.67294043,0.4664175701056607,0.7734204947161547,0.9395545622996916,0.4469448273222082,1.155489278550627,1.3353125154627952,0,0
2016-12-07 22:00:00,0.0,0.4260976,0.58298635,1.2038462,0.5113364182769484,0.585101561239584,0.9239925406425574,0.420405637704879,0.7308941764802981,1.338817151604186,0,0
2016-12-07 23:00:00,0.0,1.0994049,1.1323009,1.513697,0.7545457531314453,0.5746703533102621,0.9558954317842445,0.90346528804548,0.8461562464629567,1.434733869424336,0,0
2016-07-13 00:00:00,0.0,1.0125045,1.6007149,2.6881826,0.8460023801296842,0.6562099751176725,0.9539097566784858,0.9509568256350506,0.9162493907099617,1.4971759118433046,0,0
2016-07-13 01:00:00,0.0,0.8624398,1.223212,2.7049327,0.9914497550586908,0.7513930866678197,0.8683557881163155,1.2238434192086567,1.0602540582290543,1.3903825521069078,0,0
2016-07-13 02:00:00,0.0,1.0501623,1.329629,2.3247392,0.9750354945701207,0.8647906238507829,0.8065048815463142,1.134200826550739,1.1228718155228121,1.2578220312274164,1,0
2016-07-13 03:00:00,0.0,0.46690166,1.0665468,2.2181838,0.7931678717560394,0.8195851259428619,0.7965028103295085,0.8856851756215354,1.0657458729144142,1.251470209422885,0,0
2016-07-13 04:00:00,0.0,0.774565,0.68308586,1.625882,0.7638762607718043,0.8776630079152475,0.731382284577416,0.8484686230182809,1.1733242203332757,1.0976725524170907,0,0
2016-07-13 05:00:00,0.0,0.94725436,1.0375046,1.4989512,0.7295736433287143,0.8523045689494176,0.7134874611298399,0.7240332436560951,1.0898773397501347,1.0826997299631538,0,0
2016-07-13 06:00:00,0.0,2.2653317,2.12741,2.9515495,1.3290503245616843,1.0611090981588618,0.858659536638267,1.3178128328181726,1.3599130659605787,1.3149819205611133,0,0
2016-07-13 07:00:00,0.0,0.56515306,2.0959635,4.000945,1.2592463714393864,1.0115613161055959,0.8814772013867075,1.3813981352082374,1.293507921647195,1.32325179728922,0,0
2016-07-13 08:00:00,0.0,0.41003093,0.37410483,2.3436575,1.0801718848884183,0.9048727641085665,0.8848316939796744,1.2639176218457073,1.1430434288890512,1.322213382855144,0,0
2016-07-13 09:00:00,0.0,0.51860106,0.43659708,0.4070855,0.4979283349052855,0.9134893297334846,0.8665372278381736,0.40398343256877195,1.1212217172002803,1.259014570517812,0,0
2016-07-13 10:00:00,0.0,0.999707,0.93983024,1.1679076,0.6427796753952524,0.9510130234173195,0.9143380156662833,0.6081634071361616,1.3068076145504202,1.362792293973174,0,0
2016-07-13 11:00:00,0.0,1.0541012,1.2668749,2.038359,0.8574697459854328,0.9688208154369253,0.9105626921931714,0.8710474405407702,1.3178266413782382,1.3096622635019886,0,0
2016-07-13 12:00:00,0.0,0.35737422,0.78841114,1.9996904,0.8037274745577233,0.6508279047315043,0.8559685014451831,0.8009273216070113,0.6889197796070072,1.2288072848577556,0,0
2016-07-13 13:00:00,0.0,0.31834504,0.30277225,0.83380896,0.5766068067863981,0.6096932410908252,0.8106272785982104,0.5524926235641491,0.6953767743516024,1.204380105865595,0,0
2016-07-13 14:00:00,0.0,0.7620422,0.59640205,0.8234578,0.47925382405136524,0.6683617850183986,0.7866172745634826,0.414905321277914,0.8272463936538891,1.1366869692410142,0,0
2016-07-13 15:00:00,0.0,1.9995261,1.6013834,1.855093,1.0266377714144974,0.9151826229861103,0.9143359763597977,1.140736128252644,1.0751104001358547,1.2668738985620087,2,0
2016-07-13 16:00:00,0.0,3.1838486,3.9032774,5.060375,1.981805602258343,1.2792062045223707,1.1151096139698446,2.436213934104639,2.005831826804049,1.8294809721010672,4,0
2016-07-13 17:00:00,0.0,1.0765767,2.8171697,6.557862,2.086650464323696,1.2829521441875305,1.1258864798122281,2.391571218163006,1.9126702266149047,1.7838963238084589,0,0
2016-07-13 18:00:00,0.0,1.2029293,1.5775347,3.647522,1.8211181963310674,1.4238779838727824,1.037352944302144,2.141207875837301,2.1738290179895015,1.7437207724651578,0,0
2016-07-13 19:00:00,0.0,0.68442667,0.69855314,2.0779524,0.9879775646455359,1.4848915834519396,1.0472924122713823,0.9806175683449315,2.1989797282337693,1.7735376853762492,0,0
2016-07-13 20:00:00,0.0,0.52950764,0.8666716,1.262973,0.8056211848147083,1.4461358245692018,1.0572488047938005,0.730384716942256,2.2020291127293317,1.81067318528252,0,0
2016-07-13 21:00:00,0.0,1.3452828,1.380126,1.9503897,0.8530723497827329,1.3370952730569001,1.1261389480215056,1.138062311922407,2.0115122890757156,1.8939736985941686,0,0
2016-07-13 22:00:00,0.0,0.51810324,1.3720875,2.6758122,0.7976312111339972,0.8928043878897666,1.0860052962060684,0.9038170705608675,1.2748495217628302,1.8850521588367117,0,1
2016-07-13 23:00:00,0.0,0.5668512,0.54026127,1.7746364,0.8100790691016948,0.8078501269582012,1.0454011355728663,0.8924508075621539,1.1059841399204267,1.8228396767620132,0,0
2016-07-14 00:00:00,0.0,0.75512064,0.62838006,0.8244961,0.6133583699839488,0.7332153598833407,1.0785466718780616,0.5068952623205968,0.9907128002123923,1.8484596851717106,0,0
2016-07-14 01:00:00,0.0,0.9251197,0.8082793,1.1233582,0.7490304940506751,0.7733308525923364,1.1291112180221379,0.6413733345060253,0.9920321845653993,1.913384504382718,1,1
2016-07-14 02:00:00,0.0,0.69797546,0.6595044,1.355677,0.7927385834160487,0.8014088262588718,1.1237723254140368,0.5728772274702657,1.0126050623019773,1.8963950581833608,1,1
2016-07-14 03:00:00,0.0,0.22739092,0.6406167,0.72795933,0.6168286636922236,0.6150935168380861,0.9760943949474935,0.5743807509157081,0.6590938805352071,1.6834843387668086,0,0
2016-07-14 04:00:00,0.0,0.26891974,0.25578114,0.7892611,0.398095370223582,0.5735629321371287,0.7331836600134477,0.44226943665467283,0.6360420219725167,1.1581756455253112,0,0
2016-07-14 05:00:00,0.0,0.5036631,0.44575644,0.59595793,0.33332457201412774,0.5630315777150882,0.6854408523366449,0.32482292679943026,0.6913939888547865,1.126025369064878,0,0
2016-07-14 06:00:00,0.0,0.22883856,0.4465969,0.84211564,0.33380713249180405,0.47531789809201375,0.6042666289876775,0.31452064707118116,0.6294148556950739,1.014858178648926,0,0
2016-07-14 07:00:00,0.0,0.2772286,0.19816877,0.5489659,0.33657675822984695,0.3673360642267145,0.5703334584095253,0.3210822285321867,0.47509218428083044,0.9159579497133933,0,0
2016-07-14 08:00:00,0.0,0.47390395,0.53045297,0.58397335,0.3266570499385875,0.3299908109763577,0.5656998186176148,0.3342262500838461,0.40015270056824426,0.9277008150958942,0,0
2016-07-14 09:00:00,0.0,0.45683995,0.43580535,0.9287184,0.4026575106335269,0.3682323215626655,0.49166291920037575,0.3902598857801444,0.43983248050823587,0.6834085546937299,0,0
2016-07-14 10:00:00,0.0,2.6562386,2.4526002,2.8539288,1.1956607720387074,0.7661187651342773,0.669840848635703,1.5000005475593878,1.3082734005129448,1.2061710984430987,1,0
2016-07-14 11:00:00,0.0,0.6415992,2.0747163,4.431623,1.2515591870825973,0.7891081185105921,0.6760698481128402,1.4291384159108373,1.204920213474996,1.1828096214641897,0,0
2016-07-14 12:00:00,0.0,0.5149998,0.30432937,1.996751,1.27094581459079,0.8368016626121585,0.6560597803520862,1.3048651411564327,1.1748435247828863,1.1570802150026842,0,0
2016-07-14 13:00:00,0.0,0.9137083,0.8327582,0.7861698,0.690102451112333,0.9428816115755202,0.6551088379011175,0.5769527698414834,1.2872964992951157,1.1537310063577324,0,0
2016-07-14 14:00:00,0.0,3.7649746,2.995612,2.6941853,1.7312274278864528,1.491393307484525,0.9106920592304416,2.018133781883823,2.3143939544893217,1.773734204213673,4,0
2016-07-14 15:00:00,0.0,3.0753822,3.53647,4.887674,2.5846881877551477,1.9278170011729692,1.1480246613678176,2.3929425866066762,2.762842538085223,2.125754961890993,3,1
2016-07-14 16:00:00,0.0,1.4618331,2.5429847,5.7116947,2.7673964424451873,1.7287494467787596,1.2474341059565184,2.505960125120352,2.1582474451877207,2.165980533620614,0,1
2016-07-14 17:00:00,0.0,0.49356353,1.0700024,3.3567324,1.6769262317965652,1.704076829841509,1.2465924741760506,1.7100782638564007,2.1027101793307983,2.15162014878472,0,1
2016-07-14 18:00:00,0.0,0.40147802,0.30038324,1.0885494,0.7856248688108034,1.6851565282829755,1.2609790954475673,0.7307216772833851,2.068892574259601,2.1534162536816606,0,1
2016-07-14 19:00:00,0.0,0.29549107,0.27123186,0.47460136,0.39684420324515524,1.582120322845171,1.2625009672103455,0.2393597970895695,2.1135255627066845,2.1457330160634616,0,1
2016-07-14 20:00:00,0.0,0.36717877,0.10568139,0.24792466,0.3547159618560692,1.015821096826317,1.2536072021554208,0.18887295384164138,1.3710551806807851,2.125277507119527,0,1
2016-07-14 21:00:00,0.0,0.48985624,0.3711335,0.4320118,0.38417536658246454,0.5849001176966341,1.2563585594348015,0.21810205473574254,0.6098591798821444,2.118019320270726,0,1
2016-07-14 22:00:00,0.0,0.3324988,0.26740634,0.62017953,0.39651127017097754,0.3966777367080664,1.0627135917434132,0.2217065689685107,0.27367535131803067,1.66206027136528,0,1
2016-07-14 23:00:00,0.0,0.3026981,0.11078164,0.26544836,0.37501770514022287,0.36486683349814597,1.0344718316698276,0.18900530257708198,0.2309361817408401,1.6215490545061848,0,1
2016-07-15 00:00:00,0.0,0.32689384,0.13882397,0.20596944,0.3206969078234592,0.352436137202962,1.0187963327429688,0.10905528717266569,0.2045390386061632,1.593578837407397,0,1
2016-07-15 01:00:00,0.0,0.67242527,0.50337505,0.59694946,0.4340057348372353,0.41525850250410656,0.9986894126746387,0.30790975533752274,0.3084931113525735,1.6000147972184025,0,1
2016-07-15 02:00:00,0.0,0.7434772,0.8522112,1.2082281,0.5809321007009979,0.47797490292061046,0.7468979998734638,0.5429818028835464,0.4494235163617035,1.1404837812254345,0,0
2016-07-15 03:00:00,0.0,0.55050063,0.74436754,1.4659,0.655467709173564,0.4880823084985116,0.5364912130975728,0.6091877330302017,0.4890901942877628,0.5955223190835638,0,0
2016-07-15 04:00:00,0.0,1.2469186,1.3632911,1.8650705,0.8469654631902136,0.6404855990137245,0.5185816678608957,0.9327957503933331,0.8342644231976409,0.6814452601928775,0,0
2016-07-15 05:00:00,0.0,0.7557994,1.137315,2.3416324,0.8510728839152814,0.7160024923081395,0.5404346629031428,0.9271983902104282,0.9416699665575153,0.760348476269982,0,0
2016-07-15 06:00:00,0.0,2.3228683,2.2152047,2.913629,1.4418620931494155,1.04866490116149,0.700550519182226,1.7722531125816836,1.509105343941135,1.1827275498820768,4,0
2016-07-15 07:00:00,0.0,0.7953698,2.594878,4.705222,1.2913458450481792,1.0691556541191964,0.7422070783116514,1.6332559925484285,1.5344139703160002,1.2360422925688395,0,0
2016-07-15 08:00:00,0.0,1.9566875,2.275846,4.662859,1.6916418566469082,1.2713573702810947,0.8746661366008525,1.6685258663789377,1.727352983817416,1.4110522873354563,2,0
2016-07-15 09:00:00,0.0,0.83132374,2.3712192,4.554123,1.1944603420854858,1.3181612176174513,0.9031217630579818,1.5250885529728708,1.8301200673192324,1.4392859732574548,0,0
2016-07-15 10:00:00,0.0,0.7197653,0.76087147,3.0359771,1.1692588441717273,1.230302344609953,0.9353939718118388,1.4836940112380694,1.6140075087869,1.4646428913858776,0,0
2016-07-15 11:00:00,0.0,0.54027325,0.5427592,1.260473,0.6971207616808207,1.1943813091638644,0.955191900736002,0.54640417322493,1.569521954673709,1.4707105703717849,0,0
2016-07-15 12:00:00,0.0,0.9426489,0.9783358,1.4532828,0.7342291074747319,0.9643447247801092,1.0065048129707994,0.7503588920833929,1.3719883060011882,1.532637407598082,0,0
2016-07-15 13:00:00,0.0,0.72552305,1.2877626,2.1020296,0.7361483397271936,0.9527035919494606,1.0109296230343285,0.800643420689367,1.3723417512841267,1.5340928698532117,0,0
2016-07-15 14:00:00,0.0,1.0111238,1.0273902,2.0348382,0.8930985093301307,0.7951096355054758,1.0332335028932853,1.0275417334468153,0.9026775214349219,1.5972888968984593,0,0
2016-07-15 15:00:00,0.0,1.2284622,1.4761503,2.2033718,0.9883696786111064,0.861299393042919,1.089730305330185,1.0106616722344262,1.0710703010303912,1.6852566896227166,1,0
2016-07-15 16:00:00,0.0,1.0820589,1.4204613,2.4104817,1.1072149995890177,0.9216816696581059,1.0759920071340296,1.2453284438852108,1.1648573713700274,1.561936247674869,0,0
2016-07-15 17:00:00,0.0,1.503252,1.62342,2.7561607,1.2712577465862305,1.0821781279581806,1.1382797185610227,1.3560979215632125,1.4219249304430315,1.5893455801866798,1,0
2016-07-15 18:00:00,0.0,0.3956112,1.3161315,2.7872713,0.9936407228590215,0.9910052007350638,0.9776749627575865,1.1123644726768254,1.388411979613499,1.4323639473190044,0,0
2016-07-15 19:00:00,0.0,2.751294,2.7404609,3.9575086,1.5500523677387719,1.328633683663895,1.140668637806678,2.2602988967455557,2.2436980058159506,1.9841811015983748,3,0
2016-07-15 20:00:00,0.0,0.36410788,2.6720371,5.388853,1.1703376655843856,1.2207977060853084,1.007953670795392,1.6538634325365007,2.0821067961689828,1.780393170491286,0,0
2016-07-15 21:00:00,0.0,1.0288489,0.91683346,3.3176823,1.3814168779867873,1.1875288004229045,1.0244140967329118,1.9208541171148819,2.1515435584267104,1.8661433262689526,0,0
2016-07-15 22:00:00,0.0,0.3301954,0.80778867,1.6505704,0.5743840443203979,1.0622182060295846,0.991949937843845,0.5629665057172374,1.9331473807625132,1.876475070240845,0,0
2016-07-15 23:00:00,0.0,0.69484425,0.52457327,1.2603657,0.6846294910304576,0.9274835783074218,1.0048308531328012,0.7317089178302627,1.5864895885520776,1.8667237286800598,0,0
2016-07-16 00:00:00,0.0,0.37040144,0.5208586,0.9033579,0.4651470197429664,0.9232819488648768,0.9571435747999704,0.3712493517730826,1.5629303134816184,1.8349283135981713,0,0
2016-07-16 01:00:00,0.0,0.71858364,0.45827836,0.8479608,0.5946097776868131,0.5844969110036055,0.9565652973337504,0.41957615539513005,0.6906161740785867,1.8107558837524371,0,0
2016-07-16 02:00:00,0.0,0.4969014,0.6603069,1.0187973,0.5286288349368479,0.6066291629836528,0.9137134345344802,0.3942808586986151,0.7045766715914756,1.7188935930922766,0,2
2016-07-16 03:00:00,0.0,1.0531708,1.0130013,1.5452186,0.7562186252587907,0.6106828225008785,0.8991058114618911,0.8397732377639913,0.7055369349987161,1.6633047005398678,0,0
2016-07-16 04:00:00,0.0,0.61608565,0.882198,1.6309407,0.7220526292194547,0.658331203453134,0.8602747047413594,0.6974588245955616,0.7286311695156636,1.581867421277234,0,0
2016-07-16 05:00:00,0.0,2.104528,1.9013591,2.5934718,1.2579281153518331,0.8932784751443404,0.9103810267258811,1.3716576056256207,1.2448504230178117,1.6580087178301601,0,0
2016-07-16 06:00:00,0.0,0.5096034,1.9822177,3.6583354,1.0767389605762145,0.9164787929175027,0.9198803708911898,1.3086895863528423,1.3145508761883726,1.6809337301327327,0,0
2016-07-16 07:00:00,0.0,0.82213235,0.85941803,2.719919,1.1454212001346475,0.9337369146770512,0.7591169128403282,1.4679762548413249,1.358021989798163,1.2984533685894086,0,0
2016-07-16 08:00:00,0.0,1.1931171,0.59787136,0.836685,0.8416176463763545,1.0497728808640936,0.8282010219238732,0.7450219734567657,1.4054798680647664,1.39810850406677,0,0
2016-07-16 09:00:00,0.0,0.38493156,1.1780179,1.6997564,0.8000603832689979,0.9383996719226063,0.7745412472117423,0.6844297454889018,1.3001962536813336,1.2351509553388889,0,0
2016-07-16 10:00:00,0.0,0.9326028,0.84373224,1.8602952,0.836883862124763,0.9911525311297055,0.8247418672914197,1.0540284190314566,1.3960500743250777,1.3084649622521345,1,0
2016-07-16 11:00:00,0.0,1.6696709,1.3931375,1.7876533,0.9957350813251543,0.9186763638507545,0.9059774194975475,1.0057789856972124,1.2149991730063359,1.4712638611716053,0,0
2016-07-16 12:00:00,0.0,0.50229293,1.4512578,2.73432,1.034855530577832,0.9174579569234147,0.9169683749204588,0.9870419400986408,1.1440273802875927,1.4634791085310042,0,0
2016-07-16 13:00:00,0.0,1.5151498,1.3905689,2.4403615,1.2290378722431299,1.032960867183946,0.9833488909304989,1.1195230994637106,1.2971964046250266,1.4754209395503497,0,0
2016-07-16 14:00:00,0.0,0.4955408,1.5420023,2.8491743,0.8376611875602568,0.9166981344427054,0.9832355076533995,0.9206594876685085,1.0199305788257398,1.450031360159671,0,0
2016-07-16 15:00:00,0.0,0.47549963,0.39540845,1.5014474,0.8287300848802093,0.9317928077290206,0.9350962398258136,0.9847196864711967,1.026938822726699,1.3648558949469687,0,0
2016-07-16 16:00:00,0.0,0.4564705,0.62299114,0.9562721,0.47583697362508187,0.8524374229341058,0.9217949770319054,0.4213742290411744,1.0188561024028866,1.3572864826745747,0,0
2016-07-16 17:00:00,0.0,0.23041116,0.32676217,0.92581236,0.3874604301795761,0.6125608088699164,0.7656185863603354,0.3749680307595003,0.8085290903847218,1.1160060484516723,0,0
2016-07-16 18:00:00,0.0,0.32590201,0.34691253,0.5386573,0.3375945662404803,0.5831623255603446,0.7503101412418796,0.32106900454428966,0.8218549644927731,1.080863697021181,0,0
2016-07-16 19:00:00,0.0,0.5945472,0.607324,0.86328983,0.3836201501457564,0.4297285618854192,0.7313447145346829,0.38814382036462836,0.4952377896734634,1.0505374485719448,0,0
2016-07-16 20:00:00,0.0,0.9959393,0.9875553,1.3271981,0.6387961713690652,0.5131283007743207,0.7149132176085132,0.6795888109243912,0.6471967154387228,0.9381814529540176,0,0
2016-07-16 21:00:00,0.0,0.6757385,1.1664913,1.7256954,0.7554083045514102,0.5465014353959452,0.7391471215624829,0.8237420087645642,0.7040984946424129,0.9732331176539333,0,0
2016-07-16 22:00:00,0.0,0.3687206,0.5508301,1.6241015,0.680132746394823,0.5318764482702898,0.6921569356021979,0.7271927180463631,0.6941743837113548,0.94460614799835,0,0
2016-07-16 23:00:00,0.0,2.4229429,2.178459,2.5089087,1.1558006091102846,0.8972983902396748,0.7549295995547957,1.4130809046899695,1.4410463823985953,1.3472062506019078,4,0
2016-07-17 00:00:00,0.0,20.321909,20.122023,20.96736,7.704523238690321,4.229965771620868,2.406564048590606,12.00056431654008,9.026368002137664,6.729416173139052,9,1
2016-07-17 01:00:00,0.0,2.514085,17.858961,37.83478,8.419644663692884,4.549888705043855,2.489808633464637,11.368912940435486,8.791284278593912,6.516867773097143,3,3
2016-07-17 02:00:00,0.0,1.2197437,2.924454,16.570585,8.018578300551578,4.587189454830932,2.5501588778026263,11.142537733662804,8.635781017847536,6.5635966028555,1,0
2016-07-17 03:00:00,0.0,0.42837206,1.246655,3.9880435,1.3874002246481667,4.545961731669246,2.546231583532596,1.8841450302048297,8.720474343968856,6.580891764485617,0,0
2016-07-17 04:00:00,0.0,0.82339734,0.73813725,1.832365,0.8238377063687372,4.621741185030812,2.576808816650551,0.9194546022932278,8.839965079218308,6.614488848365613,0,0
2016-07-17 05:00:00,0.0,2.3423173,2.1937523,2.329758,1.198028885101531,4.608303592826555,2.7528009915331153,1.448571358373785,9.14466669728384,7.058857076505197,2,0
2016-07-17 06:00:00,0.0,0.73067844,2.30354,4.3695936,1.2987976678051003,1.3430989462266334,2.786532358923751,1.394096065558799,2.195029092939963,7.059485358899069,0,0
2016-07-17 07:00:00,0.0,0.334098,0.66106874,2.781906,1.1356978996883766,0.9797678030285565,2.764828254036205,1.464485763992364,1.3963256921037528,7.0355829370650556,0,0
2016-07-17 08:00:00,0.0,0.97418016,0.7961007,1.2277749,0.6796521847431835,0.9388405349223571,2.7630149948766447,0.7180694258682329,1.2568518370905202,6.966218414747297,1,0
2016-07-17 09:00:00,0.0,3.5104632,3.6592348,4.2827487,1.606247138131455,1.4525224029682773,2.9992420673187614,2.204017917066779,2.263083926967896,7.689523894954542,5,0
2016-07-17 10:00:00,0.0,1.2057986,3.0814245,6.4640985,1.89681399063328,1.516255945160828,3.0689985650958196,2.2246598487870255,2.303617919894167,7.689420463017571,0,0
2016-07-17 11:00:00,0.0,1.5970179,1.8264941,3.1863708,2.104426615100096,1.39203939992164,3.0001714963740977,2.4931326581619224,2.0621208908889765,7.58272515328272,1,0
2016-07-17 12:00:00,0.0,0.48564184,1.3540721,3.0130076,1.096152792902787,1.351199965517121,1.3471494558718775,1.1705817434616383,2.101101023018189,2.622454041775122,0,1
2016-07-17 13:00:00,0.0,0.5994576,0.56943697,1.5414578,0.8940391364947771,1.3954265635640282,1.187597183296293,0.9176409030321213,2.1149666080441016,2.1093054458172893,0,0
2016-07-17 14:00:00,0.0,0.58497506,0.6121557,1.1238726,0.5566914798661128,1.3305590474831048,1.1346997912027308,0.5187140613497033,1.9996585421877646,2.036875801232925,0,0
2016-07-17 15:00:00,0.0,0.4526138,0.72611296,1.2950482,0.5456821359424258,0.8209174644226066,1.136719933695442,0.49372332326063834,1.023816692436545,2.024237684483674,0,0
2016-07-17 16:00:00,0.0,0.44520196,0.5738398,1.2265233,0.4942635884988899,0.6941513624968335,1.105203653828831,0.5490279735283926,0.8757629229555414,2.0281086870967395,0,0
2016-07-17 17:00:00,0.0,0.59770244,0.3894368,0.7643531,0.498506076113995,0.5275987779900538,0.959819088955847,0.4611018932509017,0.6024758078709141,1.6216021147840811,0,0
2016-07-17 18:00:00,0.0,0.35216483,0.40797088,0.6975806,0.4650230814897733,0.5053526087160994,0.92827628711661,0.3080673009733351,0.560836634421663,1.6293214935065325,0,0
2016-07-17 19:00:00,0.0,0.25420028,0.14940554,0.4094678,0.4013558601895785,0.4478097243442342,0.9216181439541314,0.2719806853388272,0.5181917451109695,1.6283998256446557,0,0
2016-07-17 20:00:00,0.0,0.3309137,0.28336668,0.32211813,0.31242626672955753,0.40546617142177616,0.8680126094524405,0.20263118694405494,0.40136260293370624,1.529285881113896,0,0
2016-07-17 21:00:00,0.0,0.5372593,0.30657592,0.3664232,0.37412441978030025,0.41957375063503666,0.6202456075288216,0.2863511476052759,0.3519929964365884,0.8442370040130073,0,0
2016-07-17 22:00:00,0.0,0.83003163,0.41947702,0.5443555,0.5660682012626292,0.4837120307261038,0.5889316966114687,0.3520173768111435,0.40939998019366536,0.7503977153260035,0,0
2016-07-17 23:00:00,0.0,0.77218604,0.776062,0.8082382,0.7131589516298025,0.51279260917968,0.520195693584867,0.5498648627151084,0.49349794219209375,0.6265301768508951,0,0
2016-07-18 00:00:00,0.0,0.7861187,0.2281248,0.78368175,0.7961120806017444,0.5851182501910224,0.545235429453561,0.4921608875319458,0.5412895168669394,0.6420065972128867,0,4
2016-07-18 01:00:00,0.0,0.47307295,0.69875795,0.7627424,0.6771258503500865,0.6215970258063578,0.5347033750752961,0.44272122117261015,0.5509003636665415,0.6193240996385475,0,0
2016-07-18 02:00:00,0.0,0.40984654,0.34350896,0.8747946,0.556346048937157,0.6347525002834797,0.520109335852628,0.434603408192666,0.5359344597114101,0.5691092780545783,0,0
2016-07-18 03:00:00,0.0,0.31246555,0.32645923,0.5177462,0.3984616817944853,0.5972868811981148,0.5084303159165757,0.28498292454723195,0.5301957316499121,0.5037112560981193,0,0
2016-07-18 04:00:00,0.0,0.46639225,0.43839642,0.65039986,0.39623479279549617,0.5366803215727913,0.5101961761494476,0.3470685602856628,0.5280391761818689,0.5476006662530519,0,0
2016-07-18 05:00:00,0.0,0.3098686,0.52377,0.80490565,0.362908804244786,0.45962742659097156,0.48621001788532575,0.36366541627236443,0.49601201407534107,0.5448701394303437,0,0
2016-07-18 06:00:00,0.0,0.69359344,0.5016243,0.90976673,0.4899514456015161,0.44420656369800054,0.5146624069445114,0.501314966140586,0.4732125406922568,0.6204101191554926,0,0
2016-07-18 07:00:00,0.0,0.9193784,1.2025603,1.5309576,0.6409468026387435,0.5185907977171197,0.5700939117617388,0.7359090979690283,0.6889493143636641,0.7851007814760484,0,0
2016-07-18 08:00:00,0.0,0.36189184,0.6958485,1.7866424,0.658287897346873,0.5105983507958294,0.5726754255396547,0.7002768725548135,0.6623561028609954,0.7860523325234243,0,0
2016-07-18 09:00:00,0.0,0.39125106,0.44146,0.8533687,0.5575070986380257,0.5237292721197708,0.5605080766589428,0.5753113838947284,0.6638982656261297,0.7907945269110831,0,0
2016-07-18 10:00:00,0.0,1.4056904,1.3708104,1.6316074,0.719611129284704,0.6802789659617235,0.6084796437672576,0.9175521699762271,0.9632164844734774,0.9142804565267024,0,0
2016-07-18 11:00:00,0.0,1.4165976,1.397064,2.01669,1.071179727866598,0.8647338126067357,0.6621806195988534,1.1044154743704846,1.1754604052882154,1.011131461882565,0,0
2016-07-18 12:00:00,0.0,4.710819,3.8246148,4.3738003,2.5110355666404285,1.5342713326392268,0.9892389481686138,2.762824762699077,2.4107056696751874,1.8642894822293086,5,0
2016-07-18 13:00:00,0.0,2.1936634,3.9900484,7.6191783,2.7736932537991668,1.746652191541935,1.1326214946295277,2.5039441052071996,2.415246728195489,1.984474759152292,0,5
2016-07-18 14:00:00,0.0,3.6065536,2.745659,6.0166583,3.503678565038419,2.2874291464525083,1.3990137486241687,3.525680060016291,3.023533029160211,2.428723141806518,2,3
2016-07-18 15:00:00,0.0,4.090771,6.301647,8.481054,3.2969959797022073,2.9040157731713183,1.713872522645545,3.8330842672698813,3.922988993043583,3.086340636768452,7,1
2016-07-18 16:00:00,0.0,0.6791661,3.9214232,9.991898,2.792163516689414,2.7829283852442894,1.7316036756030067,3.823883868887837,3.9620834394457627,3.0922154741007293,0,0
2016-07-18 17:00:00,0.0,0.5204328,0.64502215,4.2917957,1.763456575811526,2.6335675704249724,1.749150691515854,2.46655508071904,4.03620545151241,3.098800013981793,0,0
2016-07-18 18:00:00,0.0,0.11605955,0.468689,0.9575851,0.4385528111127299,1.8677743954074686,1.7010228640233476,0.46981962977849334,3.0629537669244438,3.098430613659569,0,0
2016-07-18 19:00:00,0.0,0.38575083,0.3450907,0.7385756,0.3407477196967208,1.5664556181930673,1.6565539048675015,0.37250772190503,2.8794453358402765,3.081383887805775,0,0
2016-07-18 20:00:00,0.0,0.24656385,0.34378073,0.57718617,0.24945808874176226,1.0064573322766444,1.646943239364576,0.26247924616422846,1.8810169086747008,3.084664886182697,0,0
2016-07-18 21:00:00,0.0,0.6444032,0.55986226,0.8266975,0.4255726450849108,0.4320627280988205,1.668039250635069,0.403115734068061,0.5171185305722497,3.072156223177157,0,0
2016-07-18 22:00:00,0.0,1.5287827,1.4273909,1.6729867,0.8065832983427021,0.5736655090197115,1.6782969471320008,0.934110480322846,0.7849734810790848,3.0819351402683908,0,0
2016-07-18 23:00:00,0.0,2.272814,2.9726803,4.2425056,1.482000059301069,0.8657290740214157,1.7496483222231938,1.8530495484727492,1.4240204338732205,3.220492641789458,1,0
2016-07-19 00:00:00,0.0,0.5782745,1.9514469,4.6559763,1.4599571458242675,0.9427648954545891,1.4052696454310287,1.7947686703679404,1.4315451487391528,2.7435428391935925,0,0
2016-07-19 01:00:00,0.0,1.2554418,0.95993114,2.6162765,1.3688434962380298,1.087713397290366,1.3270845077417166,1.562232119147638,1.5280235847677532,2.684392079019511,0,0
2016-07-19 02:00:00,0.0,0.9228912,0.7994772,1.5916871,0.9188691794618236,1.2004346193814455,1.1034459758290447,0.6851220795621192,1.5223388773219304,2.0026045279907834,0,0
2016-07-19 03:00:00,0.0,1.732892,1.8899794,2.2799075,1.303741766543201,1.3818494561837342,0.9069560921412779,1.318644620897745,1.8499939072387663,1.4561766757195045,2,0
2016-07-19 04:00:00,0.0,1.3801875,0.67089766,2.2924128,1.3453236075681703,1.3570835519031004,0.9653745304614059,1.1909884290129147,1.8138384433841503,1.5406142565523107,1,0
2016-07-19 05:00:00,0.0,0.6384998,1.5650631,2.0300384,1.2505264769183566,1.0846978281900896,0.9752134511057526,1.083343218362302,1.2334196750210253,1.5663220401000337,0,0
2016-07-19 06:00:00,0.0,0.88697946,0.88187104,2.3379629,0.9685555697834608,1.1361486681633308,1.03945678180896,0.983083296142288,1.1993633098177576,1.5545732218727706,0,0
2016-07-19 07:00:00,0.0,0.7249681,0.93089753,1.6835611,0.7501491457364634,1.0477363766523167,1.0677248869713416,0.7008227990374462,1.185609174661189,1.5889319227670746,0,0
2016-07-19 08:00:00,0.0,0.9022193,1.1589372,1.8700238,0.8380556394792052,1.0442910581987805,1.1223628387901128,0.9000219692537603,1.1975700193044274,1.6395156524472312,0,0
2016-07-19 09:00:00,0.0,1.2845739,0.46882164,1.1698557,0.970587137099031,0.9695713534412459,1.17571040481249,0.8179790607926041,1.191892734794502,1.6958282669017464,0,0
2016-07-19 10:00:00,0.0,1.7092681,1.1769253,1.2231221,1.298687122066813,1.0244181339016385,1.1907508429023688,0.782616106986519,1.076082537012444,1.700463638915397,1,0
2016-07-19 11:00:00,0.0,1.6506027,1.362619,2.132399,1.5481482201865342,1.1931019298328702,1.1388998790114797,0.9855612275863539,1.1569021585777497,1.386909773401698,0,2
2016-07-19 12:00:00,0.0,0.62874997,1.5846506,2.7233338,1.3295402139356263,1.1500636755173288,1.14310617184033,1.2175312157028915,1.1222008516458615,1.4094427582205915,1,0
2016-07-19 13:00:00,0.0,0.37134176,0.57351106,2.0936992,0.8835647854309113,1.0911259537488625,1.0694311652005897,1.0179237935305343,1.0219376505701483,1.3463698943551683,0,0
2016-07-19 14:00:00,0.0,1.6618522,1.3668579,1.668355,0.8873146832534523,1.2177314517199933,1.1310112549593874,1.0155046494472484,1.464632228318465,1.492665567137954,1,0
2016-07-19 15:00:00,0.0,3.4063392,2.2978504,2.7770107,1.8131777725454135,1.5713589932405199,1.2704651733408832,1.8345433461502083,2.0445670320231453,1.7622949999321298,5,0
2016-07-19 16:00:00,0.0,0.71241677,2.854167,4.792373,1.9268694207256833,1.4052171030782976,1.2148176184899677,1.8125483870508383,1.9533911791895864,1.6555318895968605,0,0
2016-07-19 17:00:00,0.0,0.53048086,0.4231511,2.7354722,1.5497455882897166,1.2185301357715843,1.205816032802227,1.74581887341459,1.5779537875836618,1.6517394255682418,0,1
2016-07-19 18:00:00,0.0,0.7759363,0.7158469,1.0779328,0.672944596118263,1.2430611843318378,1.1965624299245834,0.5724967386305869,1.6746326029480587,1.750702819190271,0,0
2016-07-19 19:00:00,0.0,1.9981363,2.1543489,2.6646614,1.1015177893668593,1.5141936050462712,1.302659779397567,1.3933132165578,2.054240217846665,2.0279092904779596,3,0
2016-07-19 20:00:00,0.0,1.5300049,2.4270003,4.27813,1.43469246198039,1.4922190251350531,1.354975238427523,1.7917879375717445,2.0404613475843143,2.054556224853952,0,0
2016-07-19 21:00:00,0.0,1.2035362,1.5838027,3.6579642,1.5772257634339752,1.1250851797761192,1.3482220865083199,1.793220145417573,1.6008585784485607,2.0258170947547995,0,0
2016-07-19 22:00:00,0.0,1.3321241,1.3854333,1.7962171,1.3552217264661115,1.2283697579164852,1.3167934304973914,1.366779246176896,1.8411004913972675,2.0426865693735867,0,0
2016-07-19 23:00:00,0.0,0.72526795,1.312111,2.654454,1.086976100559724,1.260834281270057,1.2396822085208206,0.9698318111090725,1.8130750546753809,1.8403053948255468,0,0
2016-07-20 00:00:00,0.0,0.24710737,0.5798471,1.5022684,0.7681664932376101,1.1726961283357928,1.2078786563338157,0.8338982145876209,1.6611795010400299,1.8015161392252956,0,0
2016-07-20 01:00:00,0.0,1.7303547,1.5440993,2.014115,0.9009100168271168,1.1280658716466139,1.3211297383464427,1.0188245130058529,1.5226501936060517,1.9817570082417681,1,0
2016-07-20 02:00:00,0.0,1.4445765,2.2793024,3.6097374,1.1406795483005912,1.1138278244301574,1.3030234247826051,1.4100402131386027,1.3473423966147755,1.9493446995113208,0,1
2016-07-20 03:00:00,0.0,1.1406642,1.4147428,3.261384,1.438531798881811,1.1033491460597111,1.1142171629179152,1.4253361954152561,1.3618580315850957,1.7111631372616107,0,0
2016-07-20 04:00:00,0.0,2.2618027,1.823055,2.4568944,1.6156811248405887,1.2582955708338526,1.2433326643751692,1.478474953519247,1.5610184457633995,1.9673489297475375,2,0
2016-07-20 05:00:00,0.0,0.9239453,2.2379954,3.7115114,1.4421373474405292,1.2914084478705603,1.2761213645703087,1.4635969972881333,1.557158624851465,1.9784966744809105,1,0
2016-07-20 06:00:00,0.0,0.39861652,0.8945213,3.0005748,1.1947881470411748,1.316659972961493,1.244678050648643,1.463500280132667,1.563966086794611,1.9295689826757276,0,0
2016-07-20 07:00:00,0.0,1.490295,1.3889103,2.0119956,0.9376188863631493,1.276650005601869,1.2023579386242416,1.130170190236086,1.70426370440086,1.768718793624558,0,0
2016-07-20 08:00:00,0.0,0.4246538,1.4480724,2.729602,0.7711884135830268,1.1066628805117782,1.110245352470968,0.9039475982565354,1.604278233155478,1.6721903760935897,0,0
2016-07-20 09:00:00,0.0,0.4836194,0.31193337,1.6151316,0.7995227073806027,0.997155427210889,1.0502522866352997,0.9033580342329732,1.5509071182025023,1.6445797726863682,0,0
2016-07-20 10:00:00,0.0,0.5367934,0.45254588,0.5921297,0.48168885714615806,0.7096538717546536,0.9839747212942531,0.31936087654740664,0.9635890298476695,1.5588084030433618,0,0
2016-07-20 11:00:00,0.0,0.3849779,0.42165396,0.7959533,0.46846358182004993,0.6198259977015382,0.9556172227860498,0.3192672658402223,0.8175542582644375,1.5312326419958693,1,0
2016-07-20 12:00:00,0.0,2.334885,2.3359866,2.6129122,1.0855521211275374,0.94253741425407,1.1295986936077815,1.4445707821527833,1.3764524447535371,1.935328409955362,3,0
2016-07-20 13:00:00,0.0,1.1965199,2.662285,4.8555555,1.3054609311101535,0.8935748941281557,1.0851124498650124,1.6942113095658877,1.3292476846625034,1.8274503992268396,0,0
2016-07-20 14:00:00,0.0,0.8315781,1.5196681,3.6944814,1.454327608518892,0.9613955951694709,1.0340292378406246,1.9246786839174228,1.4938854510093476,1.8324694423517864,1,0
2016-07-20 15:00:00,0.0,1.7586814,1.6796767,2.6866882,1.2622598296750716,1.1739059754013044,1.0855307013060964,1.5360849284613012,1.976028112185457,1.9344141210861794,2,0
2016-07-20 16:00:00,0.0,1.0796162,2.0968943,3.456619,1.223291940605658,1.264376435857906,0.9870151538062798,1.4113031344120628,2.1757788669494365,1.8147677161030993,0,0
2016-07-20 17:00:00,0.0,0.67608213,1.2354534,3.0514941,1.1714599799961434,1.3128937942575178,0.966359895979528,1.4671177227392183,2.156737740723537,1.7679020672661094,0,0
2016-07-20 18:00:00,0.0,2.963045,3.2631872,4.2506266,1.5729143835022594,1.4175871065886656,1.1800622604213677,2.270745011053804,2.4127797311161103,2.4620955072627035,5,0
2016-07-20 19:00:00,0.0,0.6729,2.6357179,5.8202496,1.4373423327462183,1.3303171366759377,1.111946015402047,1.8677777072759347,2.2174859188491647,2.3452890042592767,0,0
2016-07-20 20:00:00,0.0,0.5718222,0.6927843,2.449049,1.4025890537739338,1.2870245168850387,1.1242100560272552,1.749406023167385,2.191194598955933,2.35023849528457,0,0
2016-07-20 21:00:00,0.0,1.6550823,1.498178,1.9431639,0.9666016084160056,1.2697579959591325,1.2218319856802187,1.0469167700136282,2.0726951593850744,2.5096444256291095,0,0
2016-07-20 22:00:00,0.0,0.9118608,0.9145226,2.2469473,1.0462551948720915,1.2417987638091548,1.2530875998335305,0.853000092133249,1.8529129950998182,2.4858002577210923,0,0
2016-07-20 23:00:00,0.0,1.7056065,1.9571863,2.0086331,1.4241832711735227,1.4133861624737285,1.363139978365623,1.50667833466673,2.2458931214056106,2.6078951232589103,0,0
2016-07-21 00:00:00,0.0,1.0719084,2.2385674,4.1316524,1.2297918914454942,1.0981967499307501,1.2578919282597079,1.4669128427605633,1.4671182782524141,2.224755007205499,0,0
2016-07-21 01:00:00,0.0,1.2339463,1.1833365,2.9966292,1.3371537771590807,1.1917044860155865,1.261010811345762,1.575724373335266,1.466360759809236,2.254737109891228,0,0
2016-07-21 02:00:00,0.0,0.6982759,1.241467,2.0759757,1.0013769296951804,1.2127801004343517,1.249902308659695,0.9819937391152844,1.5284675310881335,2.213999154171106,0,0
2016-07-21 03:00:00,0.0,0.4789234,0.69617647,1.8151615,0.8037152454498866,1.0167535684476905,1.1432557822034115,0.8276491914101158,1.3607122482416054,2.036017577462113,0,0
2016-07-21 04:00:00,0.0,0.74295914,0.571268,1.1859467,0.6400528065246767,0.9886032918418788,1.1152010278255169,0.49628072877549384,1.3744439864124485,1.9808063403686744,0,0
2016-07-21 05:00:00,0.0,0.35172614,0.5908346,1.0583111,0.5245361973203664,0.7629565635077732,1.0881713629907506,0.4508295218968966,0.8761074501870438,1.9434659589194805,0,0
2016-07-21 06:00:00,0.0,2.2554698,2.1163883,2.542498,1.116718411350877,0.9602168284003818,1.0292067891655658,1.428316770328965,1.2581373142917394,1.5725544359892076,4,0
2016-07-21 07:00:00,0.0,1.0377644,1.8707072,3.7654011,1.2149868964305537,0.9275198514776152,1.0596121687466007,1.3066760620915905,1.1755151798074923,1.5422865134811818,0,0
2016-07-21 08:00:00,0.0,2.198049,1.8530557,2.7357655,1.8304278086417147,1.1774820029810407,1.195131051707696,1.9053049885976356,1.5734530917855525,1.7870258731958255,2,0
2016-07-21 09:00:00,0.0,2.58627,2.4297252,2.814694,1.9406945333917809,1.5287064723713286,1.27273002040951,1.852915679870425,2.120806426039877,2.098624969915998,2,0
2016-07-21 10:00:00,0.0,3.7696447,1.8583528,2.3059535,2.8513213700165685,2.033154133223561,1.5108787125327197,2.129596939337891,2.6577377564261786,2.5596985601855113,7,5
2016-07-21 11:00:00,0.0,0.53805643,3.5365107,4.9054294,2.2979905772656424,2.0642091929536788,1.4135828782307263,2.0436459843025427,2.6846934934694655,2.2240971111646757,0,1
2016-07-21 12:00:00,0.0,0.776306,0.59218717,3.9717326,1.6946691586218625,1.8176818460068218,1.388949337203602,2.1902792806790354,2.17131556402369,2.2022535851639575,0,1
2016-07-21 13:00:00,0.0,0.73256624,0.6184404,0.9547968,0.6823095376788517,1.7668154538477099,1.3471676526626626,0.486824114774023,2.0797843861696568,2.1715029513005413,0,1
2016-07-21 14:00:00,0.0,1.0382183,0.72153836,1.2094321,0.849030114135044,1.5735103457003425,1.3754961743406917,0.6205097177184092,1.960449555559571,2.1963409924875226,0,1
2016-07-21 15:00:00,0.0,2.6044116,1.8737851,1.6310716,1.4583986771463309,1.5765339178840967,1.5526201951277132,1.2989509223228455,2.332236659945474,2.4786484733549856,2,1
2016-07-21 16:00:00,0.0,1.5177372,2.584465,4.1639743,1.7201223044183334,1.201215921048593,1.6171850271360766,1.6159816514589416,1.368423099619258,2.5351388957729526,1,0
2016-07-21 17:00:00,0.0,1.3990058,1.3667797,3.3383882,1.8403847984595565,1.3447074562972998,1.7044583246254896,1.8134271270827034,1.5316222708079161,2.5975523083652274,0,0
2016-07-21 18:00:00,0.0,0.8359867,0.90952086,1.8295629,1.250909798142235,1.3546542376442834,1.586168041825552,1.067189720537089,1.5893951681393936,2.3498615239175344,0,0
2016-07-21 19:00:00,0.0,0.32497406,0.66258216,1.3649141,0.8533221213104375,1.2867222128643856,1.5267688333560478,0.832914211271552,1.5804376411958712,2.3325654990366673,0,0
2016-07-21 20:00:00,0.0,0.6765444,0.39900863,0.9977272,0.6125017167542097,1.2264432576068824,1.3999768016536127,0.42438177650192715,1.5558195831789632,2.2341535676278395,0,1
2016-07-21 21:00:00,0.0,0.72295034,0.84066534,1.0841566,0.5748229395738926,0.912866368858064,1.2447001433710803,0.5217405874599771,1.1145535207902528,2.1287111306377833,0,0
2016-07-21 22:00:00,0.0,0.61382633,0.6501111,1.4390664,0.6711070124738329,0.7622145668921355,0.9817152439703644,0.5177487672016585,0.8272336615994206,1.307433039611663,0,0
2016-07-21 23:00:00,0.0,0.66462946,0.7902807,1.1141832,0.6671353461957031,0.6398185314749562,0.992262993886128,0.6547137534131543,0.6575478788508101,1.3143512824135881,0,0
2016-07-22 00:00:00,0.0,0.5133616,0.62995917,1.2349242,0.5972724335204743,0.5860476865471834,0.9703509620957331,0.5658241923888611,0.6260237898976652,1.330875511638,1,1
2016-07-22 01:00:00,0.0,0.45760426,0.35644346,0.9069741,0.5451984286489264,0.6081527205613795,0.9474374667128829,0.43009633343800346,0.6298741868522624,1.3271573942987862,0,1
2016-07-22 02:00:00,0.0,2.4116554,2.2318206,2.3729491,1.1275403471108179,0.8973378466532603,1.0618905521300714,1.4134838298511359,1.217442010885389,1.6765130496563385,3,0
2016-07-22 03:00:00,0.0,0.393746,2.4207976,4.56966,1.08766850163263,0.8424704675765522,0.8776684182173077,1.4600347422505637,1.2352435681491376,1.2880254016185166,0,0
2016-07-22 04:00:00,0.0,3.4003189,3.1691632,5.4120793,2.0685734029224436,1.3068859157856851,1.0345502413389103,2.7762088851778284,2.1660590372791075,1.7345378107050222,4,0
2016-07-22 05:00:00,0.0,1.6927994,2.5057669,5.456663,1.8289547889229325,1.478247568016875,1.0590330497459157,1.937562165314148,2.2833618771957322,1.7919783953341368,0,0
2016-07-22 06:00:00,0.0,0.6612501,1.6881764,2.92856,1.918122827307914,1.5028956644702722,1.0444716755087278,2.0353684153970635,2.290441338698847,1.7877134420575151,0,0
2016-07-22 07:00:00,0.0,1.2003597,0.8886012,2.267797,1.1848030584229674,1.6266882306727057,1.1174204756170427,1.3116977833021246,2.288083661474022,1.8388139333531155,0,0
2016-07-22 08:00:00,0.0,1.9886032,1.3870667,1.5270567,1.2834043056675084,1.5561795472952202,1.2267586969742403,1.1288960836113906,1.9011516444345475,2.0141747298957897,2,0
2016-07-22 09:00:00,0.0,0.6336959,1.9016637,3.2179923,1.2742195757985804,1.596171201553247,1.2193208345648994,1.1836227438864064,1.9302841421862822,2.0039561580539598,0,0
2016-07-22 10:00:00,0.0,1.8783156,1.4105902,3.008317,1.5002048121110954,1.3425039352670312,1.3246949255263583,1.6643305071522378,1.7722046509623206,2.077442568198063,2,0
2016-07-22 11:00:00,0.0,1.0958711,2.0954816,3.1567223,1.2026275191334248,1.2430159124004667,1.360631740208671,1.2661294818954196,1.552679207975897,2.1618205143948104,0,0
2016-07-22 12:00:00,0.0,0.81657284,1.2192938,3.2231832,1.2635865076485653,1.2689030417235727,1.3858993530969224,1.3952731315732951,1.60993636753868,2.1407516055373046,0,0
2016-07-22 13:00:00,0.0,2.0168107,1.39393,2.0432568,1.309751524456845,1.4049781682839708,1.515833199478338,1.136085469847612,1.847418383240337,2.2284644301637853,0,0
2016-07-22 14:00:00,0.0,5.288927,6.0411716,7.1404533,2.7074369720639946,1.9550322455987097,1.755605896446965,3.5524647825742086,3.1437213354457807,3.1847677396959795,5,1
2016-07-22 15:00:00,0.0,3.0949488,5.701947,11.281611,3.4668955643599384,2.3652410360042517,1.9807061187787494,4.260345055851311,3.741723047139993,3.4047913691437817,3,0
2016-07-22 16:00:00,0.0,1.3469563,2.4919672,7.0517707,3.243610858116909,2.276681191286877,1.8095925632769547,3.5748418964983775,3.43510045873753,3.2150984039633155,1,3
2016-07-22 17:00:00,0.0,2.328439,2.2403264,3.962683,2.256781333011207,2.4821091525376016,1.8625625324690338,2.4054463519340157,3.6596395886115194,3.3526222597382493,0,1
2016-07-22 18:00:00,0.0,0.40733212,2.332307,4.088168,1.3609091583335655,2.4139023613467523,1.8414027015351626,1.6439201939214092,3.705649616541618,3.3684138791408236,0,0
2016-07-22 19:00:00,0.0,0.6298252,0.36227795,2.5655007,1.1218654220256141,2.1827381400712613,1.793858154177616,1.4211655516448647,3.352079742008599,3.348842652353894,0,0
2016-07-22 20:00:00,0.0,0.51072747,0.6596907,0.7681605,0.5159615611805783,1.386371447095893,1.6707018463473018,0.44944696060570705,2.129091570698348,3.122249165012583,0,0
2016-07-22 21:00:00,0.0,1.8661593,1.919826,2.413907,1.0022372608410626,1.1815732095873144,1.773407122795783,1.2416307143882697,1.5328641719943619,3.2081898318855635,0,0
2016-07-22 22:00:00,0.0,1.0536802,1.8184494,3.4394488,1.1435222998192078,1.1326938609224109,1.7046875261046435,1.244158171703039,1.43735743344493,3.0545568482033807,0,0
2016-07-22 23:00:00,0.0,6.0131125,5.960236,7.4135423,2.9776508811050872,1.7468062211428326,2.1144576868402174,3.996054023709766,3.0794150863714904,3.927429237186455,10,0
2016-07-23 00:00:00,0.0,6.4832716,4.1948524,5.443355,4.5166886202874,2.7594629405642315,2.586682650955492,4.360900222316475,4.128585341758228,4.79344927780393,7,2
2016-07-23 01:00:00,0.0,1.2434905,5.3785033,9.481225,4.5799587121003755,2.8617405059597916,2.5222393230155267,3.8037532747258114,4.007041656560705,4.590540901812584,2,3
2016-07-23 02:00:00,0.0,0.37094182,1.0885032,4.755993,2.6992349109765446,2.8384428960408163,2.1124071715683543,3.4314272634835126,3.9595984798034123,3.853239381635637,0,0
2016-07-23 03:00:00,0.0,2.5388527,2.377471,3.1436598,1.38442836813086,2.95055849420913,2.0660658518982213,1.7762368341171064,4.2124059783817955,3.743249319673289,3,0
2016-07-23 04:00:00,0.0,0.9534496,2.9760559,5.2258587,1.2877480587089636,2.93385338540467,2.0332736231635393,1.7991141028030369,4.391048450980829,3.79428765177609,1,0
2016-07-23 05:00:00,0.0,0.31745085,0.98635864,3.8186495,1.2699177450757408,1.9845763280261433,1.8656912745844885,1.7733736836348997,3.567374107468419,3.625731317154575,0,0
2016-07-23 06:00:00,0.0,0.3275881,0.31178984,1.2270026,0.5328295037783126,0.9586289359545863,1.8590459382594091,0.6152439005613629,1.5808400023782525,3.605262812806734,0,0
2016-07-23 07:00:00,0.0,0.23769186,0.2787646,0.5409651,0.2942435997726781,0.7909958292408209,1.8263681676003067,0.22257928244713476,1.3264026316077722,3.5935217509966964,0,0
2016-07-23 08:00:00,0.0,1.6232561,1.4765456,1.54865,0.7295119912581755,0.999714868166958,1.9190788821038873,0.9499778710908904,1.664388236143003,3.802244139603109,0,0
2016-07-23 09:00:00,0.0,0.46850893,1.439661,2.7973769,0.7764856161153738,0.6546575599468433,1.802608027077986,0.9053026222345177,0.9838911343067808,3.6245158210487616,0,0
2016-07-23 10:00:00,0.0,0.6976687,0.54017043,1.8728948,0.929811234737642,0.6120274172551599,1.7729404013299146,0.9460052705260205,0.8248268951307082,3.607490786070795,0,0
2016-07-23 11:00:00,0.0,3.1745214,3.0924537,3.3555195,1.4468997180149863,1.0882058546365811,1.536391091331362,1.9127182423176838,1.8259139576261874,3.644091804689753,5,0
2016-07-23 12:00:00,0.0,0.6936752,2.5974183,5.5393977,1.5219551270115341,1.1492203715634544,1.0539246537590201,1.7395836676899599,1.7481675951501343,2.202623570060974,0,0
2016-07-23 13:00:00,0.0,0.7405655,0.3490704,2.771652,1.536254032001696,1.2330326333696686,1.0120142313052447,1.5129111182803483,1.7089891958797667,2.011542459861799,0,0
2016-07-23 14:00:00,0.0,0.67950976,0.6349544,0.79345727,0.7045834527068442,1.0757415853609151,1.0377282267639365,0.41586883141477565,1.3831926238797583,1.991192129354667,0,0
2016-07-23 15:00:00,0.0,1.078746,0.8302789,1.1897418,0.8329404043442075,1.1774477656778708,0.916052662812357,0.619225880683284,1.458821237117385,1.542914913274708,0,0
2016-07-23 16:00:00,0.0,2.3830302,1.74052,2.1017034,1.3804286328943487,1.458341332448022,1.0351843748515912,1.2799912510553506,1.6239112929281039,1.5870412013785176,1,0
2016-07-23 17:00:00,0.0,1.8386635,2.855794,4.3233237,1.7668131759258026,1.2356983143163236,1.161952084476452,1.8049249617147878,1.4343889786333561,1.7269944430666713,0,0
2016-07-23 18:00:00,0.0,2.962701,1.472703,3.3778703,2.394798177765961,1.6138692910550838,1.3815448313092686,2.282110195930583,1.9084095781996022,1.9669015350501884,2,1
2016-07-23 19:00:00,0.0,0.36576995,2.9105263,4.297009,1.7223781199696082,1.551403376431978,1.3922180049008237,1.6422888775594597,1.9711162046779562,1.9700548221590608,0,0
2016-07-23 20:00:00,0.0,0.26308647,0.18033944,3.0360281,1.197185824069993,1.481999499997898,1.2788705426794067,1.6993525595742405,1.9911957874319022,1.9240072844619038,0,0
2016-07-23 21:00:00,0.0,0.4846455,0.41920307,0.545697,0.3711673101557087,1.3829827439608344,1.2802152548193524,0.2970381165970192,2.0146549506068676,1.9355910749964422,0,0
2016-07-23 22:00:00,0.0,0.3672751,0.46962726,0.8282736,0.37166901830559695,1.0470235691376026,1.2526824507928127,0.3314678729081533,1.4545281737642102,1.9334667461717154,0,0
2016-07-23 23:00:00,0.0,0.40616533,0.31635863,0.6136462,0.419361974275787,0.8082738991728902,1.0219861067446065,0.3569697420854845,1.3517103071216319,1.5896634768861493,0,0
2016-07-24 00:00:00,0.0,0.66362983,0.7518574,0.97859645,0.479023421079428,0.4250953656175682,1.0194823283363257,0.499398734497565,0.4435556554702979,1.6219278251637053,0,0
2016-07-24 01:00:00,0.0,0.65521055,0.7980966,1.4660805,0.5750019167558057,0.4733354675307015,1.0123694219813397,0.6196316287087044,0.5455156268192946,1.66403697738511,0,0
2016-07-24 02:00:00,0.0,0.4949308,0.7697988,1.3898563,0.6045904101668192,0.5119761922213032,0.9969878461096007,0.5884036217100977,0.5681433225678549,1.6624079134682859,0,0
2016-07-24 03:00:00,0.0,0.77540076,0.81626153,1.4672416,0.6418473728006208,0.5604353969400243,0.9717090704504296,0.735722960820251,0.7034795497264236,1.6896024857246,0,0
2016-07-24 04:00:00,0.0,1.8326547,1.9043295,2.4158974,1.0343287587043049,0.8046653377300556,0.925844453433829,1.2865360271587751,1.240039269417026,1.3914422417565424,2,0
2016-07-24 05:00:00,0.0,0.47845078,1.7866321,3.5358334,1.0288354228000218,0.8167129164834206,0.8124934078281553,1.2310910446747316,1.2263867338023011,1.3100410892703565,0,0
2016-07-24 06:00:00,0.0,1.6637224,1.6841186,3.3149393,1.3249425927122875,0.9833949827564541,0.7042451741870115,1.3203396700511583,1.4045904206900937,1.1731409622625035,0,0
2016-07-24 07:00:00,0.0,0.54888016,1.848614,3.4869463,0.8970177636043983,0.9656732611543517,0.7195043643425265,1.169410149786581,1.3346292691025254,1.193963937811386,0,0
2016-07-24 08:00:00,0.0,5.1569734,5.188296,6.7037945,2.45652516795486,1.7426802953774407,1.1273282437993721,3.8204643371855407,3.057591233489062,2.4078092088064396,7,0
2016-07-24 09:00:00,0.0,0.4893391,5.2381363,10.330266,2.0650641319003316,1.6950033623063094,1.1277193796231668,3.1480916581145,3.1291908038327545,2.404786063310215,0,0
2016-07-24 10:00:00,0.0,0.8301498,0.5903972,5.5904922,2.158820648566449,1.5279192060854236,1.1662922719077395,3.063766052577908,2.853820961185338,2.417273460473506,0,0
2016-07-24 11:00:00,0.0,1.1345927,1.2491177,1.7161949,0.8180271844597486,1.637276176207304,1.2269945463453624,0.7919631315589114,3.05201471961542,2.5444217835874596,0,0
2016-07-24 12:00:00,0.0,0.29197156,0.98545694,1.9692812,0.7522379786736029,1.4086510552869673,1.1960230190217107,0.8053421278695683,2.5867088908919684,2.5194770712407037,0,0
2016-07-24 13:00:00,0.0,0.7701976,0.8846641,1.6077713,0.7322539058013788,1.4455372771839141,1.205605269169133,1.001148121411697,2.6933481369640444,2.55142404328162,0,0
2016-07-24 14:00:00,0.0,0.35599974,0.92622817,1.7530851,0.4727229463391156,0.645375065399432,1.1940276803884367,0.5954598390299546,0.8998899169857055,2.536770967765726,0,0
2016-07-24 15:00:00,0.0,2.0879354,2.0741448,2.8363657,1.07137754583082,0.9118077622522112,1.3034055622792604,1.6015098084043395,1.5234754528948706,2.8183629272061146,1,0
2016-07-24 16:00:00,0.0,0.7059995,2.5776734,4.5395746,1.0499781915105681,0.8911160486559736,1.2095176273706982,1.5129933310470163,1.574567563601872,2.6776785314137275,0,0
2016-07-24 17:00:00,0.0,0.97716045,1.2847613,3.6739852,1.2570317558204898,0.8648773510798028,1.2510767636435536,1.8947612924180708,1.534085067506585,2.7249695349561516,0,0
2016-07-24 18:00:00,0.0,0.52560973,0.9718759,2.1540394,0.7362565489330979,0.9038170473819589,1.156234051334463,0.7670681611487458,1.5383389321695788,2.559182370475152,0,0
2016-07-24 19:00:00,0.0,0.5720387,0.27303854,1.1627787,0.691602980245164,0.8707905858778658,1.1581639315308898,0.584577521044671,1.400864863804721,2.553166500635641,0,0
2016-07-24 20:00:00,0.0,0.39821962,0.35280257,0.3174611,0.49862269454300895,0.8778272251817496,0.7616011452905909,0.310548802959706,1.4012824510528765,1.313680282466228,0,0
2016-07-24 21:00:00,0.0,0.63954353,0.4224085,0.5741083,0.5366006130213866,0.6364285809772422,0.774118171614727,0.3286116945668611,0.6443368388386748,1.3170161808609093,0,0
2016-07-24 22:00:00,0.0,1.696227,1.809087,2.1670208,0.9113299818676499,0.8014664810564065,0.8462912648561901,1.0728208366364653,1.0897972343797926,1.5981059014414851,1,0
2016-07-24 23:00:00,0.0,0.64663506,1.6436902,3.1934583,0.9941351410364639,0.7463789177897363,0.8056281344347694,1.155942903415875,0.925160545464937,1.5357522098615717,0,0
2016-07-25 00:00:00,0.0,0.47584262,0.5486535,2.0893939,0.9395682065569559,0.7380844097891711,0.8209507285855651,1.0528418674509712,0.9113949037445771,1.5412008237404073,0,1
2016-07-25 01:00:00,0.0,0.94485223,0.85829675,1.12107,0.689109972309928,0.800219977088789,0.8355052814833275,0.7117402873396655,1.120508250433159,1.5385699654246188,0,1
2016-07-25 02:00:00,0.0,0.3510856,0.8221478,1.6532158,0.5905934943411638,0.7923643176888138,0.8350957714352815,0.5289122105849128,1.1134744454141012,1.5393610094377295,0,1
2016-07-25 03:00:00,0.0,2.7379339,2.5419495,3.2897172,1.344623910605327,1.1420960585811415,0.8892623197791919,1.693075795832967,1.8735756158593924,1.5927455176496899,2,1
2016-07-25 04:00:00,0.0,1.0406277,1.9756076,4.408874,1.3765490659764883,1.032829519143208,0.9171480000998073,1.4467244077214871,1.4039709604564197,1.5545306424642393,0,0
2016-07-25 05:00:00,0.0,1.1907909,1.1592739,2.6161702,1.656450830743088,1.1235221625421261,0.9349505401659313,1.3231355742750364,1.36924706894161,1.5437186169643071,1,1
2016-07-25 06:00:00,0.0,0.8346465,1.5638885,2.6046772,1.0220217076109903,1.1833228091081587,0.9607036094486652,1.0246132637789451,1.4621660969199417,1.564987607364575,0,0
2016-07-25 07:00:00,0.0,0.9739442,0.9191787,2.014322,0.9997938879301491,1.1881714769533187,0.9941957270210539,1.1586209326159271,1.4529489235890523,1.6147305327827932,0,0
2016-07-25 08:00:00,0.0,2.4042416,2.735032,3.5062873,1.4042774060528542,1.5303641183979713,1.1613642180433927,1.809989818004733,1.8052999182936704,1.9015913881086786,3,0
2016-07-25 09:00:00,0.0,0.29519516,2.2567518,4.675967,1.224460264369498,1.1232409859902441,1.132668522285693,1.642035276315942,1.540647610557465,1.8781185623776468,0,0
2016-07-25 10:00:00,0.0,0.5771003,0.41478893,2.662525,1.0921789503273016,1.0459864191287254,1.0394079691359663,1.4694359758453301,1.5240771582724295,1.6119288062015498,0,1
2016-07-25 11:00:00,0.0,0.9789974,1.0813711,1.431963,0.617097602274121,1.0106875041634873,1.0671048333528068,0.6600211756470176,1.5027447704843686,1.646689990618456,0,0
2016-07-25 12:00:00,0.0,1.0443345,1.5789086,2.6246345,0.8668107062884695,1.0456354853289835,1.1144791472185713,1.0298472327883286,1.6320853543133373,1.7431071482823464,0,0
2016-07-25 13:00:00,0.0,0.76893836,1.1419884,2.6969333,0.9307567571669422,1.0114678537471216,1.09981966535022,1.0707833758902132,1.6875584218701511,1.7167674207617827,0,0
2016-07-25 14:00:00,0.0,0.6996574,0.4714095,1.5149181,0.8376434113014821,0.7273705067878012,1.1288673125928859,0.7501891669310019,0.9160164636988516,1.7330592074754134,0,0
2016-07-25 15:00:00,0.0,2.689939,2.6194763,2.8241084,1.386178306115896,1.126494506202183,1.1248677460962135,1.610024065467441,1.342291290040972,1.7796306032627285,2,0
2016-07-25 16:00:00,0.0,0.9076534,1.8975351,4.478139,1.432416614901444,1.181586686034193,1.1137865525814592,1.4996483924492623,1.319580449864496,1.7416408137433512,0,0
2016-07-25 17:00:00,0.0,0.65781105,0.61930114,1.7977955,1.4184678384042837,1.1280556248528835,1.0693715645081854,1.310563954230454,1.294440717155473,1.6652680482454556,0,0
2016-07-25 18:00:00,0.0,0.6335135,0.33129126,0.8655121,0.7329926275156036,1.0595854668157503,1.0526104760723667,0.40418826171796596,1.2194806349429899,1.6376726183200212,0,0
2016-07-25 19:00:00,0.0,0.6575158,0.38525972,0.46149972,0.6496134432103744,1.0410150290559093,1.0262414414015155,0.333982487216324,1.1721887431022389,1.636523155805696,0,0
2016-07-25 20:00:00,0.0,0.539391,0.34190327,0.5633634,0.6101400732308843,1.0143039558175837,0.8708372313026927,0.3386980787879172,1.1315078262511142,1.0868374766144917,0,0
2016-07-25 21:00:00,0.0,4.330244,4.039192,4.1136026,1.8423836624358731,1.2876881449757382,1.2070913255889606,2.449694499972237,2.000430758627098,2.038603937891976,6,0
2016-07-25 22:00:00,0.0,1.4111509,3.7224715,7.647122,2.093595375527862,1.3716044093691184,1.2765955477016553,2.411820182921897,2.0093998342902992,2.064472960980319,0,0
2016-07-25 23:00:00,0.0,0.92983896,0.8041227,3.7881548,2.223744688600734,1.416942380915809,1.2724990028843464,2.289784271657623,1.9457229508705736,2.0408823203687962,0,0
2016-07-26 00:00:00,0.0,0.5901502,0.5694112,0.77531874,0.9770466487762867,1.4097151556060796,1.2346503112109148,0.6452180724980612,1.8876979585005753,1.9960540383107084,0,0
2016-07-26 01:00:00,0.0,0.80130047,0.3936765,0.6948162,0.7737631802788237,1.433679277903343,1.237347153479626,0.4248672088986166,1.8629405978934015,1.9636434062979182,0,0
2016-07-26 02:00:00,0.0,2.1537874,2.2764273,2.2705872,1.1817460484034685,1.7027453685021017,1.3585246621598428,1.3723615113466707,2.089796057961357,2.0715423861532507,2,0
2016-07-26 03:00:00,0.0,2.5839233,3.0114462,4.683603,1.8463371551201149,1.4116919019482008,1.3496900234619693,2.026789123131662,1.5430425695126357,1.958387749130764,1,0
2016-07-26 04:00:00,0.0,3.898394,2.3880377,2.7702634,2.878701746288306,1.826232463283565,1.5989184363263413,2.650302797884009,2.238546721388868,2.2701021965375996,3,1
2016-07-26 05:00:00,0.0,0.59469986,3.792894,5.8919563,2.359005856585586,1.7703759524945273,1.593659166705168,2.20328264744899,2.290385012885921,2.2413349482196727,0,0
2016-07-26 06:00:00,0.0,1.811324,1.8532097,5.473364,2.101472718905353,1.9739049370127335,1.6918100463094066,2.883239811819832,2.5470784469248615,2.4174668340226275,0,0
2016-07-26 07:00:00,0.0,6.1611667,6.8523397,8.3401,2.855730102702979,2.8672159244956434,2.1504476011994926,4.100249947778365,4.346624407199155,3.6513750609309295,7,0
2016-07-26 08:00:00,0.0,1.1039039,5.3093505,11.787324,3.025464771016746,2.692235313801166,2.1974903411516347,3.907160717699537,4.056856209110626,3.6595254251236993,0,0
2016-07-26 09:00:00,0.0,0.97043484,0.8052527,5.281786,2.745168380630036,2.4233205497676944,1.9175062258579478,3.289916573864647,4.014119035814416,3.273720725547394,0,0
2016-07-26 10:00:00,0.0,1.1764805,1.2854055,1.4803284,1.0836064127825926,1.9696682577427855,1.897950360513175,1.0049207280967523,3.106068548305889,3.323995686803888,1,0
2016-07-26 11:00:00,0.0,1.1055944,1.0932716,1.9842086,1.0841699175882609,2.0548173443025033,1.9125966483985153,0.8615908498097155,3.1535955147136296,3.3441226952042067,0,0
2016-07-26 12:00:00,0.0,0.4178702,1.0593337,2.0889573,0.8999816745835157,1.8225750276067751,1.898239982309754,0.8224508262275531,2.776960033789663,3.3515936782193263,0,0
2016-07-26 13:00:00,0.0,0.776717,0.7043587,1.5878099,0.7667271425019749,0.9251667776422835,1.8961913510689639,0.9308519566686444,1.0944933495642533,3.355609650740405,0,0
2016-07-26 14:00:00,0.0,2.1776433,1.525378,1.601129,1.1240767750764782,1.1041233463323696,1.8981793300667675,1.1843230504116944,1.4115703148179892,3.356082441935286,1,0
2016-07-26 15:00:00,0.0,1.6247678,2.8378694,4.257356,1.5263760046573434,1.2131788396204295,1.8182496946940616,1.6785023104390053,1.5318203134934794,3.386064044109752,1,0
2016-07-26 16:00:00,0.0,1.070179,1.7930571,4.1578326,1.6241966751566543,1.1954619088293146,1.5825650832860505,1.8455245710760857,1.5952666127904427,2.681113932019317,0,0
2016-07-26 17:00:00,0.0,0.7970202,1.4229673,2.5704873,1.1639890002223028,1.1440328876493902,1.599425115975947,1.452494890310232,1.660824058088665,2.6746186538531376,0,0
2016-07-26 18:00:00,0.0,1.0408033,1.0755969,2.3832817,0.9693341466396066,1.2478550756484748,1.535215051627625,1.0487537945967913,1.7324096783375373,2.583147396291858,1,0
2016-07-26 19:00:00,0.0,3.1793327,3.0639975,4.1034074,1.6723853567067417,1.6482910159316981,1.2867288967869912,1.7750304210828745,2.552871453205648,2.0101584601481557,4,0
2016-07-26 20:00:00,0.0,1.2482477,2.3303852,5.352244,1.82279452309428,1.4933917616582915,1.2987575539953304,1.7465640533557656,2.0022035685602217,2.021380240148954,2,1
2016-07-26 21:00:00,0.0,0.40513167,1.1595707,2.3171868,1.6109039852323952,1.2901190659360011,1.2516489527782155,1.7363091346404944,1.6753560977251156,2.021192478558075,0,1
2016-07-26 22:00:00,0.0,0.75785625,0.6717266,1.717112,0.8037452112958171,1.2380652840012796,1.2167635964152974,0.7990537007247852,1.480085472482641,2.0000998457793138,0,1
2016-07-26 23:00:00,0.0,0.4967292,0.49808922,1.073771,0.5532390347831827,1.1880167789387317,1.1660248332940608,0.4225587558857756,1.5080951533487243,1.9661333967474526,0,1
2016-07-27 00:00:00,0.0,0.48115975,0.31291378,0.71951824,0.5785817229169713,1.0947428540746835,1.171298964861579,0.33323455943583086,1.4223256902030865,1.9536645764122578,0,1
2016-07-27 01:00:00,0.0,0.5134804,0.25511375,0.44274703,0.4971231154793558,0.6504341633875866,1.1493625896596422,0.26775087836008815,0.6266148458154821,1.914446781900319,0,1
2016-07-27 02:00:00,0.0,1.1733518,0.7399012,0.8164736,0.7226640216820586,0.6379515282326206,1.0656716449454564,0.48926585705381653,0.4777504463205924,1.5890335822261727,0,1
2016-07-27 03:00:00,0.0,0.9330532,1.1387008,1.71371,0.8732951742136904,0.7259384485653307,1.0080287572506657,0.7267635929491014,0.6119136571104605,1.464681124501108,0,0
2016-07-27 04:00:00,0.0,0.2894325,0.840968,1.7546002,0.7986125292542036,0.6478678223667796,0.9429665531840293,0.8264873097274631,0.6298817587235241,1.3325044977873004,0,0
2016-07-27 05:00:00,0.0,1.7623516,1.5381888,2.2039285,0.9949457339384911,0.8588048778102745,1.0234108283745031,1.1813009257262035,1.059495548638006,1.6321800628141616,0,0
2016-07-27 06:00:00,0.0,0.5593769,1.8369036,3.2936976,0.8703869578917448,0.871841066052718,0.9832919600637006,1.1016634637902003,1.1820396692459865,1.6734688853368709,0,0
2016-07-27 07:00:00,0.0,0.38424549,0.49612725,2.2500234,0.9019913022739221,0.8503019157640629,0.7503680395758248,1.0733129921977491,1.1805021932418276,1.0805383055684539,0,0
2016-07-27 08:00:00,0.0,0.39414427,0.34291306,0.65744025,0.4459222379684699,0.7204339859534804,0.6791927570930505,0.38233106343083256,0.9983106487994364,0.9324508039735364,0,0
2016-07-27 09:00:00,0.0,0.84331554,0.7054897,0.8051331,0.5405684436993752,0.70547770079556,0.7157080746804455,0.5028704670518985,1.0082721679362054,1.0283449038948693,0,0
2016-07-27 10:00:00,0.0,0.86234707,1.2554164,1.6475724,0.699935662018013,0.8009634821459677,0.7244156522563735,0.779274327445086,1.1858823145865636,1.0874852010873257,0,0
2016-07-27 11:00:00,0.0,0.8155027,1.2191079,2.40614,0.840388426410829,0.6431553321896494,0.750980104999962,1.0553250481343708,0.91794382073247,1.1427121392624622,0,0
2016-07-27 12:00:00,0.0,1.7827471,2.0870824,3.135604,1.1535322893821365,0.8470503665407562,0.8594457162967368,1.521691496900444,1.3651444029881146,1.3085845718499585,0,0
2016-07-27 13:00:00,0.0,0.2970762,1.7063231,3.5752275,0.9651086221348063,0.8325221420764097,0.8414120289202364,1.302786175169831,1.3966440429341842,1.3180372858904326,0,0
2016-07-27 14:00:00,0.0,3.051515,2.9853466,4.6082244,1.710446077212516,1.2754172518116724,0.9979256188825765,2.176968901761248,2.1901114897366765,1.7699552699333703,5,0
2016-07-27 15:00:00,0.0,0.5632549,2.755861,5.5987844,1.3039486592516871,1.2287404743169117,0.967109087556236,1.7790192228877166,2.0044755853871132,1.752096181521137,0,0
2016-07-27 16:00:00,0.0,0.42757958,0.56242025,3.202109,1.347449779492294,1.15627920081355,0.978621341479759,1.7840253043187062,1.847475364926674,1.7590259243383652,0,0
2016-07-27 17:00:00,0.0,0.7810102,0.661602,1.0418689,0.5906148081891662,1.1505304427008414,0.8968428874452453,0.5743462132920459,1.8786874889595433,1.716035245457312,0,0
2016-07-27 18:00:00,0.0,0.36940005,0.6937051,1.2787173,0.5259965519484547,0.914972605600071,0.8810114860704134,0.48577553683461977,1.5280711642156009,1.6901366437958947,0,0
2016-07-27 19:00:00,0.0,0.45296398,0.4605482,1.0283027,0.5344580337898446,0.9409539066410694,0.8867380243587396,0.5280964520905324,1.5615728561103406,1.7013890380153702,0,0
2016-07-27 20:00:00,0.0,0.56110775,0.5365454,0.90726507,0.4611572788038238,0.5258860434964953,0.900651647654084,0.4052060063025241,0.5781204487808886,1.7105872970647171,0,0
2016-07-27 21:00:00,0.0,0.45054972,0.43569046,0.7529335,0.4882071654381367,0.5071018586932957,0.8679211665051036,0.3897913509674436,0.513414274972541,1.622297141568131,0,0
2016-07-27 22:00:00,0.0,1.3510671,1.3115094,1.6113464,0.7875748692581543,0.6610164515239995,0.9086478261687746,0.8652807439628991,0.9013014141402695,1.7888510038409842,3,0
2016-07-27 23:00:00,0.0,0.48669052,1.1905514,2.3986554,0.7627691126456727,0.6119631957247481,0.8812468192127949,0.7810684977489983,0.7697084857237023,1.7425685653950007,0,0
2016-07-28 00:00:00,0.0,0.47804958,0.34364736,1.4318749,0.7719357414345843,0.6300714534363605,0.7725220295182158,0.7731472546419638,0.7479479205844628,1.487359961478126,0,0
2016-07-28 01:00:00,0.0,0.28452933,0.41918924,0.64942956,0.4164231567709862,0.6019990130145705,0.77147645982782,0.32505826008608546,0.7391548294609458,1.5010414388905178,0,0
2016-07-28 02:00:00,0.0,0.8481596,0.800857,1.1596653,0.5369128555896958,0.649840984117684,0.5878635138070896,0.6054852113418013,0.8876768196923362,0.9128162693680746,0,0
2016-07-28 03:00:00,0.0,1.2707902,1.6159364,2.2621908,0.8011597363196655,0.7865477388771249,0.6468247987852104,1.0438273706341492,0.9963429212125656,0.9588742538737047,2,0
2016-07-28 04:00:00,0.0,1.5771625,2.4453523,4.023678,1.2320374850971785,0.8242303209340825,0.7426233862290409,1.7204402639933833,1.3443649437865635,1.222160828186574,0,0
2016-07-28 05:00:00,0.0,1.5012615,2.177385,4.4882317,1.4497381452978915,0.9933255004437936,0.8026443480842711,1.9156628048572681,1.5526340580297597,1.344931769610213,1,0
2016-07-28 06:00:00,0.0,1.3479677,1.5362389,2.9760833,1.4754639850968907,1.1383118607082783,0.8841916570723196,1.6038682439506629,1.7016291872013072,1.445565561262309,0,0
2016-07-28 07:00:00,0.0,0.37408128,1.0788999,2.4365463,1.0744368905016597,1.1532371877994192,0.877618100406995,1.1094759750710885,1.685280853113448,1.449748143907663,0,0
2016-07-28 08:00:00,0.0,2.7397888,2.7216086,3.643283,1.4872792507783517,1.4685086980381212,1.0591748410779025,2.082290598308965,2.59590001781825,2.080178859868534,5,0
2016-07-28 09:00:00,0.0,2.247445,4.1683598,6.634206,1.7871049461929043,1.6312844656448973,1.208916102261011,2.5707972866426965,2.539103410853774,2.3000232040314987,3,0
2016-07-28 10:00:00,0.0,3.6222272,4.990999,8.372501,2.86982017895517,1.9721285347284156,1.3981794278312492,4.179764314196145,3.235825029662186,2.785777668575889,5,0
2016-07-28 11:00:00,0.0,1.1594447,3.1523438,7.9325385,2.3430387930864582,1.915159021932405,1.4542422611880994,2.97419614232907,3.286074131044137,2.7965577738739857,0,0
2016-07-28 12:00:00,0.0,1.1017735,0.89428,3.4962006,1.9611483608492535,1.874126653521079,1.5062192571146789,2.104142574333452,3.2445142132218123,2.8407423447889397,0,1
2016-07-28 13:00:00,0.0,1.1146334,0.686122,1.3944926,1.1252838370316118,1.9975520079933915,1.5753945978964052,0.6368927145652156,3.218653038939619,2.8449965459641433,0,1
2016-07-28 14:00:00,0.0,1.4543474,1.3554862,1.9537147,1.2235847856269497,1.7833117893567043,1.6259102436974129,0.8783030647929623,2.305472858080499,2.8408900089444034,0,0
2016-07-28 15:00:00,0.0,0.42576656,1.3877522,2.3653615,0.9982491355010112,1.4796987481751325,1.5554916069100149,1.0380702811130904,1.7495563788316606,2.6685274609408864,0,0
2016-07-28 16:00:00,0.0,1.0513203,0.94208884,1.8338219,0.9771447472363088,1.0512142921339607,1.511671413431188,1.1692787205136108,1.042576562258145,2.660940339267502,1,0
2016-07-28 17:00:00,0.0,0.40235558,0.7202581,1.6318411,0.6264808209422895,0.9250328032846197,1.4200959126085124,0.5739855205681125,1.0531260124147366,2.613359762218562,0,0
2016-07-28 18:00:00,0.0,0.43648922,0.25343382,0.7673031,0.630055043318488,0.8141520894097497,1.3441393714654142,0.4916698844506708,0.9990637895656064,2.5427749614907738,0,0
2016-07-28 19:00:00,0.0,0.8805646,0.72922254,0.7617533,0.5731364690657212,0.7751406081510149,1.3863463080722034,0.5014899846833596,1.0236999493218224,2.5146404180841486,0,0
2016-07-28 20:00:00,0.0,1.2493136,1.007313,1.1121032,0.8554557985492413,0.7409683097457653,1.2621400495512347,0.804426901250968,0.9473727661195335,1.9024987575185577,0,0
2016-07-28 21:00:00,0.0,1.9634153,1.7234203,1.9983702,1.3644311561303566,0.9972430997244222,1.2384709239497775,1.265049248889493,1.3394810465809044,1.8718235400778405,3,0
2016-07-28 22:00:00,0.0,0.691466,1.8351295,3.2761512,1.3013983004413545,0.9372673847535381,0.9942408384437496,1.2702323504336748,1.2042306964375056,1.367434358649539,0,0
2016-07-28 23:00:00,0.0,1.3814464,0.94035316,2.3298242,1.3454425785916024,1.1004491885704222,1.0127409959275209,1.5191828036411008,1.4013256760897597,1.5269728627551067,1,1
2016-07-29 00:00:00,0.0,0.7741841,1.2717012,2.0444992,0.9490322308114763,1.1567316934709166,0.9854418914403332,0.7928461627691407,1.415830610266649,1.5250409502583444,0,0
2016-07-29 01:00:00,0.0,0.5517099,0.4164666,1.454642,0.9024468626298373,1.1019225815355957,0.9385315948433057,0.7924065376238322,1.380623377201645,1.4496009994016485,0,0
2016-07-29 02:00:00,0.0,0.6748268,0.41628057,0.77003473,0.666906973461058,1.0061747760263302,0.8735715428860474,0.36662053857011995,1.2884323733111998,1.322283412716266,0,1
2016-07-29 03:00:00,0.0,2.9469087,2.6160557,2.7365386,1.3911484755621792,1.1700903531868276,1.0836667264556252,1.6260997525021215,1.5494151268126133,1.6502547904535894,3,0
2016-07-29 04:00:00,0.0,1.474713,2.3425028,4.7252364,1.6988161918327038,1.3006315272312703,1.1189494559924043,1.709093457597006,1.688946405345681,1.6651717364043008,0,0
2016-07-29 05:00:00,0.0,1.1097604,1.3823029,3.4485116,1.8437940922506868,1.2553505328558727,1.1778998607131472,1.691993280445513,1.5017411668968403,1.67126417416345,0,0
2016-07-29 06:00:00,0.0,0.23242179,0.93154687,2.0987093,0.9389650914453687,1.1650567835037744,1.1608942384873453,0.9716472507171312,1.4675211416238418,1.6683557691944113,0,0
2016-07-29 07:00:00,0.0,0.37684143,0.31211564,1.0840263,0.573007905457885,1.1359120486452945,1.1189173150904452,0.6399082145278865,1.4830102229871036,1.6783125021509178,0,0
2016-07-29 08:00:00,0.0,0.6650744,0.66891384,0.9128072,0.42477923272334833,1.1342866624870178,1.0702307192566742,0.4456456141476756,1.5431470396249445,1.7029612349520216,1,0
2016-07-29 09:00:00,0.0,2.6576893,2.0550141,1.786672,1.2332016826889503,1.0860833870671593,1.128086870126994,1.4087735761581717,1.3665907479212238,1.7803524624926803,3,0
2016-07-29 10:00:00,0.0,0.8140468,2.4160933,4.3315554,1.3789367869266314,0.9759723461922575,1.1383019367117642,1.4037808428735457,1.266168982811329,1.7828235546484592,0,1
2016-07-29 11:00:00,0.0,3.0438325,2.9073877,4.7549458,2.1718560263963584,1.2983176295598535,1.2768340812078631,2.7803097984316034,2.1273240756361553,2.0658635270274393,3,0
2016-07-29 12:00:00,0.0,0.7416615,2.6482484,5.424908,1.5331801429220293,1.3831909128054898,1.274123848154632,1.7133354201611346,2.1241604222588175,2.0422237445028038,0,0
2016-07-29 13:00:00,0.0,1.3446935,1.1318167,3.5937304,1.7100623799022152,1.5444995834144228,1.3402058160298587,1.7156288574618839,2.178511079508999,2.0765862413719964,0,0
2016-07-29 14:00:00,0.0,0.43680072,1.1198888,2.2089887,0.8410518935003775,1.5064539599483677,1.320370311217693,0.7327730970905691,2.1722365241358066,2.0539399020282216,0,0
2016-07-29 15:00:00,0.0,0.5137166,0.5425181,1.4445318,0.7650702680612121,1.1491252054916208,1.1176042962793895,0.8201027096824812,1.5401651216156498,1.7974561220022032,0,0
2016-07-29 16:00:00,0.0,0.5848759,0.5965106,0.9693353,0.5117977434227025,1.1109300616624587,1.0434512039273582,0.464559025036557,1.5130095607577854,1.7721507069650457,1,0
2016-07-29 17:00:00,0.0,0.8623564,1.0492624,1.5275304,0.6536496450123632,0.7473507692563703,1.022834199408112,0.6792177341637012,0.933881622104634,1.818680251382453,0,0
2016-07-29 18:00:00,0.0,0.6584671,0.7601618,1.6212635,0.7018998070931421,0.733485037577177,1.0583379751913333,0.7012615997116146,0.8909159927140808,1.822265516641891,0,0
2016-07-29 19:00:00,0.0,1.4754825,1.6086699,2.3494039,0.998768635418395,0.7552831894205487,1.1498913864174858,0.9286013942366191,0.95036937907103,2.0081609214331784,1,0
2016-07-29 20:00:00,0.0,0.5308495,1.3863591,2.7408001,0.8882663267731981,0.7709579858927806,1.138705972920574,0.9939536962343026,0.9764797734145287,2.0107733619171615,2,0
2016-07-29 21:00:00,0.0,0.49623087,0.43177006,1.6913823,0.8341875837060052,0.7680436953995738,0.9585844504455971,0.9196913864783486,0.9804233270307829,1.5779211113416176,0,0
2016-07-29 22:00:00,0.0,0.9884827,0.627949,0.9617755,0.6718543390864719,0.8353114872524333,0.973120774457446,0.5025468723138559,0.9998654462578865,1.5513771362952553,0,1
2016-07-29 23:00:00,0.0,0.25005123,0.74502295,1.3401004,0.5782549180927841,0.733260622432991,0.7403056958446805,0.44362591401435164,0.9642115108900728,1.0785869138797797,0,1
2016-07-30 00:00:00,0.0,0.8359713,0.8163823,1.4473348,0.6915017613159165,0.7628446725109608,0.7481648550440688,0.6824945454102453,1.0113606159731394,1.0969265352080122,0,0
2016-07-30 01:00:00,0.0,0.24191737,0.74395984,1.5419074,0.4426466609858285,0.5572505000361502,0.6562668447283495,0.49516269042311956,0.5687078427855324,0.948845210114183,0,0
2016-07-30 02:00:00,0.0,0.4392692,0.28125933,0.9197007,0.5057193371240412,0.5419871276084126,0.6564725567505967,0.47106851075709055,0.5647319093267797,0.9469421391370886,0,0
2016-07-30 03:00:00,0.0,2.4570184,2.2069225,2.1816614,1.046068279834813,0.8687850205753649,0.8184143579874693,1.3545459220655647,1.2528525097468752,1.2836109490553766,0,0
2016-07-30 04:00:00,0.0,0.7757699,2.0852892,4.239944,1.2240191229558226,0.8333328919708255,0.8343221896116296,1.321607963332466,1.2186566557690819,1.2593807712147564,0,0
2016-07-30 05:00:00,0.0,0.3564768,0.785391,2.28757,1.1964216489814414,0.8510704930527413,0.7921655577428661,1.3843022133239895,1.1917075150093601,1.236320836173812,0,0
2016-07-30 06:00:00,0.0,0.26567373,0.291651,1.0460085,0.4659734818592916,0.7560208808470523,0.7594327766790065,0.4761519374671704,1.0701034033819041,1.2186678712621282,0,0
2016-07-30 07:00:00,0.0,1.7664293,1.615718,1.6878128,0.7961932319047057,1.0101061774302642,0.783678338733207,1.0459360916293194,1.4073877309422147,1.2659694340090475,0,0
2016-07-30 08:00:00,0.0,1.0937533,1.7414801,2.9530554,1.041952079478627,1.1191868642300342,0.8305869959192237,1.1601787783766666,1.4463443343966946,1.304949024425432,0,0
2016-07-30 09:00:00,0.0,1.2380574,1.9992393,3.2825625,1.3660799722950236,0.9160267270771575,0.892405873826261,1.66514786920892,1.3719480839612495,1.4668994655984398,0,0
2016-07-30 10:00:00,0.0,0.6620976,1.669806,3.5988464,0.9979694284832707,0.8970813301939882,0.8652071110824068,1.4499916851318941,1.4853826210383543,1.5352523001580414,0,0
2016-07-30 11:00:00,0.0,1.4159888,1.0011513,1.8826438,1.1053811831560771,1.0736666313173522,0.9623685621850467,1.3479438445718452,1.7259594006751189,1.6997842573381128,0,0
2016-07-30 12:00:00,0.0,0.4466985,1.2238477,2.1219747,0.84159486901892,1.1038374206569719,0.9299291507520125,0.7179838006303458,1.725026106831458,1.6182455034012546,0,0
2016-07-30 13:00:00,0.0,0.27972886,0.51453424,1.2185965,0.714138650170626,0.8560540393269481,0.9330801083786067,0.8739417338369347,1.3587198591505827,1.6217922673594976,0,0
2016-07-30 14:00:00,0.0,0.22610229,0.3482273,0.8100375,0.3175098709088154,0.7114455270324461,0.9153161956312406,0.3748808055454159,1.1085533335637463,1.6246602469910139,0,0
2016-07-30 15:00:00,0.0,1.6996341,1.7502195,2.025497,0.7351550394407468,0.7883749542298332,0.8522008406534954,1.0210472544329998,1.2106653316481264,1.6474018154069112,1,0
2016-07-30 16:00:00,0.0,1.3713932,2.2831414,3.5435412,1.099043135029939,0.9065908926002824,0.9018361113971354,1.4702672374527912,1.5290642771984755,1.7907080443968517,0,0
2016-07-30 17:00:00,0.0,1.3227128,2.1170058,4.18619,1.4645799769637087,0.8910449239362618,0.9823557776268074,1.9089371796187324,1.5328903631889619,1.9213333512228543,0,0
2016-07-30 18:00:00,0.0,1.281235,2.1242144,4.150995,1.3251136863409239,1.0301343628908355,1.0669858917739037,1.7159618613334022,1.7138664415805143,1.998740596442416,1,0
2016-07-30 19:00:00,0.0,0.89525366,1.0310298,3.0648034,1.1664005076426038,1.1327218213362715,0.99438793033161,1.3221954753775138,1.7517879041573936,1.9064159458989227,0,0
2016-07-30 20:00:00,0.0,0.22076824,0.8925366,1.3436389,0.7990856457426612,1.131832811353185,0.9216391691928153,0.8272591239347483,1.7491597963385521,1.815697924567447,0,0
2016-07-30 21:00:00,0.0,0.25331113,0.24321102,1.0470626,0.45644433165112125,0.8907790089960225,0.839576981612928,0.5499081734767768,1.3310675234812939,1.6045843346613793,0,0
2016-07-30 22:00:00,0.0,0.35752463,0.46991947,0.7002286,0.2772013273659383,0.7218009175042711,0.8141959050522767,0.28324144681394914,1.1403473724170061,1.6105818370190035,0,0
2016-07-30 23:00:00,0.0,0.30470878,0.4280462,0.85127294,0.30518150354110957,0.5521335746418853,0.7215892492890738,0.32445005780396297,0.7771828115127397,1.3780537273155076,0,0
2016-07-31 00:00:00,0.0,1.5581473,1.509031,1.8411862,0.7401268981635313,0.5982856149073261,0.8142099888990809,1.022037129905935,1.0623925208494458,1.6287362686796651,1,0
2016-07-31 01:00:00,0.0,0.4028,1.4848335,2.9303944,0.7552187046615396,0.516210016013739,0.8244659186750052,0.9519320966644693,0.8036187560979816,1.6336901048078443,0,0
2016-07-31 02:00:00,0.0,0.41448766,0.33926588,1.530591,0.7918116744985025,0.5484965890198059,0.8401647001864956,0.9407293430199225,0.8286375039921162,1.645969457533604,0,0
2016-07-31 03:00:00,0.0,1.0231472,0.9623996,1.1574036,0.6134782720067072,0.6768025850851194,0.783790797040571,0.6160379273730552,1.0116687588908628,1.408083348811986,0,0
2016-07-31 04:00:00,0.0,0.91420406,1.4237081,2.2186158,0.7839463176063618,0.7695825111339507,0.7456917143191111,0.9308377128572599,1.2065108959122315,1.3813705485199825,0,0
2016-07-31 05:00:00,0.0,1.059126,1.0748214,2.2968223,0.9988257721511608,0.8953187233248315,0.7237261489833584,1.0906393947945063,1.3529937624428636,1.2726515894404882,1,0
2016-07-31 06:00:00,0.0,2.1683588,2.2162728,2.6315265,1.3805629982355385,0.9970206351211226,0.7976531250142247,1.568702153827705,1.53891877655318,1.593962378353315,3,0
2016-07-31 07:00:00,0.0,0.740265,2.0638268,4.123454,1.322583292361361,1.0532648049838615,0.7847374104988,1.4855747737926022,1.5622445699706522,1.4854972062616436,0,0
2016-07-31 08:00:00,0.0,1.0184622,0.9101482,2.8675594,1.3090286916137066,1.1539272318824336,0.8512119104511197,1.386160868604348,1.5876319845232445,1.5436928064485276,0,0
2016-07-31 09:00:00,0.0,2.6364892,2.7379446,3.505342,1.4650721754198823,1.42281758682771,1.0498100859564146,1.614247058787293,1.955506703709622,1.9574215427490078,3,0
2016-07-31 10:00:00,0.0,0.6000006,2.1423175,4.7109876,1.4183173681441645,1.3704503302527633,1.070016420693357,1.6024918046855554,1.8668657204589578,1.94136231642029,0,0
2016-07-31 11:00:00,0.0,1.1342964,0.99149704,2.7803624,1.4569287436093001,1.3829787176115036,1.1391487204681674,1.623203277688404,2.00306346271616,1.983283491047084,0,0
2016-07-31 12:00:00,0.0,0.54211843,1.2889344,2.1156757,0.7588051388451659,1.1119386571325238,1.0544796461268235,0.8127964455202512,1.507763631452945,1.7224979170779833,0,0
2016-07-31 13:00:00,0.0,0.5975346,0.6361176,1.8663965,0.7579831327927119,1.0881502504684382,1.0707075277261497,0.8234826775994875,1.5656273117737718,1.7315366509473158,0,0
2016-07-31 14:00:00,0.0,0.35194302,0.51925015,1.0368658,0.49719868792620875,0.9770637157677542,1.065495473825094,0.46359423273522915,1.4377511044928657,1.7238228592942055,0,0
2016-07-31 15:00:00,0.0,0.33516654,0.3591064,0.7646535,0.428214724844033,0.5935099318445994,1.0081637593361548,0.35275428886449456,0.7217020934332776,1.6616993285589463,0,0
2016-07-31 16:00:00,0.0,0.5515456,0.5106033,0.71394706,0.41288506706743716,0.5854340999300747,0.9779422150914187,0.3943999507701907,0.6729440767506034,1.6123436903278223,0,0
2016-07-31 17:00:00,0.0,0.59104735,0.581441,0.9411418,0.49258653551599896,0.49489261172110366,0.9389356646663035,0.4473624913373445,0.5453582969154883,1.598398557380559,0,0
2016-07-31 18:00:00,0.0,0.47259864,0.48400378,0.8934562,0.5383972376331618,0.4833059812385974,0.7976223191855608,0.4622440968990388,0.5287202361767885,1.2464290503685123,0,0
2016-07-31 19:00:00,0.0,0.45041746,0.36860618,0.72395265,0.5046878529930922,0.4587864600302645,0.7734683552493514,0.3434195825365482,0.4923671325915968,1.2459610004891273,2,0
2016-07-31 20:00:00,0.0,1.2024285,1.0101854,1.1991327,0.7084815081074931,0.600534021811746,0.78879886878975,0.647128350969261,0.7346294307280012,1.2974911923163504,3,0
2016-07-31 21:00:00,0.0,0.6022133,1.0588552,2.039095,0.7516864025331506,0.6450418200831562,0.6192758759638778,0.6888635065242624,0.7217913459572106,0.8239842345737006,2,2
2016-07-31 22:00:00,0.0,1.7475419,1.2704139,1.9720745,1.184061197737396,0.8443745253652439,0.7149043126476594,1.1715477149038596,1.0009262368999194,0.9663421223167434,2,2
2016-07-31 23:00:00,0.0,1.0652114,1.6355472,2.7178411,1.1383222184740878,0.9234018632907905,0.7091472375059474,1.0377042489632793,1.0381244715380478,0.9619378914261254,2,2
2016-01-08 00:00:00,0.0,0.6278153,0.6258112,2.095141,1.1468562164464096,0.9492713094897801,0.716288645364189,1.039515967685265,1.0321501826274186,0.9415514730393438,0,2
2016-01-08 01:00:00,0.0,0.6392667,0.3444952,0.73151237,0.7774311895561559,0.9807461936467756,0.7197663268385204,0.4918773127744908,1.043407639729096,0.9307425389327982,0,2
2016-01-08 02:00:00,0.0,2.3562794,2.3308105,2.474084,1.2077871587374156,1.1730546886057516,0.8867943552087488,1.4131325530005923,1.5115566432984844,1.3645105375783944,1,0
2016-01-08 03:00:00,0.0,1.8144153,1.4838748,3.0363808,1.6033204725685521,1.3750883445074804,1.0100650822953186,1.5347936580830444,1.7136747946382949,1.5141360790602043,2,0
2016-01-08 04:00:00,0.0,1.1162783,2.3827956,3.406613,1.7623243118768182,1.2698777507164867,1.0571261380408656,1.7332604700486913,1.5309571836098457,1.579229948472404,0,0
2016-01-08 05:00:00,0.0,1.5372852,1.7967068,3.629879,1.489326280137395,1.3485567194374046,1.1359792913640978,1.9714536079018052,1.943260848114663,1.8694277746909926,0,0
2016-01-08 06:00:00,0.0,1.5053871,2.530557,4.270105,1.3863168694970778,1.4948186710328146,1.2220449902612978,1.7577253125106054,2.053103058140631,1.9937153974177155,2,0
2016-01-08 07:00:00,0.0,0.73108196,1.8057117,4.199613,1.2579181023746384,1.5101212071257284,1.2454337003862521,1.5963224659488295,2.05190675569836,2.0491913476530748,0,0
2016-01-08 08:00:00,0.0,0.41867727,0.467633,2.0845919,0.8850487536953868,1.1871875169163908,1.1801211027610714,1.08859320996657,1.9067951288183345,1.971403366057278,0,0
2016-01-08 09:00:00,0.0,0.27205,0.4195781,0.699028,0.47393640584708235,0.93012663767208,1.1526074910897806,0.3739040002281208,1.4110708103718976,1.9622896607590712,0,0
2016-01-08 10:00:00,0.0,2.058268,1.9232254,2.2339034,0.916331784394702,1.0871249433846701,1.178501347050579,1.2179878012453424,1.584676349123014,1.9416481612231273,1,0
2016-01-08 11:00:00,0.0,3.641855,3.7942772,4.4803777,1.9907242721469522,1.4378865129211695,1.3932216161792872,2.503759020363938,2.228486602400297,2.6269289975018735,6,0
2016-01-08 12:00:00,0.0,0.450657,3.7378838,7.376033,2.0502599561624772,1.2620981810047793,1.3784584260187973,2.566487582093399,2.050324941161241,2.603154302745875,0,0
2016-01-08 13:00:00,0.0,0.29751843,0.5061319,4.1002684,1.4633433994275444,1.1898375919111235,1.3499793995184257,2.283259520548503,2.0087444351540986,2.555141044165396,0,0
2016-01-08 14:00:00,0.0,0.20389703,0.2503059,0.6864814,0.31735750879289665,1.1540408904699244,1.1706142036931577,0.33008400609681693,1.9632335955056726,2.404263059878869,0,0
2016-01-08 15:00:00,0.0,0.939167,0.83212644,1.0204322,0.48019416164110473,1.2652270589017907,1.097676848286935,0.5341669090011261,2.1088591543651853,2.130772801714501,0,0
2016-01-08 16:00:00,0.0,1.8356831,2.2661612,2.9390755,0.9929156649374918,1.2281295321825187,1.1576272377835943,1.3683507169021687,2.3347726690393085,2.3411769966536133,1,0
2016-01-08 17:00:00,0.0,0.3669969,1.6613069,3.7480783,1.047282304028918,0.6823199064109072,1.0601032096660383,1.367925240555904,1.0570283078772023,2.137526724504315,0,0
2016-01-08 18:00:00,0.0,0.5645606,0.7469979,2.0502322,0.9224135079346,0.7013038347878523,0.9817010078963156,1.1010821978327487,1.0804341800113206,1.992714887143162,0,0
2016-01-08 19:00:00,0.0,1.0529369,0.9097274,1.2669654,0.6614981543590084,0.8272069096482502,1.008522250779687,0.7550242552838139,1.2640185092103702,2.0725906320269503,0,0
2016-01-08 20:00:00,0.0,1.2479056,0.56301457,1.2735435,0.9551344134391447,1.0012083587340312,1.077624624601978,0.7089215029885122,1.3683031454283976,2.1175939251608247,0,0
2016-01-08 21:00:00,0.0,0.6018202,0.7703106,1.0776619,0.9675542762860032,0.9449838921103012,1.1051054755060457,0.5477268219696694,1.2134179836042118,2.126902889884617,0,0
2016-01-08 22:00:00,0.0,2.3026469,2.1745825,2.6655362,1.3841241786609288,1.0228111665099684,1.1254703493462435,1.464065149444843,1.3043852554950874,2.2608502155871903,4,0
2016-01-08 23:00:00,0.0,3.113871,4.8832603,6.7248235,2.0061126341103335,1.480623523774739,1.081471715092823,2.916912847291797,2.290415746404692,2.0569850901709263,5,0
2016-02-08 00:00:00,0.0,1.2352837,1.9612077,6.7884827,2.217267136299931,1.5924107062929667,1.1468572705404094,2.6925836707250124,2.2837393047480226,2.094996600570026,0,0
2016-02-08 01:00:00,0.0,0.5738717,1.0991731,1.4406967,1.6410088287517415,1.5125665037063352,1.1698867066772927,1.5624940626350237,2.2822566309278276,2.102518090537248,0,1
2016-02-08 02:00:00,0.0,0.86216086,0.60196483,1.5810018,0.8904387820512213,1.448275708080777,1.2247420334074042,0.6497703022526723,2.1572469410141246,2.1078999280142168,0,0
2016-02-08 03:00:00,0.0,1.7751291,2.1987245,2.721598,1.0703872342685006,1.6438271852842152,1.2944055386972586,1.2783718261435308,2.6110577738431004,2.243786517429507,0,0
2016-02-08 04:00:00,0.0,0.41313618,1.7379867,3.8715734,1.016808742511108,1.3289087856314246,1.1758599760706967,1.386093613676279,1.9184414302975004,2.094145717140895,0,0
2016-02-08 05:00:00,0.0,0.36464417,0.30462298,1.9090031,0.8509698170628678,0.8707042995570448,1.175663911665892,1.0434704534147101,1.2484775226411389,2.088151396573445,0,0
2016-02-08 06:00:00,0.0,1.2664862,1.23773,1.4574901,0.6814221859099203,0.8759047100892103,1.2341577081910884,0.7829299689658651,1.307348546237376,2.269518227982183,2,0
2016-02-08 07:00:00,0.0,0.38769212,1.1923693,2.30722,0.6729408164553539,0.8448747794832306,1.178720641594783,0.7775380657244548,1.283866714677938,2.240573792253728,0,0
2016-02-08 08:00:00,0.0,0.24543895,0.3571946,1.4491237,0.6332057420929846,0.7420877795779263,1.0951817438293514,0.7728215281994715,1.1043729797241,2.192565075465767,0,0
2016-02-08 09:00:00,0.0,1.3125268,1.144385,1.3213599,0.6485526218059178,0.6649874038579188,1.154407294571067,0.8136479003218816,0.9849083761149335,2.249449566644504,0,0
2016-02-08 10:00:00,0.0,1.7844597,2.3557818,3.311216,1.1141417941747256,0.8935413053150397,1.1112250454732324,1.45305179295853,1.3005801482600736,2.0617184935861035,2,0
2016-02-08 11:00:00,0.0,3.381293,3.3014643,5.139599,2.1594264459658175,1.396316094029401,1.1335101967932228,2.604051792439235,2.1200835493024432,2.080157730580226,3,0
2016-02-08 12:00:00,0.0,0.82339644,3.3392391,5.7601824,1.996382977999386,1.3224677999026515,1.0991862549959308,2.357969375202702,2.160780958669125,1.976556369164619,0,0
2016-02-08 13:00:00,0.0,0.6983231,0.44957227,3.7214582,1.6343374342985666,1.374239614236646,1.1095571968599385,1.9038364642126115,2.1079638184660454,1.9685627786595414,0,0
2016-02-08 14:00:00,0.0,0.36131755,0.78597003,0.87322885,0.6276789802830943,1.3935527131244556,1.067820246351191,0.5605726862297775,2.1175810185280226,1.904233093646161,0,0
2016-02-08 15:00:00,0.0,0.6639048,0.73208505,1.4092398,0.5745151059398111,1.2854490419695987,0.9752182229137585,0.5473399727844203,1.8473915434814567,1.7225461321841207,0,0
2016-02-08 16:00:00,0.0,2.3192182,2.2232566,2.5160196,1.1148134831923115,1.374575458745439,1.1340583820302395,1.4379972932651324,1.6986930834477965,1.8821010824374,3,0
2016-02-08 17:00:00,0.0,1.0681233,2.2697055,4.4124293,1.3504154205353198,0.989047200409207,1.192681647219304,1.4309009958951344,1.2232136658004416,1.8879757857852681,0,0
2016-02-08 18:00:00,0.0,1.1728861,1.6889557,3.1819873,1.520075901602888,1.047295503771349,1.1848816518370007,1.9562759759802497,1.4842286014597743,1.9995352921103537,0,0
2016-02-08 19:00:00,0.0,0.28570613,1.2039069,2.6122856,0.8422385738686378,0.9785260285304745,1.1763828213835605,1.115351331236113,1.529944901527857,1.9919594656939312,0,0
2016-02-08 20:00:00,0.0,0.21371873,0.27551123,1.4273617,0.557437028408561,0.9539262244719404,1.173739468798198,0.7308221555399892,1.5399422420214184,1.9932168914425783,0,0
2016-02-08 21:00:00,0.0,0.34619334,0.27201757,0.47901252,0.28187273453353606,0.9009743180682116,1.0932116800189051,0.20415045250249686,1.5401968027037294,1.799763998987836,0,0
2016-02-08 22:00:00,0.0,0.8864,0.60617197,0.75379086,0.4821040455555904,0.662171309712114,1.018373384228776,0.4501611579850151,1.0221122115161612,1.6426034440892507,0,0
2016-02-08 23:00:00,0.0,0.44884837,0.6418489,1.1915654,0.5604806029189978,0.5589588156637796,0.7740030080364931,0.4127576226420784,0.7551458667670317,1.2738392246547288,0,1
2016-03-08 00:00:00,0.0,0.8243513,0.6959217,1.1558864,0.7198665757670768,0.5008696551503063,0.7740825794608278,0.6265205592637578,0.5237916313532558,1.2762053976751329,0,1
2016-03-08 01:00:00,0.0,0.4181291,0.73613364,1.3769823,0.5637762537799134,0.5229401496677517,0.7507330890991132,0.4855493199809968,0.5579364129885139,1.2621634452701889,0,0
2016-03-08 02:00:00,0.0,0.5602284,0.42847082,0.9697908,0.6009029128667915,0.5806917578928946,0.7673089911824175,0.5309528763654702,0.6248151078732553,1.2921425865365084,0,0
2016-03-08 03:00:00,0.0,1.6272702,1.5319732,1.7770123,0.8685425680800314,0.7942045719235542,0.8475894449958826,0.9352271340946225,0.9491974009492293,1.418594058817149,0,0
2016-03-08 04:00:00,0.0,0.857694,1.4559388,2.7473352,1.0150642342829799,0.789420244031447,0.7257957768717803,1.0749251518382723,0.9975501492032235,1.1060166750313216,0,0
2016-03-08 05:00:00,0.0,0.5135865,0.9365509,2.169201,0.9995169525307932,0.8002099326987924,0.6795843741812857,1.0632353146883176,1.0217250164992528,1.031253555497389,0,0
2016-03-08 06:00:00,0.0,0.591805,0.5350274,1.3197005,0.654361856708081,0.7614522123940562,0.6311609337721812,0.631903554640875,0.9153522769727808,0.85589552042512,0,0
2016-03-08 07:00:00,0.0,0.63263214,0.55672854,0.85086626,0.5793412062703845,0.7972027202766824,0.6600714349722172,0.4761817627927461,0.9564887976171966,0.8923996854936113,0,0
2016-03-08 08:00:00,0.0,0.47012258,0.70035994,1.144624,0.564853219591727,0.78218508606126,0.6814384219770774,0.48066575166416414,0.9359128197402158,0.914991871753481,0,0
2016-03-08 09:00:00,0.0,1.7327304,1.5909485,2.12842,0.9451617418186613,0.7997617992633713,0.7969831855934626,1.121861332676444,1.0043016629599766,1.1574857960861553,3,0
2016-03-08 10:00:00,0.0,0.9374695,2.085582,3.408536,1.0467741672955773,0.8130576867829811,0.8012389654072137,1.2715956607893708,1.1185436222677778,1.2374241871192824,1,0
2016-03-08 11:00:00,0.0,1.8284701,1.7283957,3.329872,1.4995566945679406,1.0322049570798337,0.9162074448893132,1.7523220330367657,1.4362090683347801,1.4323915120404727,0,0
2016-03-08 12:00:00,0.0,1.1442899,1.2757219,2.8735907,1.3034097850170185,1.12428576341784,0.9428689879059482,1.172235288581775,1.4908982240390989,1.4195435967528296,1,0
2016-03-08 13:00:00,0.0,0.7975433,1.0636394,1.8751479,1.256767742157347,1.1517709547264623,0.9744868375015723,1.0870514424348714,1.5337700656457027,1.4584350646716517,0,0
2016-03-08 14:00:00,0.0,3.0204313,2.5677223,3.3927314,1.654088026876462,1.5768223607222012,1.1795037233917305,1.923286695529609,2.280321197091959,1.8970271469322382,1,0
2016-03-08 15:00:00,0.0,3.283134,4.919933,6.315126,2.367036178944751,1.835222981980885,1.3174923906221283,3.0639920940817644,2.788339946880512,2.3835737370528376,7,0
2016-03-08 16:00:00,0.0,0.9539937,3.6973593,8.470624,2.41918630997561,1.8379770260664778,1.3255173564247298,3.364314332192794,2.8947833369075013,2.5182090426601245,0,0
2016-03-08 17:00:00,0.0,0.89856815,1.4995067,4.9132066,1.7118986982298567,1.6829933625531595,1.3575991598164971,2.576880384435854,2.885342990012853,2.5465220157382173,0,0
2016-03-08 18:00:00,0.0,0.23789592,0.85878354,2.221478,0.6968192613443138,1.5319277201445327,1.3281067417811863,0.9332188986221412,2.7654850623145646,2.5493487301451854,0,0
2016-03-08 19:00:00,0.0,1.6538813,1.6593196,2.4581995,0.9301150644366368,1.674650687206123,1.4132108209662924,0.9343588821352172,2.933399053214289,2.6409336550115428,4,0
2016-03-08 20:00:00,0.0,1.1314452,1.6686289,3.2595608,1.007740720821075,1.3598197095254658,1.4683210351238338,1.1868864414255016,2.391234659489356,2.661244684975722,0,0
2016-03-08 21:00:00,0.0,1.9369024,0.92922896,2.1071951,1.5740761670645853,1.13544771420445,1.4853353480926674,1.2741998430334098,1.44267888279144,2.6532256961531795,0,2
2016-03-08 22:00:00,0.0,0.85793763,1.6049194,2.3184006,1.3087616747977697,1.1194383696172032,1.4787076978418408,1.0212895640870363,1.2953756498331637,2.6412082675777766,1,0
2016-03-08 23:00:00,0.0,1.1519861,0.7593491,1.9525086,1.315608673732207,1.1616746972766412,1.4223340299149003,1.2476692251122445,1.464210734872201,2.581480858703903,1,1
2016-04-08 00:00:00,0.0,1.7535208,1.3711677,1.7731259,1.2544814901834238,1.4142788286240047,1.4731032743842687,0.9773875405175433,1.6545715824791067,2.700630581369364,0,0
2016-04-08 01:00:00,0.0,0.47808868,1.3658477,2.3073256,1.1278651941103985,1.218313434454084,1.4464820608301037,0.9855813788033878,1.2993923259507176,2.662679266356553,0,0
2016-04-08 02:00:00,0.0,0.39324543,0.25786686,1.3665581,0.8749516223495928,1.0952801480409002,1.2275499287831833,0.8519140472234403,1.246983599685759,2.2937073258699354,0,1
2016-04-08 03:00:00,0.0,2.8282912,2.4896069,2.5852826,1.2332084342244283,1.243844962203926,1.189646338204188,1.494110941099256,1.6600195222916279,2.010962150557848,3,1
2016-04-08 04:00:00,0.0,1.5884914,2.0792923,4.1313376,1.6033426850109922,1.3656039395606954,1.2425211545889492,1.5734732620494747,1.7135650425393578,1.9270889662972377,0,0
2016-04-08 05:00:00,0.0,1.3171909,1.3121058,3.271742,1.9113245264922114,1.3931380744209019,1.2774063858487712,1.5218938293895092,1.6679180713843886,1.921600117956448,0,0
2016-04-08 06:00:00,0.0,0.68934345,1.5531332,2.5910814,1.1983419476238162,1.2157751909241223,1.3150270097740635,1.311880515874799,1.521552765197994,1.9420463762812625,0,0
2016-04-08 07:00:00,0.0,0.26921484,0.70814776,2.2163088,0.7585830777300213,1.1809628813705066,1.1996381579122952,0.98908600766059,1.5331195156535145,1.791450303093381,0,0
2016-04-08 08:00:00,0.0,0.7354292,0.7093524,1.3966045,0.5646624866802987,1.2379935065862548,1.1666368273135774,0.7284045770068722,1.5165793566496082,1.7452720027381725,0,0
2016-04-08 09:00:00,0.0,0.7930009,0.71497244,1.1625999,0.5992149494540446,0.8987784485389304,1.0713117053714283,0.5764983059455995,1.087922495314428,1.5257377130103342,0,0
2016-04-08 10:00:00,0.0,1.7977592,1.9199147,2.1849985,1.1087296691671291,0.9336563734485751,1.1496301565046352,1.2729941897543708,1.1835785233678466,1.754999895930383,2,0
2016-04-08 11:00:00,0.0,3.4086084,1.7643455,2.9383748,1.9997893720107762,1.2822259293455374,1.3376820018832196,1.973132469847881,1.6997161355104358,2.107852131971229,4,0
2016-04-08 12:00:00,0.0,1.2106848,3.62444,5.1342144,2.139017387937286,1.3691161686956654,1.292445679809894,2.142496293039227,1.985494441860523,1.9741265807694097,1,0
2016-04-08 13:00:00,0.0,0.8729929,1.4183265,4.913205,1.8307620039540353,1.4697458365605824,1.3253543589655445,2.323389452087579,2.074871387649105,2.0587054243330627,1,0
2016-04-08 14:00:00,0.0,0.93889505,1.374999,2.7603521,1.0075242700340754,1.5036568210224261,1.3708251638043405,0.9173526947139229,2.0865398570899463,2.097588591825736,0,0
2016-04-08 15:00:00,0.0,1.2757412,1.506921,2.8067558,1.0292097430956202,1.5841135655164533,1.2414460070276918,1.2495860168441566,2.1372396064329733,1.9357160068182342,0,0
2016-04-08 16:00:00,0.0,0.30828488,1.163573,2.3402739,0.8409737381291558,1.3358678710415957,1.1347621222450857,0.9400565940286106,2.042391452573846,1.8595902095548793,0,0
2016-04-08 17:00:00,0.0,0.55895364,0.35762864,1.4331573,0.7143265997322934,0.860925434883184,1.0715756821143607,0.8063368834322017,1.1454961940208994,1.8145086295854949,0,0
2016-04-08 18:00:00,0.0,1.1977082,1.180496,1.4194661,0.6883155823882188,0.8587626627419196,1.1139394157187923,0.7230167407203268,1.2750552359148644,1.8797576084409997,0,0
2016-04-08 19:00:00,0.0,1.7679157,1.2799671,1.5432413,1.17485925568058,1.0079164969048677,1.2388311667327248,1.1699681366108015,1.3308401185093965,1.979354165891881,0,0
2016-04-08 20:00:00,0.0,2.6760447,2.4963257,3.2710404,1.880556323956442,1.2974414618443677,1.4005491414333968,1.7800275688937899,1.8675750712898243,2.296223870900562,3,0
2016-04-08 21:00:00,0.0,0.31514966,2.4405227,4.510181,1.5863701364076606,1.1373428593979396,1.3607282124571964,1.7674049604406477,1.5959045668004341,2.2943260964700203,0,0
2016-04-08 22:00:00,0.0,0.64531,0.5931222,2.7994533,1.2121681667142903,1.1935137111974352,1.2646907911195158,1.6411007513263056,1.731254622906616,2.2380172252030888,0,0
2016-04-08 23:00:00,0.0,0.53762996,0.3420538,0.914073,0.49936320132593925,1.1899597626411906,1.0254425987621874,0.3656857220182255,1.6485308852396507,1.7654140681652164,0,0
2016-05-08 00:00:00,0.0,0.42040664,0.31522048,0.38793093,0.5344488536731461,1.0604094950404035,0.9595860788911617,0.31354211277696664,1.530301564562318,1.6852722170034367,0,1
2016-05-08 01:00:00,0.0,0.4292688,0.55818737,0.63080657,0.46243514536402563,0.837301656039158,0.922609076472013,0.4192646929551285,1.3041502613606897,1.6099793645122153,0,0
2016-05-08 02:00:00,0.0,0.93395394,1.105037,1.5717533,0.5945431485881779,0.5469531749570588,0.9221973184007131,0.7048997862475734,0.6590829926879399,1.5673888075592537,0,0
2016-05-08 03:00:00,0.0,0.736495,1.224513,2.2194066,0.6999059592070448,0.6171774064400957,0.8772601329190174,0.8855524727811604,0.792357535648957,1.442951246176402,0,0
2016-05-08 04:00:00,0.0,1.5827386,1.527161,2.66399,1.0843958967276943,0.7734155210458598,0.9834646161216475,1.2203404703636886,1.1236671632927249,1.5016622736569387,0,0
2016-05-08 05:00:00,0.0,0.53108025,1.4550415,2.7718976,0.9501046569906647,0.7723239027894214,0.9811418327153065,1.0112357568917731,1.0816632673180202,1.4503423057652385,0,0
2016-05-08 06:00:00,0.0,4.4121547,4.283402,5.340037,2.1753245631152818,1.4376152611611632,1.2490123781007831,3.085311487515864,2.5327875745134505,2.4286979677073433,5,0
2016-05-08 07:00:00,0.0,1.2496828,3.3935294,7.599938,2.0643059326857625,1.574350914706728,1.2058262853729431,2.3789937576769726,2.4899528663537307,2.294603863759372,0,0
2016-05-08 08:00:00,0.0,0.70917606,0.8015115,3.1301558,2.123671218423158,1.536887937706912,1.0419205563319849,2.2101478393658662,2.3381918441908915,1.9666757790741685,0,0
2016-05-08 09:00:00,0.0,0.5669116,0.74826854,1.0262899,0.8419234784108316,1.508624020763057,1.0629007136015765,0.7752714335659964,2.2782398323884303,1.9753474201569319,0,0
2016-05-08 10:00:00,0.0,0.5564194,0.3683119,0.8797862,0.6108356809513784,1.3375708068185705,1.055493163932215,0.5412278341182315,1.9293750073481175,1.944910300742736,0,0
2016-05-08 11:00:00,0.0,0.86745965,0.53751606,0.7552844,0.6635968682720315,1.3936340433475947,1.082978973068508,0.39233274699721304,2.0360423469557825,1.9629408008151803,0,0
2016-05-08 12:00:00,0.0,0.42028606,0.90730745,1.2986443,0.6147217022601601,0.7283225903354958,1.0829689257483297,0.5558271970894009,0.8520912502776572,1.964253055923921,0,0
2016-05-08 13:00:00,0.0,0.7169624,0.7049322,1.5386094,0.6682360461269381,0.6395358635391584,1.1069433891229434,0.6388762858260721,0.6658382841292011,1.9689632547372313,0,0
2016-05-08 14:00:00,0.0,1.2753125,1.4018172,1.8821985,0.8041869932139254,0.7338919307429784,1.135389934224945,0.9732759246215672,0.8568478116284275,1.9678965862963593,0,0
2016-05-08 15:00:00,0.0,0.9632547,1.4413363,2.5684552,0.9851765355979439,0.799949118929052,1.1542865698460543,1.1016876351550005,0.9953590648157249,1.984332350200082,1,0
2016-05-08 16:00:00,0.0,1.2255241,1.0702795,2.182338,1.1546970627367485,0.9114665544318432,1.1245186806252068,1.2257825772353073,1.1945383931114641,1.9016690957981173,0,0
2016-05-08 17:00:00,0.0,2.3628974,2.5999615,3.3315704,1.5172253908649325,1.1607061920394288,1.2771701176935115,1.6372317797266667,1.711628587086116,1.9815851582964474,0,0
2016-05-08 18:00:00,0.0,3.9793274,1.729929,1.4216492,2.522582966204248,1.753879750901096,1.2411011706182962,2.0786487556820528,2.313260368246438,1.8636706195421842,5,0
2016-05-08 19:00:00,0.0,0.9255812,3.403624,5.06072,2.4226020832131834,1.7886495729749654,1.214092718257062,1.7665123511431189,2.2839277682272394,1.8922577233447446,0,1
2016-05-08 20:00:00,0.0,1.0425093,0.60974216,3.8676016,1.9824726800204169,1.749849035442675,1.2418704830928264,2.1532295768093204,1.9891071480580258,1.9245619565148893,0,1
2016-05-08 21:00:00,0.0,0.8042911,0.6551948,0.8308703,0.9241272613035902,1.7233551137539191,1.2616521163414853,0.591924662358844,1.9427527807589817,1.9419329617480412,0,1
2016-05-08 22:00:00,0.0,1.1999371,0.6852742,0.9509319,1.0155791988562257,1.7190906410347049,1.315278597733274,0.6227494128575379,1.9504815468531898,1.985211600169991,1,2
2016-05-08 23:00:00,0.0,2.3796828,1.6855868,1.7328736,1.4613036704172642,1.7218881752188395,1.4412971836291342,1.132994883107404,2.40306129707672,2.250893688362706,2,3
2016-06-08 00:00:00,0.0,0.8640491,1.8512799,3.2769935,1.4812229747928591,1.2026751180482247,1.47827743447466,1.1839875960403254,1.1945369776269694,2.261386440155137,1,1
2016-06-08 01:00:00,0.0,0.65467864,0.2929165,1.8193338,1.2994701428826034,1.157524670869415,1.4730871219221906,1.1345996365327766,1.0835229567973987,2.2524257336040017,0,1
2016-06-08 02:00:00,0.0,0.9566574,1.042641,1.0714321,0.8251283783690951,1.1432160243931797,1.4465325299179275,0.6926795127582871,1.1793513793002168,2.093861609122648,0,0
2016-06-08 03:00:00,0.0,1.4371221,1.3024262,2.157666,1.016152755054301,1.2486878649235802,1.4860214893387493,1.0175058851127756,1.457890652542681,2.1722458550241424,0,0
2016-06-08 04:00:00,0.0,0.8029952,1.1609263,2.1562989,1.0655915948199504,1.1825308688512766,1.4508107549429903,0.919544694374573,1.4419297858489537,2.129194213289235,0,0
2016-06-08 05:00:00,0.0,0.6956599,0.655818,1.4919212,0.9785924169480131,0.9018603976585541,1.3118742864386974,0.79241622957311,0.9317352891594549,2.0706794541244213,0,0
2016-06-08 06:00:00,0.0,2.1361773,1.5897664,1.8771205,1.2116107352149894,1.113881745134645,1.1582784315914347,1.1497784937924571,1.284295569089892,1.5190168052792339,0,0
2016-06-08 07:00:00,0.0,2.295247,2.0349686,2.6200688,1.7090281080040455,1.3873098514119977,1.2724172611407063,1.534707911796089,1.589055433572514,1.7382276658163491,2,0
2016-06-08 08:00:00,0.0,1.1657357,2.751841,4.150108,1.8657200627670432,1.422156239857528,1.2826861321253542,1.8391616138841578,1.6301883899415333,1.7565925497158077,1,0
2016-06-08 09:00:00,0.0,0.47617358,1.0264881,3.6196892,1.3123855497755599,1.2619981424952744,1.2553430037094273,1.6450811206246878,1.5350167565367734,1.7581418744096011,0,0
2016-06-08 10:00:00,0.0,1.0240749,0.89800805,1.7076404,0.8886614688906196,1.2988447884473324,1.2406878286493046,0.9350954536569129,1.604062603473125,1.7689124791556132,0,0
2016-06-08 11:00:00,0.0,1.1919037,1.2480808,1.8255113,0.8973841015859206,1.381552082176482,1.1417062399175182,0.8942828008100975,1.6598218648036358,1.484563625036136,0,0
2016-06-08 12:00:00,0.0,1.0613941,0.7914981,1.5275439,1.0924575889529682,1.202421569364264,1.158151657249455,0.9280444441357195,1.5405316655741188,1.5132668903158386,0,0
2016-06-08 13:00:00,0.0,0.27283612,1.0213039,1.5233697,0.8420446083578418,0.8653530386242307,1.126331445018114,0.7754294025698638,0.919642852549515,1.5014368691662785,0,0
2016-06-08 14:00:00,0.0,1.2904919,1.2276062,2.0783315,0.8749073807551939,0.886145741170557,1.1541509905140428,1.2008526530006443,1.2455292326508975,1.6059079331938815,0,0
2016-06-08 15:00:00,0.0,0.4851411,1.333965,2.4516056,0.6828230463471237,0.8876403176500459,1.07481923007266,0.8220734899840687,1.2552418074431957,1.5444040035187756,0,0
2016-06-08 16:00:00,0.0,1.1476691,1.0876362,2.3770068,0.9744340202691261,0.908239314313484,1.1035420513804082,1.0926927413948149,1.2320013187379764,1.53667693154448,0,0
2016-06-08 17:00:00,0.0,1.1990519,1.5470093,2.4119253,0.9439539963554575,0.9094306885553256,1.1454913853659041,1.000437317211388,1.279081429475406,1.5886324796624298,1,0
2016-06-08 18:00:00,0.0,0.768926,0.7509591,2.1071515,1.0385489429666683,0.8606859946568961,1.0315537820105798,0.9676679191355392,1.166892082391156,1.4911858478195503,0,0
2016-06-08 19:00:00,0.0,0.3514704,0.65957445,0.8467741,0.7731494062556254,0.8737917132623755,0.869572375943303,0.6268316691266302,1.1660980468259228,1.1648194273119814,0,0
2016-06-08 20:00:00,0.0,0.57488054,0.6316414,1.1065986,0.5650922806088664,0.754523138482162,0.8203344398263597,0.5758102436560834,0.8723888704445604,1.1514480566594207,0,0
2016-06-08 21:00:00,0.0,0.42099652,0.5459306,0.99982524,0.4491158022707211,0.7438323726186947,0.8157363451343702,0.4393997069670865,0.8833848255151188,1.1600571693645976,0,0
2016-06-08 22:00:00,0.0,0.47111183,0.40095067,0.7810351,0.4889962921053185,0.6310728491804722,0.7696560817469775,0.43806220207456886,0.7378014643841349,1.114051544422523,0,0
2016-06-08 23:00:00,0.0,0.5486325,0.44094655,0.7797786,0.4802469682202968,0.5226696244145816,0.7160501564849537,0.3750908277031504,0.5884313179209137,1.080966526578479,0,0
2016-07-08 00:00:00,0.0,0.42817268,0.27869406,0.6001148,0.48263903150968096,0.465877416890201,0.6632817057735483,0.327738816387828,0.4784010742172772,0.9870029419844696,0,0
2016-07-08 01:00:00,0.0,0.52057165,0.4412394,0.51990396,0.4991256122651863,0.49406095218525214,0.683926332723814,0.3346222309717369,0.5087028379060772,0.9906611023465921,0,0
2016-07-08 02:00:00,0.0,0.2911739,0.3391583,0.73217607,0.41330607135157427,0.4467765197859354,0.6006498291340489,0.2970532943460061,0.40160517540475266,0.7522590515240122,0,0
2016-07-08 03:00:00,0.0,1.3812249,1.3152831,1.5378833,0.730990142414439,0.6068145869620603,0.6753234797903773,0.8773735966960818,0.7638234850246002,0.9091460670483803,0,0
2016-07-08 04:00:00,0.0,1.0217589,0.8830421,1.8831699,0.898052542759897,0.6985890775125416,0.6648309633465068,0.8339945480618369,0.843164081444171,0.9323778695615678,0,0
2016-07-08 05:00:00,0.0,0.47501257,1.1632777,1.8161075,0.959332101103893,0.6863190862277336,0.6044943553211575,0.8783876812778576,0.8807585358255747,0.8771731280705428,0,0
2016-07-08 06:00:00,0.0,1.2991008,1.3791081,2.2926638,0.9319573766759472,0.8314737595451935,0.6486755882176972,0.9743923934524183,1.0484458604006759,0.9761205724419568,0,0
2016-07-08 07:00:00,0.0,4.738466,5.187984,6.329445,2.1708598288752285,1.534456185817563,1.0142585690014074,3.225063796467991,2.662422040348321,2.1113882905855346,5,0
2016-07-08 08:00:00,0.0,0.76147056,5.044068,10.1216,2.2663458146276443,1.6128389578657691,1.0298077388258522,3.328300895211555,2.7378613096895807,2.144149391427629,0,0
2016-07-08 09:00:00,0.0,0.48162767,0.8323242,5.7448297,1.9938547992122873,1.4629060879441171,1.0348603374530891,3.0332485992116256,2.677777169671819,2.144115184943459,0,0
2016-07-08 10:00:00,0.0,0.91605324,0.60049635,1.1035979,0.7197171623684112,1.4452884956218202,1.0719387865671808,0.6617192542188212,2.578357607575359,2.1751060458152893,1,0
2016-07-08 11:00:00,0.0,0.90133196,1.4137603,1.9195298,0.7663376654777809,1.5163417400527128,1.1013304131402228,0.8195758478720354,2.743754026447004,2.262258290726076,0,0
2016-07-08 12:00:00,0.0,0.2999013,0.89020973,2.1978526,0.7057622098223072,1.349808504517297,1.0906411320312455,0.8768383272212262,2.516667891284214,2.2431969634890803,0,0
2016-07-08 13:00:00,0.0,0.4108657,0.34860718,1.1200435,0.5373663454646769,0.6285417539165438,1.0814989698670536,0.5920215973784072,0.8068613431168951,2.2141759462734694,0,0
2016-07-08 14:00:00,0.0,2.0106857,1.8369545,1.9095542,0.9071509017825335,0.8367442836301575,1.2247916207479628,1.1335355232262843,1.2653551553237314,2.45679013003308,0,0
2016-07-08 15:00:00,0.0,0.37984845,1.8607541,3.6018968,0.93379994855102,0.8197810791866633,1.1413435835653905,1.123262614359976,1.2557221465304935,2.419487069692184,0,0
2016-07-08 16:00:00,0.0,0.322666,0.38696906,1.9839499,0.9044000418977153,0.7208831936811961,1.0830858446515081,1.178164517456056,1.1062910120941696,2.364184418765758,0,0
2016-07-08 17:00:00,0.0,0.60436106,0.6531222,0.91282105,0.43562514599528923,0.6713880238889114,1.093864881970812,0.49152781694146125,1.0230402714460305,2.3647156168697245,0,0
2016-07-08 18:00:00,0.0,0.58401895,0.7036075,1.2212746,0.5036820136288782,0.718740981089949,1.0342747428036232,0.4816727645208455,1.0917782070714874,2.2617369041040796,0,0
2016-07-08 19:00:00,0.0,0.6021745,0.3514277,0.9379134,0.5968515260588801,0.7506257839782976,0.6895837689474209,0.47410686113460726,1.098913535365767,1.0944442532525203,0,0
2016-07-08 20:00:00,0.0,0.9253664,0.5419729,0.66843915,0.7038533019133851,0.5697392239543371,0.7032417537922472,0.42233704284682866,0.5734966052233547,1.1043124550672383,0,0
2016-07-08 21:00:00,0.0,0.59373677,0.68720883,1.0955774,0.7070925531354341,0.6053872833821562,0.7125841812844098,0.4683445332917875,0.5554117085574665,1.115218656413202,1,0
2016-07-08 22:00:00,0.0,2.5265648,2.422207,3.0039995,1.3485559918624104,0.9727037589606451,0.8467934763209207,1.5405010148725102,1.2441137614432694,1.4531032472837455,3,0
2016-07-08 23:00:00,0.0,0.6412434,2.1845033,4.405799,1.2538483478954512,0.9788508249044181,0.8251194243966645,1.4437671954869786,1.195262417623861,1.4348546582141448,0,0
2016-08-08 00:00:00,0.0,0.49130258,0.30488124,2.274767,1.2197036282922944,0.9633980907138643,0.8410695359019066,1.353707582164929,1.1832227263982227,1.4295781360354403,0,0
2016-08-08 01:00:00,0.0,0.7687568,0.7576988,0.94806725,0.6337676082991752,0.9911618000807928,0.8708937920295452,0.5110084135988892,1.2783947723969686,1.4386121950142219,0,0
2016-08-08 02:00:00,0.0,0.44315302,0.46860096,1.0539403,0.5677374632427398,0.910792905569095,0.7402660647617163,0.4837000035875144,1.2342112167599404,1.0354911941537415,0,0
2016-08-08 03:00:00,0.0,1.2597121,0.9471783,1.3587819,0.8238739408345084,1.021788784563401,0.8135880339727787,0.6923549607892137,1.299043992387051,1.086679639775011,0,0
2016-08-08 04:00:00,0.0,0.517197,1.2551063,2.171758,0.740020689812534,0.6868941490558548,0.8297989540082502,0.7356988532937178,0.755305402705307,1.112291799345855,0,0
2016-08-08 05:00:00,0.0,0.8247021,0.48520216,1.5104142,0.8672037545690986,0.7174706089059193,0.8481607169051686,0.8857700553460578,0.8164854721749809,1.1531870411216358,0,0
2016-08-08 06:00:00,0.0,0.5841491,0.93168825,1.2392344,0.6420160924164441,0.7329450166254761,0.8481715536696705,0.5754753087445855,0.8207066565108591,1.150600074812658,0,0
2016-08-08 07:00:00,0.0,1.0823073,0.74961674,1.1781464,0.8303861666723408,0.7852034282424377,0.8881826141616153,0.7942989908917603,0.9059317788005997,1.2095734985729383,0,0
2016-08-08 08:00:00,0.0,0.6837747,0.6025781,1.2289691,0.7834103335219381,0.8253070440455188,0.8680499748073068,0.49052344227514255,0.8933678976754833,1.202223461543329,0,0
2016-08-08 09:00:00,0.0,2.1252294,1.6112725,1.9209391,1.2971037342354161,0.9695599133259301,0.9956743489446653,1.172198119509882,1.127109068067971,1.5241940839009178,2,0
2016-08-08 10:00:00,0.0,0.38850865,1.9658355,3.4674208,1.065837527019164,0.9481118468457526,0.8175029979508036,1.1556293224973233,1.1492448013447314,1.113572677248759,0,0
2016-08-08 11:00:00,0.0,0.6759334,0.55520624,2.3332334,1.063223778150053,0.9233170558359955,0.8203938323709576,1.3448601592572023,1.188918544876236,1.1362168865722737,0,1
2016-08-08 12:00:00,0.0,0.39462036,0.50034666,1.0274302,0.4863541494033395,0.8917289418193776,0.8123369792224272,0.34073365942957473,1.141539837633105,1.1239332225560381,0,1
2016-08-08 13:00:00,0.0,0.35658893,0.17820065,0.53882164,0.47571426279648943,0.7707758949078268,0.7779896615751323,0.3421996332720176,1.0233726456725725,1.0851476711194616,0,0
2016-08-08 14:00:00,0.0,0.41559094,0.25879657,0.39884755,0.3889334355725475,0.7260786068613002,0.7756928254534093,0.17639912853254458,1.0110987357308854,1.0916278096133056,0,0
2016-08-08 15:00:00,0.0,0.9513399,0.858999,1.0055293,0.5745066191896816,0.5304303842965105,0.74999514881122,0.5181284175711808,0.4967243422901514,1.0781751796849157,0,0
2016-08-08 16:00:00,0.0,0.51595813,0.8489355,1.5775132,0.6276296662362317,0.5516719645163606,0.7498919056810569,0.5975199725856354,0.5420615678571358,1.0866198529364803,0,0
2016-08-08 17:00:00,0.0,0.9955178,0.93671525,1.6182922,0.8209386110765489,0.6049360233245482,0.764126539580272,0.8011498073280775,0.6648064682906593,1.0749335584996473,0,0
2016-08-08 18:00:00,0.0,2.296113,2.400605,3.1115496,1.2691963275567746,0.9218514733732279,0.9067902075963024,1.58569567520345,1.3858737821476632,1.288648987658994,3,0
2016-08-08 19:00:00,0.0,2.01158,0.98027587,2.9391327,1.7677368888155052,1.1976832775258688,0.9842295862168478,1.5708257772897143,1.6212944776594929,1.3916088021116053,3,0
2016-08-08 20:00:00,0.0,0.36308762,1.7383906,1.8116574,1.556926846528741,1.1889327288026452,0.9575056678319727,1.3168990469901514,1.594220054411439,1.3959254219167554,0,0
2016-08-08 21:00:00,0.0,0.4275884,0.21311568,1.8619609,0.9340852897134428,1.1016408086351084,0.8160355964658094,1.064471919058584,1.4470782581281985,1.3016605513544315,0,0
2016-08-08 22:00:00,0.0,0.2999508,0.33399147,0.5270697,0.36354230541984395,1.0656395971176744,0.8086557808170175,0.21950745108497471,1.3615346208613304,1.296792842930077,0,0
2016-08-08 23:00:00,0.0,0.29684272,0.30958956,0.52973616,0.34146066347416626,0.949193755001454,0.7770648891630011,0.29477654387070523,1.1950752272853336,1.2546586345547115,0,0
2016-09-08 00:00:00,0.0,1.1432654,1.0690018,1.3126323,0.5800196320003386,0.7570524608568904,0.8394519671150594,0.6914933609220925,1.2043963685258492,1.4349367982743741,0,0
2016-09-08 01:00:00,0.0,0.4683716,1.1804804,2.0685642,0.6361598770768174,0.49985109124833077,0.8487671843870995,0.7579079344636721,0.6734293942492815,1.4682061908519561,1,0
2016-09-08 02:00:00,0.0,2.7716358,2.484476,3.3755102,1.4610909054078034,0.9012757844409848,1.045104256621815,1.9406444881669889,1.5173080202365221,1.9327285750135066,5,0
2016-09-08 03:00:00,0.0,2.0427291,4.1215005,6.4116864,1.7609121345287364,1.1704658832645376,1.1360533459498228,2.4218399843788316,2.1017663048727884,2.2015149192005485,3,0
2016-09-08 04:00:00,0.0,1.4547527,2.1048028,5.8214245,2.0897058266613904,1.362932851869104,1.2142862244933892,2.7749553685934054,2.223833655223727,2.277843107781768,0,0
2016-09-08 05:00:00,0.0,0.88995683,1.5416638,3.2961986,1.4624794932955612,1.4617851993516822,1.205489477176568,1.594572790336351,2.329958606424541,2.196677141825313,0,0
2016-09-08 06:00:00,0.0,0.77675706,0.82319075,2.20468,1.040488850083015,1.4007004923058752,1.078876476581383,1.116113401238955,2.3209042487189655,2.1016135699195773,1,0
2016-09-08 07:00:00,0.0,0.30664882,0.5984226,1.1205717,0.6577875755510392,1.3737467011062152,0.9367988961772725,0.5993644162740536,2.320341453045594,1.8294562449605671,0,0
2016-09-08 08:00:00,0.0,0.2851384,0.22293568,0.64749914,0.4561814352105443,0.9593304642530529,0.9303031243470187,0.4083752455606169,1.3819225964933501,1.827337374714227,0,0
2016-09-08 09:00:00,0.0,0.6312048,0.57772887,0.74271405,0.4076640212594613,0.7240764356712379,0.9472711594678876,0.38438725670134843,0.9078339649630767,1.8322171036873842,0,0
2016-09-08 10:00:00,0.0,0.6151317,0.66515726,1.1839001,0.5104916375796533,0.5841396065653462,0.9735362292172252,0.4789373494861287,0.6735670066883266,1.835267342629455,0,0
2016-09-08 11:00:00,0.0,0.85905635,0.95193803,1.605234,0.7017976107404527,0.5789895229754983,1.02038736116359,0.6357035317818014,0.6794059817727056,1.8948442507133816,0,0
2016-09-08 12:00:00,0.0,1.8870933,1.2445416,1.9719566,1.1204270410366635,0.7640455311480622,1.0823730117269685,1.1633991777182746,0.9270881029429586,2.007725036058649,0,0
2016-09-08 13:00:00,0.0,0.399053,1.636297,2.7195451,1.0484008205451347,0.7794462290623939,1.0765964650843045,0.9584877735211361,0.9128300546211984,2.0020848287725155,0,0
2016-09-08 14:00:00,0.0,0.414123,0.28755906,1.7614186,0.9000897304264079,0.80094367058343,0.8801370674182414,0.9913077832160071,0.8964106811400984,1.3503253624164362,0,0
2016-09-08 15:00:00,0.0,0.92121184,0.8752369,1.0268921,0.5781292966026509,0.8492781688196572,0.7866773022454476,0.5542233601156024,1.078127204320397,1.0970456743436166,0,0
2016-09-08 16:00:00,0.0,1.9706582,2.088665,2.640543,1.101997620965654,1.0751992207553942,0.8296694136603704,1.3024653730878455,1.3401460788659578,1.2063109129910308,6,0
2016-09-08 17:00:00,0.0,1.1979275,1.0853099,3.0179422,1.3632657105607207,1.1316777204935642,0.8553336217345315,1.2039408331897052,1.412523034147406,1.1863164272024362,0,0
2016-09-08 18:00:00,0.0,1.5094028,2.142687,1.7356901,1.5593293389783447,1.0687293177904975,0.9163874244692801,1.6317996445063025,1.4744998952357506,1.3853497924571152,0,0
2016-09-08 19:00:00,0.0,0.34866276,1.408997,3.4397733,1.0186642754486936,1.0603309482071737,0.9198885886347837,1.3260238209287392,1.5086393718924962,1.4087200957344828,0,0
2016-09-08 20:00:00,0.0,0.3818263,0.4683165,1.6909341,0.7466306025485244,1.0549481565546222,0.927945913569026,0.9596495444924404,1.485388640613641,1.4109984158121218,0,0
2016-09-08 21:00:00,0.0,0.5994304,0.70371807,1.0565388,0.44330648953505863,1.0013179142567017,0.9252980415381794,0.521015113037588,1.424483952710437,1.4515104276181516,0,0
2016-09-08 22:00:00,0.0,2.387642,2.5129402,2.9948425,1.1229662284329456,1.0708152519408194,1.0730072363481071,1.48301203012779,1.6341366674900661,1.7083588586958374,8,0
2016-09-08 23:00:00,0.0,0.7457009,1.9216033,4.1384745,1.2442577727500228,0.9954441876492738,1.0635609540714188,1.473929785777995,1.6507574544883263,1.77144146657151,0,0
2016-10-08 00:00:00,0.0,0.6891771,0.3115656,1.8256567,1.2741733413172898,0.8587399154261743,0.963734616608336,1.2056018101158827,1.2360542626872941,1.6036131794604087,0,0
2016-10-08 01:00:00,0.0,1.5496131,1.0214176,1.1383895,0.9948303952423462,1.0588983118376458,1.05961463002241,0.683262622978428,1.4319297423463013,1.7488906505410549,0,0
2016-10-08 02:00:00,0.0,0.6969078,1.656459,2.5507858,0.9785660330308018,1.1114119028904126,1.0831800297225174,0.9610204252436472,1.4919371714023164,1.746295686370736,0,0
2016-10-08 03:00:00,0.0,0.65056705,0.86874044,2.4618125,0.9656960258015955,1.1199346835594428,1.060626298908072,1.1537531850160057,1.4903210350559866,1.6721689547554106,0,0
2016-10-08 04:00:00,0.0,0.42198873,0.48864785,1.2278761,0.5898212118638022,0.7923258035530744,0.9315705277469469,0.5581107205798757,0.8766085291391995,1.5068680074160101,0,0
2016-10-08 05:00:00,0.0,0.4380651,0.36578,0.6874314,0.5035403029060284,0.7410531679684148,0.8682486778088442,0.38827687645684517,0.9052613598885245,1.4622823034214223,0,0
2016-10-08 06:00:00,0.0,0.25386608,0.40332052,0.5751077,0.3713066361000838,0.6685013309508396,0.763620623188507,0.30649555502884035,0.908799468434121,1.2304083356967572,0,0
2016-10-08 07:00:00,0.0,0.8101269,0.7585424,1.0314794,0.5006860300419256,0.5452536209528639,0.802075966395255,0.587064801250463,0.6508578999462921,1.3177977705188115,0,0
2016-10-08 08:00:00,0.0,0.5924874,1.2005076,1.8525217,0.5521601257201898,0.5278502143131089,0.8196310586017604,0.7136942586359633,0.6949989988100742,1.3731325912219483,0,0
2016-10-08 09:00:00,0.0,1.6906532,1.8396553,2.8393228,1.0310892241542233,0.7011979301271535,0.910566306843298,1.4880197607960854,1.1687837202871187,1.6485242021704143,0,0
2016-10-08 10:00:00,0.0,1.309121,2.3392801,3.8413208,1.1974205705303824,0.8490533002861539,0.8206895519196142,1.62026059681528,1.4970971916937805,1.4427243948552921,4,0
2016-10-08 11:00:00,0.0,0.8290343,1.1924012,3.4849157,1.2762695392314174,0.9142148324758038,0.8276340002221095,1.4842485058418313,1.5409917544121763,1.4423495281360807,0,0
2016-10-08 12:00:00,0.0,0.41081044,0.7455368,1.303683,0.8496552249324403,0.9403722245433314,0.8044367777470857,0.8448466786462886,1.5483732557162055,1.4304892576730075,0,0
2016-10-08 13:00:00,0.0,2.0192904,1.7790977,2.3002756,1.0863784556738665,1.1418995131021246,0.8435765670274941,1.189578731069059,1.7299168501206932,1.4907956754936529,0,0
2016-10-08 14:00:00,0.0,3.2763977,2.8927133,2.8775234,1.9021661533748953,1.5892178463031563,1.0585340303081325,2.025058162087081,2.3930028226609177,2.0297250100481112,5,0
2016-10-08 15:00:00,0.0,1.614183,2.2789237,4.864184,2.3032903388908985,1.5764727819116702,1.1388353560194115,1.8430035249893841,1.948904513288937,2.094875791739959,1,4
2016-10-08 16:00:00,0.0,1.0200083,1.3770733,2.2684965,1.9701962363839651,1.528287346028916,1.1886703231575348,1.834537253698116,1.8613167565427344,2.133553740418576,1,1
2016-10-08 17:00:00,0.0,2.5677845,1.878221,2.7188501,1.7339919176456464,1.8180790355102707,1.366146933993037,1.7008906342290002,2.3554544874291032,2.4380291472302216,4,1
2016-10-08 18:00:00,0.0,1.7128953,2.9508896,4.4086366,1.766896008302696,2.035093173596797,1.4877326990700648,1.8299378207953474,2.715447452690656,2.561774527998154,2,0
2016-10-08 19:00:00,0.0,1.3822411,1.9528145,4.6422377,1.8876403145373177,1.928918275460641,1.5354088942813833,2.080707960046409,2.6619810762314464,2.562641012012566,0,0
2016-10-08 20:00:00,0.0,0.6635186,1.3821328,2.803718,1.2528850365347777,1.493438477090212,1.5413281616966836,1.3713067589263128,1.9693856173948903,2.5396323321804544,0,0
2016-10-08 21:00:00,0.0,0.88161737,0.58438694,1.8925176,0.9757924077368719,1.371344208019784,1.4739084949657266,0.8398527042479884,1.6832904376609332,2.334397180291266,0,1
2016-10-08 22:00:00,0.0,1.1134871,0.7871233,0.80712277,0.8862076666044897,1.3869239905709043,1.4576056682999097,0.6565904389401779,1.7756399279937418,2.255020136177599,0,1
2016-10-08 23:00:00,0.0,0.88174,0.756592,1.1265072,0.9589481284793533,1.1059165825070658,1.4619978090086683,0.6349340444345988,1.2488166496446902,2.2325418077504935,0,1
2016-11-08 00:00:00,0.0,1.0263144,0.22383185,0.6226877,1.0071804516019085,0.9914864296693897,1.5132898016330933,0.514759697721725,0.8541346795502817,2.256340761875293,1,2
2016-11-08 01:00:00,0.0,1.2402977,0.41044745,0.4389355,1.0494506648109592,0.9678291657077247,1.4483737205841827,0.2989229903215452,0.7442527491317243,2.2394436655457945,1,3
2016-11-08 02:00:00,0.0,0.7610439,0.8722897,1.2245516,1.0092186338009816,0.9840833811401672,1.2387609291151898,0.5518219478717888,0.6395373169579932,1.7060357264024582,0,0
2016-11-08 03:00:00,0.0,0.2819478,0.6999648,0.97836065,0.7610964530366371,0.8841384523192725,1.1277413301695283,0.7260668005034273,0.6647295035125474,1.509220068284098,0,0
2016-11-08 04:00:00,0.0,1.720173,1.5229161,2.0668178,0.921054937934389,0.9852528013726741,1.186088395971789,1.1712226955785845,1.1559217359448173,1.5982119716288432,0,0
2016-11-08 05:00:00,0.0,1.2511102,1.7330475,2.6649082,1.0844103865429189,1.0468145101719502,1.0763655463395079,1.1820575666287272,1.380481583753285,1.4776711181449789,0,0
2016-11-08 06:00:00,0.0,1.0685958,1.5830264,2.962967,1.3466263746691087,1.0538614138528728,1.0226739217611314,1.2610966173297942,1.37689312646645,1.296115428449414,0,0
2016-11-08 07:00:00,0.0,0.8233146,1.1345543,2.5406482,1.0476735042026375,0.9843642210685132,0.976096693388119,1.1748056609350683,1.284735705152215,1.3192211296733145,0,0
2016-11-08 08:00:00,0.0,1.6924715,2.1249158,2.8909316,1.1947939097597606,1.13960214815134,1.0618427646457538,1.5940697897968281,1.5527487784194103,1.5558172802285661,3,0
2016-11-08 09:00:00,0.0,0.3713118,1.7494743,3.8284757,0.9623659287134394,1.1544961516912744,1.0193173020052735,1.3123678290394694,1.5767657836137792,1.5492306061110994,0,0
2016-11-08 10:00:00,0.0,0.6441419,0.44157156,1.8785924,0.9026417240118662,0.9751576141072515,0.980205207739963,1.1962317232020971,1.461381190218921,1.5204527008512567,0,0
2016-11-08 11:00:00,0.0,0.42637935,0.46330962,0.8292065,0.4806110251103196,0.8377024674350404,0.9422584888034952,0.33929459942973245,1.2898821163454919,1.5096717701234805,0,0
2016-11-08 12:00:00,0.0,0.29659587,0.33940277,0.54356915,0.45570571367327006,0.7090358211933548,0.8814486175231141,0.3853844199722046,1.105446930970249,1.4651335730692854,0,0
2016-11-08 13:00:00,0.0,1.0718327,0.7929322,0.9369263,0.5982692765753108,0.7504555002935884,0.8674098606810507,0.5484043152087602,1.1654663927371325,1.391205035810842,0,0
2016-11-08 14:00:00,0.0,3.7719784,3.8701994,4.204019,1.7134689163016477,1.0970399707059837,1.118321059428662,2.307057815193364,1.7681214566547412,1.8787301224291577,3,0
2016-11-08 15:00:00,0.0,1.0128014,3.5428162,6.7415657,1.9522040966961682,1.2039549051847194,1.1792255284379967,2.4291869685861918,1.8702782725817266,1.9488555886650267,0,0
2016-11-08 16:00:00,0.0,0.49024335,1.0124419,4.421662,1.7583410220046596,1.1783051492899854,1.0767313816986182,2.1941835259824383,1.8442533613616936,1.8760686581198927,0,0
2016-11-08 17:00:00,0.0,1.6889359,1.7913597,2.628447,1.063993596017127,1.388731256159387,1.1132168617972138,1.434700891712778,2.186089355877629,2.0524388087944185,3,0
2016-11-08 18:00:00,0.0,0.25416157,1.5523391,3.161399,0.811113661636615,1.381658879166392,1.0453473501798731,1.0753674737463224,2.1980055861078576,2.018268761285736,0,0
2016-11-08 19:00:00,0.0,0.5142329,0.46111932,1.8993,0.8191101563590294,1.2887255891818445,1.019590544737717,1.0241619971810183,2.2712818855349575,2.012837092742433,0,0
2016-11-08 20:00:00,0.0,1.0708935,0.9200908,0.98603165,0.6130960151178526,0.8385448055674899,0.9677923881367366,0.6453399906306555,1.3670542461355029,1.8566378577288425,0,0
2016-11-08 21:00:00,0.0,0.20941022,0.98951745,1.847457,0.5981788874367818,0.7046462745366987,0.9543005898607088,0.6395494560437742,1.16266950125271,1.8596485167839016,0,0
2016-11-08 22:00:00,0.0,0.45028144,0.3558393,1.2358688,0.5768617524686482,0.6979859544138388,0.9381455518519121,0.7083204239460649,1.1084192702679005,1.8416643010694058,0,0
2016-11-08 23:00:00,0.0,0.4552815,0.35669568,0.6100001,0.3716577211212644,0.49237686811955855,0.940554062139473,0.28521186693381256,0.6032887460475589,1.8521096148835061,0,0
2016-12-08 00:00:00,0.0,3.1249216,3.0052474,2.998817,1.3434948701899287,0.9708368788133553,1.176247878989874,1.8521631016707518,1.66715191502907,2.4193783841455048,7,0
2016-12-08 01:00:00,0.0,0.4339653,2.9474258,5.9035354,1.3380561337321013,0.9574589431003749,1.1230922661411096,1.8371318730193855,1.6880957407738275,2.4290167988308586,0,0
2016-12-08 02:00:00,0.0,0.34183446,0.32271045,3.147331,1.300240452202915,0.8359490866620898,0.8372469461147897,1.770662435584735,1.4371998404193889,1.696844423713254,0,1
2016-12-08 03:00:00,0.0,0.9305516,0.88936156,1.1029445,0.5687837692989148,0.9561393197444218,0.83039279714056,0.6015911594502465,1.6406302305567393,1.7995074219895344,0,0
2016-12-08 04:00:00,0.0,1.1219952,1.7849643,2.5445755,0.7981270856722769,1.0680916097021893,0.883038782058014,1.0965979529214582,1.9296925298047751,1.9073002596794035,0,0
2016-12-08 05:00:00,0.0,0.75899273,1.4650271,3.1263697,0.9371798709724978,1.1187101615877066,0.8055435148536323,1.2494301681735895,1.988441235664053,1.6018122435049522,0,0
2016-12-08 06:00:00,0.0,0.9171397,1.0841073,2.204595,0.9327092137996335,0.750746491549274,0.8607916851813147,1.1037277631207303,1.1451465330968258,1.6131146890357995,0,0
2016-12-08 07:00:00,0.0,0.37738383,0.7533595,1.657364,0.6845054278081136,0.741316256740195,0.8493875999202849,0.7285422006285935,1.1159914851839288,1.613934625199844,0,0
2016-12-08 08:00:00,0.0,0.50088835,0.3653439,1.0092063,0.5984706037972024,0.7678252373848498,0.8018871620234701,0.4593282609653654,1.09881008945667,1.5214373563313885,0,0
2016-12-08 09:00:00,0.0,0.35403815,0.23324448,0.5617974,0.41077011460747453,0.671739664203554,0.8139394919739882,0.22637590266013374,0.8630306959220033,1.5095577747667022,0,0
2016-12-08 10:00:00,0.0,0.7835239,0.5094431,0.68716806,0.5461501547733507,0.615327791290732,0.8417097004964609,0.35532730364820464,0.6574502162138737,1.5416578503320226,0,0
2016-12-08 11:00:00,0.0,2.0770302,2.1874828,2.583033,1.0715307285256779,0.8350006661614402,0.9768554138745734,1.2998542785408567,1.1439295593857275,1.9036778383420603,3,0
2016-12-08 12:00:00,0.0,0.5904558,2.048497,4.0649714,1.1503365983344553,0.7805533564709647,0.7656499240101194,1.404432528170195,1.0827064691263382,1.3199498877501303,0,1
2016-12-08 13:00:00,0.0,2.1661446,1.9046639,3.7197485,1.6112101316293985,1.0786801432013748,0.9099981999707851,1.9821503063256884,1.583682666521362,1.5158329578043228,3,0
2016-12-08 14:00:00,0.0,1.2987515,1.7843636,3.4181535,1.3517839366839377,1.2116573326048081,0.9897412849948289,1.329320950591117,1.7044694260587825,1.5813870689056042,0,0
2016-12-08 15:00:00,0.0,2.048353,2.3053863,3.7145376,1.8377496261368373,1.4940431122356463,1.0828913882196003,2.020630098237232,2.148451641570664,1.793038451769378,5,0
2016-12-08 16:00:00,0.0,1.9094881,2.442633,4.521446,1.752197455900429,1.6817037937649137,1.148515792527823,1.8938374804615044,2.493871796569463,1.907277070807939,1,0
2016-12-08 17:00:00,0.0,0.9311847,1.4438262,3.611929,1.629675175317576,1.490729556000757,1.1628651110810986,1.4456782053762864,1.9831346442808024,1.9030411048175704,0,1
2016-12-08 18:00:00,0.0,0.21708715,0.8397724,1.8395596,1.019253274672824,1.4285014504048308,1.1045274034378978,1.1088263589078322,1.9853731670159669,1.9038942310999232,0,0
2016-12-08 19:00:00,0.0,0.20608696,0.21806872,0.9959884,0.4514529182590716,1.10182518707975,1.0902526651405622,0.5618872317989059,1.498099631817115,1.9150578477444222,0,0
2016-12-08 20:00:00,0.0,0.39166048,0.28017288,0.34338593,0.27161152645164055,0.9506433508846084,1.0811503417447084,0.23576052983584025,1.340746524933321,1.9281281330915985,0,0
2016-12-08 21:00:00,0.0,1.9332145,1.9442977,2.0431008,0.8436539725564033,0.9314536236146136,1.2127483679251296,1.1399530073423128,1.365006984310221,1.9896256778648291,0,0
2016-12-08 22:00:00,0.0,1.0579544,1.2794629,3.03003,1.1276097781380041,0.7895313481985382,1.2356175709817256,1.1599321558838962,1.0090342814222282,1.9910216305215362,0,0
2016-12-08 23:00:00,0.0,1.7720083,0.7731107,1.7121568,1.5877257546321784,0.9296686405419092,1.2101990982713333,0.9616867801230763,1.0931829499000338,1.775813412567785,0,3
2016-08-13 00:00:00,0.0,1.7721951,1.5271087,1.9012625,1.5340527022358714,1.1888533373961374,1.3086773939004837,0.9499574309765525,1.2264028480218974,1.7860676172722276,1,1
2016-08-13 01:00:00,0.0,0.76314676,1.5829904,2.0856526,1.4357835196112227,1.2816966488746129,1.1917609179771822,1.3089278778081113,1.3068552625677956,1.5703994827049663,0,0
2016-08-13 02:00:00,0.0,0.60963416,0.95175356,2.2481596,1.0483254331516918,1.3180255938919347,1.1343344723882718,1.0954092423461959,1.294411030675853,1.4869830028503785,0,0
2016-08-13 03:00:00,0.0,0.8014811,0.7781585,1.6203519,0.7247540214380553,1.1294033618369637,1.0304284927257885,0.757234355577033,1.2122178811342919,1.4116891775702358,0,0
2016-08-13 04:00:00,0.0,2.2581265,1.739592,1.9927423,1.2230806100879823,1.3294320648496027,1.0594817065240703,1.2960944887341526,1.5412294622556308,1.37438528623965,0,0
2016-08-13 05:00:00,0.0,0.62919503,1.901667,3.5061302,1.2296009116458422,1.1389631723987674,1.0343159064703384,1.2491232045593665,1.3579718152374143,1.342928583925991,0,0
2016-08-13 06:00:00,0.0,0.5581526,0.8691494,2.5862703,1.1484914066335647,0.9366227140358101,1.0627380257159738,1.3528480514136438,1.1811942800942108,1.3678693416406251,0,0
2016-08-13 07:00:00,0.0,0.6041163,0.7053309,1.3948321,0.5971546183657684,0.9101176142268756,1.0959071315507447,0.679431341370188,1.1587646311833202,1.3838417879160851,0,0
2016-08-13 08:00:00,0.0,0.4737832,0.69961137,1.221774,0.5453506830767328,0.8874757973612877,1.102750695626611,0.5549394670276879,1.1348297720024694,1.4024811106930217,0,0
2016-08-13 09:00:00,0.0,0.5707109,0.47245106,0.9914987,0.5495367632856962,0.8490140849596304,0.989208723398297,0.5474139306141822,1.13726815899649,1.3310855167613227,0,0
2016-08-13 10:00:00,0.0,2.6091423,2.3197024,2.5030746,1.217878812254557,0.907516715310163,1.1184743900798826,1.5254326008070804,1.4210169873148335,1.75645508384161,3,0
2016-08-13 11:00:00,0.0,5.787382,6.8087997,8.562615,2.9890785303106484,1.7672146066936902,1.4530888895462288,4.1437073673496965,3.260888495451779,2.86583497831555,5,0
2016-08-13 12:00:00,0.0,1.2421665,5.5491934,11.960672,3.2128970426618677,1.8812169029737813,1.408919808504796,4.255880956500735,3.32643093225963,2.8035496989358606,0,0
2016-08-13 13:00:00,0.0,0.6752097,0.91180444,5.7731147,2.5682528051999087,1.8930658087272327,1.4015917114770542,3.446267415393934,3.2804309990683214,2.7784101141875412,0,0
2016-08-13 14:00:00,0.0,0.70547086,0.71389127,1.4250094,0.8742822874125517,1.9316804088615993,1.4095781031114436,0.6983324398919737,3.2830764192432595,2.790861956152165,0,0
2016-08-13 15:00:00,0.0,1.1463053,1.3766918,1.7871594,0.8423286378631811,2.027612840262525,1.4383134626110776,0.9325017767848324,3.3668484169966058,2.8432570186960495,1,0
2016-08-13 16:00:00,0.0,0.6404441,1.2636936,2.5236537,0.8307401146667526,1.6994964599333309,1.3035065876217469,0.9972207575488932,2.828800452982589,2.6137263114111415,0,0
2016-08-13 17:00:00,0.0,0.3256455,0.43136814,1.53219,0.7041316825413471,0.7892069849769494,1.27821079583532,0.7923856742072967,0.9389086733675712,2.6058641248012866,0,0
2016-08-13 18:00:00,0.0,1.7797179,1.8021861,2.0578933,0.9152691494496386,0.8787988936564098,1.3800078983150956,1.2096654727573017,1.3853830783121261,2.8794814895559533,3,0
2016-08-13 19:00:00,0.0,1.3196483,1.5985373,3.21084,1.1416704899678334,0.9862053023172931,1.439635555522263,1.2709487839433726,1.4113007452362858,2.942729046668622,0,0
2016-08-13 20:00:00,0.0,0.11721844,1.2472786,1.6326509,1.0721947967204326,0.88816323963089,1.4099218242462452,1.1962831589299288,1.3162320662644829,2.9214473558607312,0,0
2016-08-13 21:00:00,0.0,0.3560867,0.3353492,1.5309823,0.5976510902317601,0.7564601198406995,1.3920364800516118,0.8205933065227049,1.1215247099180647,2.9232254275333,0,0
2016-08-13 22:00:00,0.0,0.27304488,0.23273477,0.5320819,0.24878335037117383,0.6952269201695036,1.1973616900514172,0.22069542632974531,1.0426937299400676,2.520547295877791,0,0
2016-08-13 23:00:00,0.0,1.1969887,1.0969594,1.2392871,0.6087067727688201,0.8404507847446265,0.8148288848607877,0.661503630003769,1.308727167163389,1.3688175068890496,0,0
2016-08-14 00:00:00,0.0,1.1471947,1.1138179,1.8211492,0.8724094484718279,0.735030269351794,0.8069145815041021,0.8974671949551244,1.1395301471587624,1.4212025472510508,1,0
2016-08-14 01:00:00,0.0,0.29819155,0.9524538,1.7696187,0.880791655224193,0.5647875027976834,0.7754964025574881,0.8633710417897266,0.7514074801824615,1.379828463771691,0,0
2016-08-14 02:00:00,0.0,1.0266694,0.8089903,1.6764493,0.8240185687351157,0.716362670751968,0.802262955191429,0.9308769494315894,0.9423666111532594,1.392379425622037,0,1
2016-08-14 03:00:00,0.0,0.3654012,1.0221405,1.7962407,0.5634207358721882,0.7179150921720081,0.7371876060063537,0.6077084302919786,0.9836151205952511,1.2788219865726127,0,0
2016-08-14 04:00:00,0.0,0.3077109,0.2830597,1.1963996,0.5665938653631223,0.7236927602936576,0.7094598402315807,0.6251317421299671,0.9718957644140293,1.2382911401268157,0,0
2016-08-14 05:00:00,0.0,1.0229636,0.8956571,1.1435941,0.5653585983185793,0.6946885835268477,0.7675696841357371,0.6151013207397916,1.0264894588479325,1.3910859360405554,0,0
2016-08-14 06:00:00,0.0,0.44357008,0.9923081,1.7855934,0.5914148864978889,0.5774178111850385,0.6562240402684162,0.624563235030594,0.7622388593377978,1.1192841443089236,0,0
2016-08-14 07:00:00,0.0,1.2781651,1.2618736,2.1356606,0.9148995845029055,0.7407467249330139,0.6527671138653487,1.1273205342231367,1.075386375950494,1.1654387954198546,0,0
2016-08-14 08:00:00,0.0,2.3036356,1.4721065,2.3308885,1.3417901838407233,0.9535743910796511,0.8349685309158095,1.3853724393557703,1.2844625374875807,1.411185075213754,0,0
2016-08-14 09:00:00,0.0,2.5106237,3.3899665,3.7842257,2.030808000184562,1.3111114433412256,1.0145132677566167,2.1831579630186106,1.8102085897107274,1.7485920203038758,2,0
2016-08-14 10:00:00,0.0,0.9986316,1.9911411,4.8864717,1.9376301656584063,1.4262648750806561,1.0749788176871569,2.2283434942412823,1.8745189373077333,1.7956467369579363,0,0
2016-08-14 11:00:00,0.0,1.0669513,1.1386738,2.6217542,1.525402149869591,1.4335961668551567,1.0641423751910024,1.5861385793900646,2.0330030053478554,1.8128299402191892,0,0
2016-08-14 12:00:00,0.0,0.5087338,1.2007638,1.7629652,0.8581055798026365,1.4444567899935992,1.0109373005893192,0.923228994208316,2.1226159713576043,1.6881346580351566,0,0
2016-08-14 13:00:00,0.0,0.32356837,0.33576328,1.4325069,0.6330845425656253,1.2853573541120162,1.0130520395225149,0.7160227793050631,2.0224342347363096,1.6834283019100396,0,0
2016-08-14 14:00:00,0.0,0.3156438,0.27849215,0.43013465,0.3826486713653646,0.9540254106174777,0.9537999008485645,0.2766641679843948,1.4021288866212371,1.6511776365178943,0,0
2016-08-14 15:00:00,0.0,0.4477256,0.526069,0.71444726,0.36231260887346484,0.6102090943380508,0.9606602688396383,0.36191827764100576,0.7796261849334728,1.6526700767697504,0,0
2016-08-14 16:00:00,0.0,0.7352158,0.82915586,1.1541754,0.49952841772818124,0.5663064801469031,0.9962856776137801,0.559646469131997,0.7373853461343352,1.6903376863176376,0,0
2016-08-14 17:00:00,0.0,1.071498,0.9684523,1.6828134,0.7514798195057215,0.567064245435543,1.00033020614535,0.7666899971483047,0.7432818107818231,1.6965015185656427,0,0
2016-08-14 18:00:00,0.0,0.52459216,1.1056253,1.6851993,0.7771019798721219,0.5697072943727934,1.0070820421831963,0.7492703024971342,0.7298567250006391,1.7219769123424347,0,0
2016-08-14 19:00:00,0.0,0.32327288,0.40510115,1.3486899,0.6397876571393225,0.5696580374337519,0.9275076957728838,0.6959077320352524,0.7180737067516856,1.6316038670259998,0,0
2016-08-14 20:00:00,0.0,0.42310458,0.35423946,0.6047698,0.4236565388393674,0.5875681791725446,0.7707967948950113,0.29572711311695005,0.7287721619107049,1.2292315485126597,0,0
2016-08-14 21:00:00,0.0,0.47853196,0.15350448,0.40689722,0.40830314959689845,0.5927025647345101,0.6014558295362805,0.2421186740097383,0.6701513277696106,0.8025380138667573,0,0
2016-08-14 22:00:00,0.0,0.54143655,0.5604684,0.58821154,0.4810243774201089,0.5604060172797158,0.5633562487133095,0.34783696533387143,0.6276705534651532,0.7365738480678299,0,0
2016-08-14 23:00:00,0.0,1.7522426,1.4766774,1.6659746,0.9240704170560342,0.6738634779477006,0.6204638616916218,1.052122330394345,0.8781609703093086,0.909164311251854,3,0
2016-08-15 00:00:00,0.0,0.5312039,1.5130209,2.8777094,0.9416277407407925,0.6749654451688454,0.6223363697708194,0.9808519607144889,0.8480107575364648,0.8891093473089647,0,0
2016-08-15 01:00:00,0.0,0.46728334,0.47742543,1.6108512,0.9169100236969062,0.6989672005585078,0.6343126189961296,0.9703310946530689,0.8463667469177327,0.8974152355576207,0,0
2016-08-15 02:00:00,0.0,1.8343105,1.7513207,2.1181278,0.9442659739752556,0.9341681955156447,0.7608681873440942,1.1596225476306303,1.4033075029272357,1.2414646620089358,3,0
2016-08-15 03:00:00,0.0,0.7718871,1.8915387,3.4017167,1.0244937083767836,0.9830607245587881,0.7878816446466489,1.219643889112393,1.4192640967367587,1.2202739819314206,0,0
2016-08-15 04:00:00,0.0,0.8369774,0.70180345,2.1170485,1.1477250249372462,1.0323175243170764,0.7963617707983961,1.2071506835905967,1.4334659468495217,1.1861999649085766,0,0
2016-08-15 05:00:00,0.0,0.6442373,0.6586183,1.3012382,0.7510339246358119,0.8476499493055338,0.7607567136266171,0.5615000122755575,1.0613072956892065,1.1754641045532692,0,0
2016-08-15 06:00:00,0.0,1.0435643,1.0892867,1.4664146,0.8415929868101817,0.9330433475934826,0.8040043963811638,0.8277278043197972,1.0453570930922342,1.1981411778050877,0,0
2016-08-15 07:00:00,0.0,0.8963034,1.4772094,2.4759567,0.8613683478825532,1.0045466864098993,0.8517569434842034,1.02468171203781,1.2460824596051623,1.3451632601473122,0,0
2016-08-15 08:00:00,0.0,1.6002914,2.0705369,3.3300514,1.1800530448392041,0.9655434847375081,0.9498558401265764,1.6402896571366665,1.3390582895520946,1.596784542172879,0,0
2016-08-15 09:00:00,0.0,0.34822825,1.5644588,3.6140382,0.94827435039905,0.894933668604616,0.9389971965817016,1.2502020644835579,1.3154279139017917,1.5802477323065143,0,0
2016-08-15 10:00:00,0.0,0.55501866,0.519047,1.8986748,0.8345127856489625,0.847940566765758,0.9401290455414173,0.9109273865921064,1.2383417148307359,1.5752838124608775,0,0
2016-08-15 11:00:00,0.0,0.62189096,0.48232788,0.7609996,0.5083793172948478,0.8442161810670258,0.8459330651862799,0.44991035096818693,1.2574434974908753,1.2980106596721166,0,0
2016-08-15 12:00:00,0.0,2.0466652,1.8076804,2.0743568,1.0745249995747437,1.0113996749868968,0.9722215112901894,1.1352279431292878,1.4385413034837558,1.5826378828057392,0,0
2016-08-15 13:00:00,0.0,1.0677714,1.5207791,3.1240025,1.2454425843146906,1.0399776849818265,1.022262185695863,1.1700808987806692,1.2764904530687917,1.598246845619395,0,0
2016-08-15 14:00:00,0.0,0.54475343,0.7080792,1.5515642,1.2197300630144219,0.8640546901546352,0.9147990874460714,1.0952055182089628,0.9753649059618685,1.378808903343617,0,0
2016-08-15 15:00:00,0.0,0.66265875,0.48615363,0.8367935,0.7583945326781433,0.9164597661264436,0.9056967173655296,0.6077585489919669,1.047411207835579,1.3830082467197473,0,0
2016-08-15 16:00:00,0.0,2.5821402,2.2706296,2.3683197,1.263184067161479,1.2543133257380847,1.0511269462519217,1.4106372690809814,1.6958078412834343,1.6235919527368115,1,0
2016-08-15 17:00:00,0.0,1.7475244,3.271616,5.169276,1.6641077416530325,1.4419189023337269,1.1430675417003764,2.055070148598364,2.167136419036362,1.8965352334862853,0,0
2016-08-15 18:00:00,0.0,1.9889712,3.010179,5.873439,2.106211944128026,1.4323032384030845,1.2218514566949912,2.1917810308546146,1.9658236667084468,1.9919609139510397,3,0
2016-08-15 19:00:00,0.0,0.30719307,1.8927234,4.49084,1.347896268289758,1.3055401677256189,1.1727589263537228,1.857708072621905,1.8172720228528179,1.9327154618359612,0,0
2016-08-15 20:00:00,0.0,0.6598347,0.47211656,2.2561252,0.9853330194932789,1.3247203805731556,1.0943875353638952,1.1759441776973405,1.82514011034675,1.8336889857220635,0,0
2016-08-15 21:00:00,0.0,0.24791841,0.46878806,0.8407001,0.4049820509324687,1.255596997530248,1.0860283818283456,0.32981520280730764,1.7998654978682396,1.8246843033675895,0,0
2016-08-15 22:00:00,0.0,0.37353197,0.30727896,0.6173761,0.4270950269349619,0.8874956476123601,1.0709044866752226,0.3527874940846854,1.4675923067424188,1.8265620168608185,0,0
2016-08-15 23:00:00,0.0,0.60346293,0.34701726,0.52489984,0.40830442927975574,0.6968187243865175,1.0693688133601222,0.33488384636475865,1.0247910572307648,1.819893910490691,0,0
2016-08-16 00:00:00,0.0,4.623397,4.387572,4.541649,1.86679725546737,1.1358896531999196,1.2840964458015023,2.5946275281688727,1.9284169242546942,2.3696011973823414,7,0
2016-08-16 01:00:00,0.0,2.6811485,2.3552775,6.5231233,2.6360027656173917,1.5315488962761763,1.418544532000898,2.4146527233058035,2.066791304658207,2.4451391355150154,7,0
2016-08-16 02:00:00,0.0,0.357796,2.3733673,1.9705662,2.554113798452832,1.4812091138662935,1.4029647472197246,2.348027385863364,2.0878363357226597,2.4496951537502434,0,0
2016-08-16 03:00:00,0.0,0.44138616,0.36098433,2.5210485,1.160110230445943,1.5134537429566564,1.3845253702434521,1.4942197067541567,2.076928718731867,2.4295062390852316,0,0
2016-08-16 04:00:00,0.0,0.7269293,0.6666378,0.8406189,0.5087038340313675,1.5723532998243794,1.2299244737183694,0.504328250291551,2.1547345143398093,2.3010267055234417,0,0
2016-08-16 05:00:00,0.0,0.70132816,0.79980177,1.2845789,0.6232145361937707,1.5886641673233013,1.1427414458549092,0.608456238127571,2.0842157594282047,1.997478202538286,0,0
2016-08-16 06:00:00,0.0,1.7301073,1.5098735,2.0298595,1.052788250988938,1.10644924071744,1.12116944695868,1.0539092553286251,1.6399508727313987,1.910345042712454,0,0
2016-08-16 07:00:00,0.0,0.55764174,1.6855294,2.8795843,0.9963590479409213,0.7525314409861442,1.14204016863116,1.1289300649395428,0.9725294584722848,1.9231701672774635,0,0
2016-08-16 08:00:00,0.0,0.687471,0.61889696,2.0170527,0.9917399912338559,0.8074772637138135,1.1443431887900533,1.0794745066935236,0.9587459596345786,1.9313378970107613,0,0
2016-08-16 09:00:00,0.0,0.6112342,0.38420135,0.8210433,0.6187822733691135,0.8357852621790254,1.174619502567841,0.425199356443642,0.9432730717170988,1.9289536815868675,0,1
2016-08-16 10:00:00,0.0,0.6137062,0.4942973,0.6340031,0.6374704294996841,0.8169147387203025,1.194634019272341,0.38869353343728025,0.9492698090289592,1.9445666665275503,0,1
2016-08-16 11:00:00,0.0,1.1448007,1.114919,1.5399984,0.7899136920429888,0.8908268416384224,1.2397455044808616,0.7378431469564158,1.0988320416499493,2.0713313743142696,0,0
2016-08-16 12:00:00,0.0,0.60556334,1.1748697,2.0084815,0.7880234222367183,0.7034028478029156,0.9049260442601781,0.8307177193756495,0.7229556111514843,1.4435489846084324,0,0
2016-08-16 13:00:00,0.0,1.1843014,0.7290229,1.6133586,0.9782218459149653,0.8078461377073248,0.7801887893467344,0.9170901846560834,0.8198845373701068,1.0454684190383008,0,0
2016-08-16 14:00:00,0.0,3.0281765,3.064307,3.1666267,1.6060138156780321,1.197963753860511,1.0027205087871622,1.8609191000766478,1.6859079643338537,1.5996758300566982,6,0
2016-08-16 15:00:00,0.0,3.2685184,1.2452797,3.3702834,2.4936654886673213,1.6408444554520198,1.2383148588155228,1.9300749342516028,1.9698663510342462,1.8548188716451466,6,0
2016-08-16 16:00:00,0.0,1.2691408,3.4440658,3.7052505,2.521945235360046,1.7500835406375053,1.2834991396789037,2.1482449461836954,2.0695986486642965,1.9003454511572209,3,0
2016-08-16 17:00:00,0.0,1.1490657,0.8920012,3.9550536,1.8955748878601009,1.7507943517690672,1.3208105967037447,2.1426739827573567,1.9499186376219797,1.8972075989379673,0,0
2016-08-16 18:00:00,0.0,1.0163922,1.217581,1.6047965,1.1448661980349357,1.8192658433511286,1.2613343455770227,0.9401091116802861,2.1185368384841112,1.8094385561633268,0,0
2016-08-16 19:00:00,0.0,1.1288126,0.77223223,1.2218481,1.0980901173282769,1.810017676344161,1.3089319070257424,0.9861192433569893,2.2644486984954035,1.899287715257931,0,0
2016-08-16 20:00:00,0.0,0.8376436,0.7812838,1.2970002,0.994282782219473,1.444928835039787,1.321446294450149,0.6628961919172586,2.038086272353557,1.9645747037805101,0,0
2016-08-16 21:00:00,0.0,1.2518562,1.1820066,1.7003406,1.072770811057182,1.1088185045460586,1.374831479999039,0.9544755427183452,1.2213159321198108,2.040766468636692,0,0
2016-08-16 22:00:00,0.0,2.0179744,2.1369035,3.0150747,1.3691580486183808,1.233624082973329,1.4918538118054172,1.5412828362609496,1.3557370882925914,2.1933391884665787,0,0
2016-08-16 23:00:00,0.0,0.9046772,1.2065669,3.054062,1.3915025998942585,1.1928926910568656,1.471843521412966,1.3234381376116966,1.2815094067267712,2.0972286951259305,0,0
2016-08-17 00:00:00,0.0,0.4719477,0.66311145,1.3312007,1.1315330405159263,1.1021519257865544,1.4607088845688412,0.9248445021936565,1.2834216936974214,2.1052698173175206,0,0
2016-08-17 01:00:00,0.0,0.5971941,0.41361257,0.9933312,0.6579396949183056,1.0135488717683427,1.411783274056252,0.46057826402519475,1.1835857124297982,2.0915583895573695,0,0
2016-08-17 02:00:00,0.0,1.080605,0.785273,1.0205164,0.7165823236886522,1.054042461791455,1.249485648415621,0.513617697661733,1.1440647283487424,1.8740798459958663,0,0
2016-08-17 03:00:00,0.0,1.9305747,2.449714,3.0523703,1.202791307819274,1.1671621741676004,1.1379903393568296,1.4671263714425493,1.4198384642385948,1.5013581676349832,1,0
2016-08-17 04:00:00,0.0,1.5541915,1.8989279,4.259125,1.5217903883342088,1.089865041626257,1.161744562299793,1.563847454874306,1.314242590283008,1.4894730244321397,0,0
2016-08-17 05:00:00,0.0,0.736232,1.4747906,3.1634622,1.4069993502612415,1.061790836974947,1.127341764015906,1.4880500676635657,1.3352329413926558,1.4668301465151892,0,0
2016-08-17 06:00:00,0.0,0.61186993,0.7995537,2.1036532,0.9674311294880512,1.0851112186536624,1.0936315722201089,1.082988675257952,1.4367020631453824,1.5249380941962452,1,0
2016-08-17 07:00:00,0.0,0.28869748,0.50302064,1.1940999,0.5455998427922365,1.0336951155632226,1.023621993665783,0.5320290060281218,1.4275411437407757,1.4635167254282642,0,0
2016-08-17 08:00:00,0.0,0.6485079,0.63425887,0.9799525,0.5163584703170849,0.9616789102891634,1.0078606860403094,0.5575658285245886,1.3276198642726644,1.425208179747875,0,0
2016-08-17 09:00:00,0.0,0.36602288,0.5688388,1.0753262,0.43440943453714687,0.7009202820125989,0.9340412280900994,0.4443094610154238,0.9565977533283591,1.3508631150167707,0,0
2016-08-17 10:00:00,0.0,0.37083337,0.3261166,0.7370557,0.4617880640228422,0.5036939534075393,0.796779497516898,0.4160911537110729,0.6168703296523749,1.221284688005147,0,0
2016-08-17 11:00:00,0.0,0.7285906,0.6552136,0.7683598,0.48848229891525424,0.5024203846161694,0.7821056107955582,0.45510287352363915,0.6520167971309639,1.2372822882462706,0,0
2016-08-17 12:00:00,0.0,0.4321516,0.53346705,1.1199204,0.5105252016016262,0.47246731806938647,0.7787892683615245,0.39930657101217765,0.5391026605998107,1.2392326584081965,0,1
2016-08-17 13:00:00,0.0,4.341797,4.1744337,4.5930014,1.834179675456519,1.1479838697396807,1.0908394926514517,2.596598014473356,2.0260529698159715,1.9532583493050204,8,1
2016-08-17 14:00:00,0.0,3.4172964,3.1542904,6.8335032,2.7304148977561926,1.6094485983357234,1.285563754312443,2.8913832665012382,2.44945079484765,2.138881353973912,3,0
2016-08-17 15:00:00,0.0,0.722288,3.032392,5.205822,2.8271270380427898,1.6688261198222076,1.1848732009174032,2.8752845768374757,2.4782971425952725,1.9757346875905866,0,0
2016-08-17 16:00:00,0.0,0.53962314,0.38237324,3.1147854,1.5597358203119733,1.696957747884246,1.1003258506458926,1.8436425832082404,2.480627292040613,1.9411531155710784,0,0
2016-08-17 17:00:00,0.0,1.5010228,1.5798246,1.8161515,0.9209780611735222,1.8256964794648574,1.1640584320405136,0.9866284234744321,2.70722203704115,2.1598092484228655,0,0
2016-08-17 18:00:00,0.0,0.5501072,1.1610855,2.6706362,0.8635844578598751,1.8453557479513323,1.1589115330103597,0.8825070678179444,2.672989263217462,2.1174396029979765,0,0
2016-08-17 19:00:00,0.0,4.009892,4.0496707,4.7637157,2.0203406993558883,1.7900382598339308,1.4690110647868055,2.8314087390956626,3.1751913688601823,3.1000678885515076,5,0
2016-08-17 20:00:00,0.0,0.8000198,3.665941,7.519113,1.786672941766345,1.3538255014699339,1.4816370499028286,2.366827974778154,2.213205870652691,3.0938273782131693,0,0
2016-08-17 21:00:00,0.0,0.70769554,0.64281595,3.7542214,1.8392024036827386,1.351393430771307,1.5101097752967574,2.300931194526961,2.1939315432902613,3.092095344393277,0,0
2016-08-17 22:00:00,0.0,1.9290198,1.529832,1.6030765,1.145578395692744,1.582959547524316,1.639958647704281,1.0731804023906377,2.5489481321044103,3.224165735763264,0,0
2016-08-17 23:00:00,0.0,1.183286,1.0540482,2.289668,1.2733337919695866,1.5300033668679665,1.6778499231664117,0.9493230134548339,2.3201292635815607,3.2191367259281107,0,0
2016-08-18 00:00:00,0.0,1.2699063,0.8770704,1.2838491,1.4607373298258783,1.649969866754309,1.7476628073528204,0.9105084774057783,2.343573510159689,3.2161177759425965,0,0
2016-08-18 01:00:00,0.0,0.7277959,1.1862187,1.7499298,1.0603293392829503,1.1029538674878467,1.4464960636608892,0.7960869596918219,1.0733346985459327,2.6656628372198083,0,0
2016-08-18 02:00:00,0.0,0.3365298,0.7206344,1.819837,0.7780772924309658,1.0257055422002763,1.1897655218351049,0.8273978026159508,0.9860934853170078,2.057692749116415,0,0
2016-08-18 03:00:00,0.0,0.87522846,0.80238813,1.3952687,0.6465180301024879,1.053627679964183,1.202510555367745,0.6572742207997759,1.0450820226513213,2.069297741462919,0,0
2016-08-18 04:00:00,0.0,0.68439925,0.7128771,1.4621232,0.6320524952118992,0.846190917247425,1.2145752323858703,0.5795404453435713,0.90292364743627,2.0729089900084072,0,0
2016-08-18 05:00:00,0.0,0.38822648,0.5439392,1.0439361,0.6492847385857664,0.7136810155083659,1.1218421911881657,0.527279317911207,0.833161029935595,1.8894130935060185,0,0
2016-08-18 06:00:00,0.0,0.7892872,0.74538076,1.1276671,0.6206376621535306,0.6335778461280092,1.1417738564411593,0.6421591819822184,0.7792114664480541,1.9769729208572948,0,0
2016-08-18 07:00:00,0.0,0.90071887,1.2660652,1.9958609,0.6927441862854444,0.6623983407486719,0.8826761041182596,0.7422827136704864,0.8093677080376879,1.0814595469853252,0,0
2016-08-18 08:00:00,0.0,0.573883,0.6565917,1.8906838,0.7546296560255942,0.7019571973056803,0.8638313697529781,0.8056598199806594,0.7980769925666347,1.0402773281515034,0,0
2016-08-18 09:00:00,0.0,0.90440917,0.5229688,1.0807438,0.7930036888219476,0.7068206754877391,0.8802241777259611,0.5119002875699742,0.7919797647934137,1.0653601262364274,0,0
2016-08-18 10:00:00,0.0,1.9247236,1.3751012,1.4660872,1.1343386264771373,0.913541406381291,0.8798661618143583,0.9479441735485616,1.1167353427462918,1.220822061816703,0,1
2016-08-18 11:00:00,0.0,2.0472763,1.4423896,1.3724799,1.6254698279324575,1.190049741979026,0.9518653787436958,1.3083928160715517,1.46434331134648,1.4271799329286996,1,0
2016-08-18 12:00:00,0.0,2.417852,2.6896474,3.8890052,2.129950650813566,1.4614771698177562,1.0475275079728825,1.787643492790623,1.6731866077521473,1.5538976689370618,1,1
2016-08-18 13:00:00,0.0,0.56311893,2.0760524,4.15884,1.676082424209643,1.4052105253433902,1.0338044330460312,1.8445686953780107,1.6153670487438319,1.5249730257622915,0,1
2016-08-18 14:00:00,0.0,1.5688357,1.4344476,3.3597078,1.5166021690140126,1.5710359984732347,1.1364965978894577,1.8181029529574735,1.9815244225021482,1.7262799723743272,1,1
2016-08-18 15:00:00,0.0,1.0560575,1.6166865,2.7687294,1.0626707669643527,1.596310708888959,1.1515656921883488,1.124825319454262,2.1165073989174013,1.8243139948492275,0,0
2016-08-18 16:00:00,0.0,1.4437692,2.0504851,3.4819198,1.3562208735439882,1.5161516488768156,1.2148465276290534,1.580899880071484,2.242003492941408,1.8889344782317734,0,0
2016-08-18 17:00:00,0.0,1.1169494,0.5700426,2.441962,1.2055920833542282,1.3610971261841205,1.2755734340815732,1.2060068357064908,1.833378805722151,1.9239021397303966,0,0
2016-08-18 18:00:00,0.0,0.5452171,0.90241224,1.2455344,1.0353119073883164,1.0489913371763344,1.255234253497045,0.7284834103170754,1.2486090522506486,1.8334704493218685,0,1
2016-08-18 19:00:00,0.0,2.228398,1.8242376,2.605774,1.2968549041923312,1.3265378888681598,1.3658742071057752,1.3964622371701452,1.7746295528221678,1.9990573662832904,3,1
2016-08-18 20:00:00,0.0,0.7099676,1.6683114,3.4460876,1.1611943145877843,1.183393198971006,1.3772145987221207,1.0847519443375118,1.4646995674518795,1.9867528101445926,0,1
2016-08-18 21:00:00,0.0,0.6568371,0.6988077,1.7288013,1.1984009999746763,1.1168564536814964,1.3565835812852274,1.2269172666823982,1.3179155791689414,2.001421229081624,0,1
2016-08-18 22:00:00,0.0,0.6061446,0.63769746,1.3161737,0.6576497774595743,0.9772523408259525,1.2467019948513842,0.5268131718938709,1.2090117341417916,1.9193171830714688,0,1
2016-08-18 23:00:00,0.0,0.56888604,0.47957838,0.9875585,0.6106225834595137,0.885908449023649,1.1235027876038843,0.4955989286258251,1.0538366928246239,1.5791220652971119,0,1
2016-08-19 00:00:00,0.0,0.7474149,0.41757756,0.6265108,0.6408151773220331,0.9196080886483549,0.9842997129123444,0.4063868378583214,1.052143402282872,1.3895934085075148,0,1
2016-08-19 01:00:00,0.0,0.42035538,0.49581185,0.8505249,0.578885428411859,0.6182676029357167,0.9724027459019381,0.3316077421805535,0.4947339812684734,1.3921515005309921,0,1
2016-08-19 02:00:00,0.0,0.52134573,0.4503272,0.8420536,0.5630386667365072,0.5868306250980106,0.8851119120345083,0.4466048591381344,0.46334794194195383,1.1988921010606262,0,0
2016-08-19 03:00:00,0.0,1.0353948,1.0231647,1.2474314,0.6590320219429902,0.6499235996325118,0.8833900266570041,0.6841982634918301,0.6739712747230286,1.1389495304718718,0,0
2016-08-19 04:00:00,0.0,1.2416086,0.866351,1.3480476,0.9327831459405456,0.7558342871762024,0.8665433140010776,0.8198419985236232,0.8246602692367693,1.1022946579850783,0,0
2016-08-19 05:00:00,0.0,2.5950758,2.9486423,3.437418,1.6240265357169108,1.0935326012267093,0.9897205251251792,1.7199851684849472,1.535591367290908,1.4087533999481094,0,0
2016-08-19 06:00:00,0.0,1.0450797,2.5438125,5.255949,1.6272548009627816,1.143143411452886,1.0313757500506204,1.823712281596011,1.5303390526680356,1.4598954628078604,0,0
2016-08-19 07:00:00,0.0,0.5706301,0.9822236,3.0289483,1.4035952356605057,1.1681891908005257,0.8932283968681209,1.665748450843057,1.5341317255602156,1.3013477900364845,0,0
2016-08-19 08:00:00,0.0,0.9463777,1.1193501,1.8126363,0.8540291551842162,1.2390278454505639,0.9129292352742874,0.9667316139733512,1.532260779852961,1.3631324926251858,0,0
2016-08-19 09:00:00,0.0,1.6606373,1.4531295,2.3057237,1.0592150217916798,1.3432349113772306,0.9965792555048714,1.1322295093626447,1.7251128770949693,1.4762870271413955,0,0
2016-08-19 10:00:00,0.0,2.6340961,2.9097743,4.1821976,1.747037064721194,1.5753161501908497,1.1655752186835262,1.7432311029990606,2.0839709562610413,1.7826018610609897,4,0
2016-08-19 11:00:00,0.0,1.2894025,3.292048,5.902896,1.8613786655191937,1.3577039103517048,1.2256182557892072,2.3402023602097866,1.9137238575094448,1.9085388277493969,0,0
2016-08-19 12:00:00,0.0,2.4000435,2.8257244,5.6151314,2.1078473858059765,1.5835312037988276,1.3633373076258566,2.9270036232523537,2.5238183615522187,2.3186581550321637,4,0
2016-08-19 13:00:00,0.0,1.450097,2.2006104,4.836621,1.7131809885837148,1.7301090266524553,1.4491491087264898,1.8751854685683869,2.520664476423029,2.3324123720464107,0,0
2016-08-19 14:00:00,0.0,0.5299855,1.2665768,2.3677318,1.460042005614215,1.6607103355667048,1.449869090508634,1.5266111960677486,2.5355585258904543,2.3113120470276396,0,0
2016-08-19 15:00:00,0.0,1.1010736,0.8200611,1.6528422,1.0270520447070621,1.5674497152565185,1.4553423133168748,1.1472873408824045,2.3812415266727984,2.3562681064484696,0,0
2016-08-19 16:00:00,0.0,0.50623953,1.1124381,1.8084822,0.7124328884826193,1.2128069385331672,1.3940615443620088,0.6994887164910194,1.7078968430044328,2.340572473246621,0,0
2016-08-19 17:00:00,0.0,0.24071717,0.5357803,1.3578587,0.6160101104097854,1.038026058012,1.1978649841818527,0.7469962525823214,1.5628528584481853,2.062514464216059,0,0
2016-08-19 18:00:00,0.0,0.22644848,0.3210706,0.7519675,0.324468404705252,0.6757602247061569,1.1296457142524923,0.3782010958340845,1.0022959467147246,2.027017490104463,0,0
2016-08-19 19:00:00,0.0,2.008952,1.8696648,1.9680215,0.8253725807907892,0.7689027346367046,1.2495058806445796,1.207260434246431,1.1645668288336493,2.299794971778626,2,0
2016-08-19 20:00:00,0.0,0.27824774,1.8597575,3.6332269,0.8378827561183467,0.7269464332640658,1.1938283844153852,1.1108301619275245,1.1286528027815323,2.2886873950855007,0,0
2016-08-19 21:00:00,0.0,0.31473252,0.34153563,1.9891739,0.8673107735711354,0.5958895891381937,1.0816696521973563,1.1939732070440674,1.009735126911591,2.196909744224062,0,0
2016-08-19 22:00:00,0.0,2.0644228,2.0623221,2.3127337,0.8858009717017876,0.8555867762462885,1.0341968573897276,1.2467841455930786,1.6200757474249483,1.8690778554765135,1,0
2016-08-19 23:00:00,0.0,2.169484,1.9746188,2.70126,1.516213014179106,1.1770478851487265,1.1075369715803631,1.6698838005834413,2.045184008293279,2.0512194003434154,6,0
2016-08-20 00:00:00,0.0,1.3018631,1.0592892,2.910573,1.8452565469051336,1.3562836602381345,1.0160219424721455,1.1646076660711753,2.0349397049690747,1.7740471252699714,0,7
2016-08-20 01:00:00,0.0,0.7179733,1.3930421,1.095722,1.396440089016281,1.1411205303590342,0.9550116324978692,1.2072682810691389,1.4216902965721632,1.6494023390415495,0,0
2016-08-20 02:00:00,0.0,1.2269142,1.3353068,2.4567053,1.0822502099489253,1.2992316120640155,1.0130890226640403,1.314913726936468,1.694170834529342,1.777488174233807,0,0
2016-08-20 03:00:00,0.0,1.012257,1.7372953,2.9752715,0.9857147986066058,1.41548567275587,1.0056876309470313,1.0297768392331126,1.7844371410297453,1.8160747295569686,0,0
2016-08-20 04:00:00,0.0,0.28167316,0.9759069,2.6310751,0.8402814388175435,1.118360763916912,0.9869737700816005,1.0587459272783677,1.484644476427781,1.8013198254424168,0,0
2016-08-20 05:00:00,0.0,0.38119727,0.24152523,1.1100895,0.5583757796439175,0.8203129947964213,0.9986804399725737,0.595219153318073,1.1254256448291686,1.8061106149964565,0,0
2016-08-20 06:00:00,0.0,0.5161264,0.58749574,0.77804893,0.39299891829100747,0.6893568584488068,1.0228202593434708,0.3632795375056613,0.8664099736464353,1.8092007922638496,0,0
2016-08-20 07:00:00,0.0,2.3586516,2.3455565,2.749036,1.0853249965741742,0.9628032176958591,1.0519618740274466,1.441844198490795,1.389414822694036,1.8003151635340977,3,0
2016-08-20 08:00:00,0.0,0.75131965,2.1644592,4.1266675,1.208699102647843,0.8835374411458805,1.0913845266049484,1.5054582390944637,1.1981133105958264,1.790958920701884,0,0
2016-08-20 09:00:00,0.0,0.64317596,0.5622265,2.598568,1.2510489866600232,0.8220239524755152,1.1187548126156925,1.385430288297787,1.1984145054817559,1.784432076461785,0,0
2016-08-20 10:00:00,0.0,1.059094,0.63590246,1.1488783,0.8178631768575094,0.9515940867158418,1.034977425316377,0.5061332969886838,1.3275758585984656,1.5686660184452088,0,0
2016-08-20 11:00:00,0.0,0.5201241,0.6172666,1.1464825,0.7407980259458431,0.9747485642968433,0.8975307795466322,0.4833525248368817,1.292018077899254,1.3179537435457669,0,1
2016-08-20 12:00:00,0.0,0.46101913,0.4365494,0.67828715,0.6800790831241398,0.9655640348920816,0.8274604466704442,0.5337583064345235,1.223919275352621,1.1648298380080255,0,1
2016-08-20 13:00:00,0.0,0.45092776,0.39192724,0.7572546,0.4773569994748067,0.6476100881661583,0.8052066529310085,0.32940364281380796,0.548927900954807,1.17090106883773,0,1
2016-08-20 14:00:00,0.0,1.1440597,0.95560855,1.1601094,0.6853354993670354,0.7130667626564389,0.7983021019011597,0.6884565663004227,0.6830816808489836,1.1908516535569407,0,0
2016-08-20 15:00:00,0.0,1.4940414,1.544552,1.8945339,1.0296762171118972,0.8548776501180182,0.8384508012967669,1.055773730021918,0.9143757295193672,1.322398017501233,4,0
2016-08-20 16:00:00,0.0,1.492582,2.4254396,3.8534982,1.3768943006171876,0.9271256500459972,0.9393598683809198,1.671498089074723,1.2844437618687257,1.4792000689650924,0,0
2016-08-20 17:00:00,0.0,3.5957968,3.5932486,5.0484686,2.194140004368481,1.4397377518677577,1.2072431580823009,2.9284066663772976,2.3846464518421966,1.9889527450507407,6,0
2016-08-20 18:00:00,0.0,0.7867281,3.3062103,6.578635,1.9583689883704576,1.4940226027411772,1.2297933188166297,2.3168669648536655,2.4629522326315945,2.0182304478316233,0,0
2016-08-20 19:00:00,0.0,0.3061361,0.6407072,3.8214731,1.562887019857573,1.4698906602373802,1.0587503742017688,2.0654380079649,2.4577042125778643,1.8500920975152446,0,0
2016-08-20 20:00:00,0.0,1.65633,1.4726527,1.9588344,0.9163982372205237,1.5552691207945024,1.1341679417254704,1.1645047821896783,2.724445605788064,2.05243219651727,1,0
2016-08-20 21:00:00,0.0,2.7011926,3.5045447,4.8429947,1.5545530627839403,1.7564610255771993,1.3056693378476087,2.142865249757875,2.936591830296959,2.360267114619079,1,0
2016-08-20 22:00:00,0.0,0.41854203,2.8564706,6.1881084,1.5920217126972729,1.5774543662774223,1.25229000816171,2.304467174565575,2.715356298527796,2.369182656433716,0,0
2016-08-20 23:00:00,0.0,0.4473918,0.6682713,3.3960586,1.189042190143773,1.052720213682149,1.2462289827749535,1.6647798243187573,1.7046247962188532,2.382111689711434,0,0
2016-08-21 00:00:00,0.0,0.8727535,0.65862703,0.85558605,0.5795624810693161,1.0670577719266283,1.2805401873339026,0.6417534650175684,1.754653515801017,2.396419391777239,0,0
2016-08-21 01:00:00,0.0,0.58789766,0.8471413,1.4442866,0.6360143536197331,1.114018033158503,1.2919543466979415,0.5610598566194219,1.7784985199250147,2.4106554072242163,0,0
2016-08-21 02:00:00,0.0,1.5379287,1.5173194,2.1734438,0.9995266521176278,1.0942844211307003,1.3247767709626013,1.1922448037603481,1.6104747012384861,2.41707824949171,0,0
2016-08-21 03:00:00,0.0,0.6867449,1.4623475,2.551743,0.9375237720124646,0.7585431265408904,1.2575020760590447,1.0466508156811722,1.0311676263572227,2.2810760408733968,0,0
2016-08-21 04:00:00,0.0,2.387393,2.124324,3.436017,1.5373555326891202,1.0866849431544263,1.3320696547159248,1.4932474183138285,1.4676284349275852,2.314841917427762,1,0
2016-08-21 05:00:00,0.0,2.0210595,2.1892707,3.026319,1.698399097432543,1.3489628747750857,1.2008415442286169,1.6396094716922343,1.723371169883535,1.9622974768898422,0,0
2016-08-21 06:00:00,0.0,2.6978528,3.5930305,5.3761263,2.3687684317593205,1.6531461018858922,1.3601019369062604,2.439462554992936,2.153797435216809,2.3515187109994153,6,0
2016-08-21 07:00:00,0.0,4.510574,6.390676,9.712557,3.0764950786851695,2.3069253056871446,1.7104716694228241,4.389022890561065,3.636420515548116,3.3620515257172583,7,0
2016-08-21 08:00:00,0.0,1.6721574,4.9240093,10.916334,2.960194473457832,2.3292967854451874,1.7117906032879442,4.13466529360529,3.5479097111665285,3.2526890714720587,0,0
2016-08-21 09:00:00,0.0,0.9026206,1.2420396,5.2125797,2.361783700353502,2.365276066056411,1.5619095962986511,2.986098651646652,3.5812815982752713,2.890636978642213,1,0
2016-08-21 10:00:00,0.0,1.0488957,1.1493695,1.8558327,1.2078912973157039,2.1421931880004372,1.6144390655774317,0.9866265793856418,3.3154104553174952,2.901416495430387,0,1
2016-08-21 11:00:00,0.0,4.304262,4.052664,4.7097383,2.0852593649079476,2.5227269191828894,1.9358448969789877,2.7445371889933283,4.341197243033149,3.5852290961623647,6,0
2016-08-21 12:00:00,0.0,2.047902,2.5485172,6.347693,2.46701988210232,2.414401791227911,2.033773946556902,2.2570592610765376,3.5405010390278235,3.6141679533762443,2,1
2016-08-21 13:00:00,0.0,1.0700792,1.5701599,1.6032399,2.4740810758233893,1.8409861865695465,2.073955746128346,2.0666904113365545,2.259683827421211,3.6450529803956275,0,2
2016-08-21 14:00:00,0.0,0.5277784,0.647679,1.6632637,1.215253284830932,1.6502563248694395,1.9897765551573134,1.0433843866279378,2.12649144785108,3.5972283131147385,0,0
2016-08-21 15:00:00,0.0,0.84642124,0.6909162,1.0459585,0.8147596370175215,1.6408897595599208,2.003082912808166,0.5449927859262885,1.8851854447029717,3.5788491655524286,0,0
2016-08-21 16:00:00,0.0,1.5118816,0.90311646,0.92448825,0.9620270590501376,1.7180540674367641,1.9301236277186005,0.7597927195939824,1.689648032303066,3.3536706378020162,0,0
2016-08-21 17:00:00,0.0,1.529622,1.7184205,2.007809,1.295974891181136,1.2556140880060338,1.8891705035944617,1.162940170436439,1.248312964855464,3.311336966951789,1,0
2016-08-21 18:00:00,0.0,1.0638837,1.1407989,2.517592,1.368462360805922,1.0916109989117218,1.7530063950698165,1.2244571853803918,1.2191506502197407,2.829158762973855,0,0
2016-08-21 19:00:00,0.0,0.70929843,0.8267642,1.4964617,1.1009346559412665,1.031480857495702,1.4362335220326239,0.8958309920770716,1.1768555322621816,1.956067726277823,1,0
2016-08-21 20:00:00,0.0,0.75491655,0.58129996,0.9310906,0.8426995291249832,1.0693372101530596,1.3597967675112501,0.675409830379323,1.231566306669303,1.8902136389497202,3,1
2016-08-21 21:00:00,0.0,2.5078957,2.0329072,2.177334,1.3240369060670976,1.34624963343651,1.4935696964982148,1.2336867261515476,1.4775374480539922,1.9450214996395583,2,2
2016-08-21 22:00:00,0.0,1.8157011,2.3326106,3.4567158,1.692837762774036,1.3968862093576508,1.557470138397207,1.6577971284046893,1.4165194927254208,2.103835711565332,1,0
2016-08-21 23:00:00,0.0,0.82469916,1.3506303,3.5000117,1.7160986163819167,1.27939907275345,1.267506580379742,1.5212634908354687,1.3177864946499735,1.6228070436376905,0,0
2016-08-22 00:00:00,0.0,0.59281594,0.45770273,1.5750442,1.077738660410134,1.2008877832386156,1.1462493910751683,0.9119390687122144,1.3130541263750453,1.4779674814077848,0,1
2016-08-22 01:00:00,0.0,0.70654476,0.35753176,0.5407428,0.7080198996167905,1.2004288311954128,1.1159548443455576,0.406121199403943,1.3477078994758045,1.4688880339501444,0,1
2016-08-22 02:00:00,0.0,0.862842,0.5749804,0.7545205,0.7207342286395527,1.218416422510735,1.1438768163318969,0.4279001687704255,1.3470332565864638,1.493717527023833,1,1
2016-08-22 03:00:00,0.0,0.7203462,0.54688734,0.8306901,0.7632443105590961,0.9204914854846147,1.1333705594605619,0.4696252581249787,0.9483829613248989,1.454690910996338,0,0
2016-08-22 04:00:00,0.0,0.62831885,0.6394028,0.8597058,0.7371690126089662,0.7225944561128784,1.0597403327352648,0.5425464082220666,0.6244807134904629,1.2794186347691352,0,0
2016-08-22 05:00:00,0.0,0.90070564,0.9457047,1.3941333,0.7497901903774368,0.7352622095084947,1.0073306411309724,0.7375596767628094,0.7350637477949142,1.3077346365272586,0,0
2016-08-22 06:00:00,0.0,1.8045853,2.0063577,2.7607653,1.111203248339142,0.9372237794491194,1.0690557813438677,1.316073196215108,1.161349584984749,1.5718211844664303,3,0
2016-08-22 07:00:00,0.0,0.7148343,1.8166006,3.511299,1.140041735873352,0.9386053742411589,1.0695171027182864,1.3543869501794743,1.224199081973281,1.6100366916767568,0,0
2016-08-22 08:00:00,0.0,1.1012827,1.333463,2.7069266,1.2069007212913294,0.9783454558343828,1.0983809391725587,1.5110584266085603,1.3716843766490916,1.6473524692386454,0,0
2016-08-22 09:00:00,0.0,0.63033575,0.58634514,1.757815,0.8154841750140857,0.9633437116766136,0.9419175985806143,0.7725200221961608,1.3283214351607142,1.4306376748486809,0,0
2016-08-22 10:00:00,0.0,0.76592195,0.49764705,0.72777635,0.8325133695948673,0.9862775527341097,0.8544360044234937,0.5367024578182794,1.400822618429264,1.1815373979389483,0,1
2016-08-22 11:00:00,0.0,0.32665733,0.61267173,0.85815376,0.5743049678588271,0.8906028445750782,0.8129325270417865,0.4406873825347546,1.2327961117483386,1.1414332002090855,0,0
2016-08-22 12:00:00,0.0,0.67911786,0.5205937,1.0508983,0.5905656940778161,0.7030249345459509,0.8201243569975352,0.4709346322227945,0.784763480163805,1.1414117221972488,0,0
2016-08-22 13:00:00,0.0,1.5658699,1.2878126,1.3954518,0.8572150258744018,0.8448641977346343,0.8917347859878967,0.8800687269311503,0.9575601870744243,1.2909411115676823,0,0
2016-08-22 14:00:00,0.0,2.6011488,2.1205726,3.2600288,1.61537885505439,1.0948419114566086,1.0365936836454952,1.5033447756668845,1.3757788719624533,1.607221451746445,3,1
2016-08-22 15:00:00,0.0,0.65683496,2.3162305,3.4747832,1.607951200705711,1.0992584473917635,1.0313010795341888,1.5721096066490376,1.344749085340341,1.6073531921813944,0,0
2016-08-22 16:00:00,0.0,0.74971277,0.70603716,2.5943947,1.3358988359231183,1.0965569308987597,1.041417241816435,1.6211617371905949,1.441807605402574,1.613274766208223,0,0
2016-08-22 17:00:00,0.0,0.34669492,0.5963272,1.1338583,0.5844142050136389,1.0998965300340142,0.9952496873045461,0.5157400705314076,1.4472676029960887,1.5894707798195653,0,0
2016-08-22 18:00:00,0.0,1.0688596,0.9003801,1.1982532,0.7217557312577256,1.1648534659817185,0.9339392002638346,0.7702121544276869,1.5430689491302092,1.3936993201827461,0,0
2016-08-22 19:00:00,0.0,1.0563946,1.129071,1.6005689,0.8239829845100594,1.0799409102165887,0.9624025539756117,0.7948762734370151,1.484913024247905,1.415917868105977,0,0
2016-08-22 20:00:00,0.0,1.4683875,1.3215957,2.0188735,1.1978805311213956,0.8911473680675172,0.9929946397620628,1.0545901808224718,1.1129768469991392,1.5136978290650267,1,0
2016-08-22 21:00:00,0.0,0.9654141,1.4264469,2.5501049,1.1633987334670137,0.9425772323623697,1.0209178398770666,1.0233088817380285,1.1783362806179507,1.5318464276079358,0,0
2016-08-22 22:00:00,0.0,0.45178843,0.73728406,1.8010415,0.9618633541688181,0.8929231693394386,0.9947400501190992,0.944592145234897,1.0229787167532287,1.5311950846887796,0,0
2016-08-22 23:00:00,0.0,0.4183527,0.40338317,1.0400937,0.6118517276195129,0.9048661293704542,1.0023813297022344,0.5507219766983221,0.9955525275480007,1.5319664262144224,0,0
2016-08-23 00:00:00,0.0,1.2508581,0.8692205,0.97385883,0.7069997272200095,0.9351992303435113,1.0500263481626149,0.5525047262491216,0.937863678798605,1.5783649863755054,0,0
2016-08-23 01:00:00,0.0,1.8199204,2.0216932,2.6256647,1.163043696511762,1.06245352534029,1.0711972177784395,1.253610602532526,1.3728045691343522,1.5581674063386672,0,0
2016-08-23 02:00:00,0.0,3.7559974,4.4947634,6.4176373,2.2755919462602874,1.4437218369399,1.1674346025037088,2.6987867563636385,2.1775247703873557,1.8668553257163694,5,0
2016-08-23 03:00:00,0.0,0.5324964,3.7350674,7.7227535,2.0361380285756505,1.3715688778978299,1.1570730551300998,2.8056874148271964,2.0946064401082563,1.8568619895988507,0,0
2016-08-23 04:00:00,0.0,0.4845286,0.58799684,4.291908,1.5910074760467696,1.3770255862792657,1.1349743778093522,2.21619251999694,2.137047352151334,1.7964626167630238,0,0
2016-08-23 05:00:00,0.0,0.617468,0.47953427,0.9863386,0.5448309836851135,1.4102114649727002,1.1575387971715774,0.4532536817388792,2.1490633989871553,1.797130744407682,0,0
2016-08-23 06:00:00,0.0,0.46875083,0.6207529,0.85648704,0.5235824778295681,1.2798602532026095,1.1075297417730605,0.4725587131454836,2.150713408577776,1.8091706971381027,0,0
2016-08-23 07:00:00,0.0,0.26408294,0.3688728,0.9131798,0.45010057904218675,1.0205540275444784,1.041503776442384,0.4231654845565801,1.7432338124928053,1.791631158141691,0,0
2016-08-23 08:00:00,0.0,0.38103187,0.24555051,0.41021338,0.37128855782769676,0.4580597707564052,0.9508908038481528,0.303027813063715,0.4938987825614971,1.7562103283940902,0,0
2016-08-23 09:00:00,0.0,2.2410066,2.0456567,2.2332726,0.9620405743370235,0.7428115260832957,1.0571902019905628,1.241910408228075,1.023912225478863,1.9914585242632776,0,0
2016-08-23 10:00:00,0.0,0.6467301,2.1700897,4.033078,1.0895896309092188,0.7698451049757028,1.0734353456274845,1.3512591288935811,1.0964642546842966,2.0410029684833257,0,0
2016-08-23 11:00:00,0.0,1.2596055,1.3436028,3.286326,1.382447526171263,0.8768680419994795,1.1435397534860903,1.663732996522204,1.3008169419834021,2.075166664382127,0,0
2016-08-23 12:00:00,0.0,0.35380003,1.0546079,2.346213,0.7533785856215843,0.8577095799793041,1.0687849165909569,0.7993656482178874,1.2746274676470641,2.033770004585874,0,0
2016-08-23 13:00:00,0.0,0.39108405,0.3118032,1.1905848,0.6681632304624866,0.8788764306858526,0.9497152291151656,0.6646482993298606,1.2936757192247461,1.8592451152614033,0,0
2016-08-23 14:00:00,0.0,0.4018381,0.39811933,0.6601243,0.3822407373805591,0.8823441317759111,0.670201951266158,0.27431342912575146,1.2860191021402072,1.02267500525393,0,0
2016-08-23 15:00:00,0.0,2.0460455,2.0477965,2.274153,0.9463225731586052,0.8498505793900949,0.7963310527366951,1.2841490756024887,1.0616274290243368,1.3068677069994967,3,0
2016-08-23 16:00:00,0.0,0.92511946,2.560675,4.59694,1.1243343530719845,0.8962487917672358,0.8330469483714694,1.4576249440495201,1.1251089489349289,1.3911960169109536,1,0
2016-08-23 17:00:00,0.0,1.5188798,1.5303985,3.9979486,1.4966815350065092,0.9394611361935341,0.9081645890965068,1.9838811885636003,1.492302696556583,1.5098013515545126,0,0
2016-08-23 18:00:00,0.0,2.1198459,2.0066304,3.0192282,1.5212816788159218,1.2338021259872634,1.0457558529832838,1.464313706814039,1.9125155654509312,1.7336169825889294,0,0
2016-08-23 19:00:00,0.0,0.39751044,1.9611162,3.6252637,1.3454120488341694,1.234873200953077,1.0568748158194647,1.4019252413934098,1.8823926230833254,1.7339282049747697,0,0
2016-08-23 20:00:00,0.0,0.3862095,0.40490115,2.0670576,0.9678553226097764,1.2322684288081431,1.057306280292027,1.169289158152258,1.902592915749677,1.7292175661130214,0,0
2016-08-23 21:00:00,0.0,0.915347,1.1252471,1.4107467,0.5663556613538862,1.043818670084904,0.9468346247374995,0.720748904407582,1.427765603588853,1.5199481535515444,0,0
2016-08-23 22:00:00,0.0,2.637002,2.9370914,3.7953641,1.3128527415050093,1.3291323951695893,1.1126905934684124,1.7884012673586855,2.0637527140729044,1.937340133478147,1,0
2016-08-23 23:00:00,0.0,0.991025,2.1193464,4.898771,1.5144579045742805,1.2411566135920287,1.0903088748927814,1.723418429394203,1.8892888461710442,1.9422678953095542,0,0
2016-08-24 00:00:00,0.0,0.968635,1.28327,1.9474877,1.532220588426055,1.0492881248899708,1.1415451254386173,1.7003408165845673,1.5082899915853571,1.985626142321171,0,0
2016-08-24 01:00:00,0.0,0.41857255,0.93295085,2.1225412,0.7927441931837689,1.0527984673443889,1.143835834148733,0.8760380401343131,1.4999147216368636,1.9814436144090652,0,0
2016-08-24 02:00:00,0.0,3.153143,2.9489985,3.6461852,1.5134500882252395,1.5139539963997601,1.3731112126039517,2.0822483033600387,2.394715023378641,2.4636839608446652,3,0
2016-08-24 03:00:00,0.0,0.47962028,3.1001608,5.9338136,1.350445170694772,1.4413328795604137,1.242575774822659,1.8399444051250127,2.2880977766592827,2.1443491906621057,0,0
2016-08-24 04:00:00,0.0,1.7570412,1.7419419,4.5641136,1.7966013307776438,1.2946727619807061,1.3119025785751481,2.322070994032438,2.112877912694423,2.264352927487308,0,0
2016-08-24 05:00:00,0.0,0.6605106,1.9512398,3.4650087,0.9657239561088159,1.2395870221670273,1.2403718178795282,1.269860033866111,2.0636871504914,2.2144731307559913,0,0
2016-08-24 06:00:00,0.0,1.4231014,1.8614821,3.760264,1.2802176308374724,1.3153314007661223,1.1823097628280463,1.3578085145339558,2.0861901728898378,2.232143818998974,0,0
2016-08-24 07:00:00,0.0,0.33675614,1.4716209,3.2820203,0.8067893449512116,1.3016953378644274,1.1772469026044081,1.135367327458874,2.1186201800052804,2.25322712328087,0,0
2016-08-24 08:00:00,0.0,0.25380725,0.27824223,1.7166028,0.6712215722887785,0.8184727641987974,1.1662133802992785,0.8838516586163286,1.202305139428693,2.2414073130324894,0,0
2016-08-24 09:00:00,0.0,0.6502352,0.6069141,0.6984987,0.4135995156227126,0.8469085732300923,1.1441207263952529,0.4432768029292592,1.2054244532654548,2.210345162346703,0,0
2016-08-24 10:00:00,0.0,0.56454575,0.35463548,0.74625504,0.4895293778251378,0.6481593613881748,0.9714160616844404,0.4088466683191456,1.0057466149694934,1.8518527209646278,0,0
2016-08-24 11:00:00,0.0,0.73131967,0.7837166,1.0685645,0.648700189239031,0.6599608807639046,0.9497739514654661,0.5593230650123848,1.0061120931210006,1.7874508927861705,0,0
2016-08-24 12:00:00,0.0,0.5203083,0.95155644,1.509947,0.6053912462273504,0.5094953809250314,0.9124133908455768,0.6729072370856425,0.6569007354204301,1.7583634402398916,0,0
2016-08-24 13:00:00,0.0,2.4960587,2.4904397,3.2193174,1.2492288842723052,0.8693791310487214,1.0855372344565746,1.7564093066718127,1.4217239151061052,2.132968379811402,1,0
2016-08-24 14:00:00,0.0,5.508799,5.4587326,5.8831415,2.8417218601520173,1.7452110246955237,1.2818418944471608,3.567738653719937,2.975371920518633,2.6557462343577765,7,0
2016-08-24 15:00:00,0.0,0.79636854,5.073284,10.465578,2.9337419675964913,1.7695666069119211,1.3082375900710066,3.464932112714708,2.9600970788627623,2.6422146867495826,0,1
2016-08-24 16:00:00,0.0,0.6676108,0.83600575,5.38169,2.324259372425571,1.7867441283489378,1.2174517448685565,3.200051831658771,2.9099158084315615,2.4986943372562633,0,1
2016-08-24 17:00:00,0.0,0.40718317,0.4859415,1.1948302,0.6237209063153999,1.7327213832337087,1.1963411319988069,0.5257013896056004,2.7845423467994226,2.423440681547541,0,1
2016-08-24 18:00:00,0.0,0.73617655,0.42476416,0.74549425,0.6036568667338379,1.7686994171651653,1.139097399045098,0.4766691730359257,2.834620247765691,2.305799528204546,0,1
2016-08-24 19:00:00,0.0,1.8052943,1.2069868,0.967035,0.9828846874746703,1.6535720299501204,1.2614755804994209,0.8336905542727417,2.7785286651553975,2.5068951485377227,2,1
2016-08-24 20:00:00,0.0,1.4389187,0.9794817,2.012596,1.326796543805774,0.9752587250605866,1.3602348748780557,0.8280139813234086,0.9911896978687905,2.602981253294948,0,1
2016-08-24 21:00:00,0.0,0.6177881,1.055258,1.3517236,1.2873337181233722,0.9454952924286051,1.357530949670263,0.9100155949073059,0.9133073560152832,2.59319936549829,0,1
2016-08-24 22:00:00,0.0,1.0284412,0.93954736,1.3621863,1.028382683659183,1.005633685566927,1.396188906957932,1.0524871819271147,1.0646948935708114,2.6578669368862355,0,1
2016-08-24 23:00:00,0.0,0.44729272,0.79852784,1.676126,0.6978406845842954,1.0123186141950347,1.3725199987143717,0.6121262268243729,1.0734666709028855,2.6192497906184746,0,1
2016-08-25 00:00:00,0.0,0.2369114,0.24353263,0.89587617,0.5708817936472261,0.9291077558852994,1.348903586525232,0.5194661914335007,1.1018562795256783,2.5885206269154506,0,0
2016-08-25 01:00:00,0.0,0.35947055,0.22385426,0.4205861,0.34789156176523384,0.6881371227122084,1.1708545763311644,0.21468891368857476,0.84724084889481,2.297242332109605,0,0
2016-08-25 02:00:00,0.0,1.3459686,1.1070098,1.1184978,0.6474501920228772,0.6726454383035864,0.8239520816820864,0.6855878970400936,0.8460295803951233,1.0563071546024771,0,0
2016-08-25 03:00:00,0.0,3.3590522,3.1277635,3.4835846,1.688163921439714,1.1295228575434701,1.0375090749860376,2.008746392803934,1.5563412332042652,1.5212442895593745,3,0
2016-08-25 04:00:00,0.0,0.5341672,3.0184834,5.78014,1.7463961442276634,1.0471438529964485,1.0263887692816878,2.0234770803748234,1.5579658537548229,1.521823252204832,0,0
2016-08-25 05:00:00,0.0,1.2611705,1.3051263,4.182472,1.718130105377888,1.1827901487003827,1.097554381447709,1.8493056659497182,1.6438968471732842,1.6085593656878794,0,0
2016-08-25 06:00:00,0.0,0.88063705,1.4268159,2.5922396,0.8919915705804062,1.2900777460100599,1.10959275094768,1.0194451785493286,1.7470444138727537,1.692671890438778,0,0
2016-08-25 07:00:00,0.0,0.60365254,0.8918875,1.7001208,0.9151533553931657,1.3307747498104145,1.0094559362613116,1.032660224782716,1.7613987601770307,1.5426822998491427,0,0
2016-08-25 08:00:00,0.0,1.9051133,1.72555,2.1886864,1.129800918752435,1.4239655120651613,1.0483054751843743,1.2799364762775685,2.1432738308365455,1.7029635261594827,2,0
2016-08-25 09:00:00,0.0,0.48911414,1.7997015,3.4253016,0.9992932906782331,0.9456424306293197,1.0375826440863947,1.1431352761980391,1.3965124376388909,1.7161336404498195,0,0
2016-08-25 10:00:00,0.0,0.72420055,0.5209409,2.1190765,1.0394759265036875,0.9773146409484266,1.0122292469724377,1.22128576554747,1.3991686414073832,1.7141042116503933,0,0
2016-08-25 11:00:00,0.0,0.7322437,0.99563885,1.3954977,0.6485194532213872,0.8891601859869113,1.0359751673436466,0.6279201295264293,1.2201726297022315,1.7681265728098683,0,0
2016-08-25 12:00:00,0.0,0.5229104,0.41052485,1.247659,0.659784872777482,0.8295390817278577,1.0598084138689587,0.572613185749978,1.1070118854653481,1.765589018405123,0,0
2016-08-25 13:00:00,0.0,0.5334354,0.41500875,0.50982535,0.5961964938576629,0.817836210180675,1.0743054799955447,0.3673700690130073,1.1009727386104118,1.7552189357665262,0,0
2016-08-25 14:00:00,0.0,1.3667159,1.2084497,1.354819,0.807687188347816,0.7281033207846017,1.0760344164248816,0.775073231676528,0.7918563726519656,1.7925163267460575,0,0
2016-08-25 15:00:00,0.0,0.9059725,1.2064838,1.9266022,0.9353745379226478,0.7975797053500647,0.8716110679896921,0.9251935357276939,0.910640428301216,1.3389768276236176,0,0
2016-08-25 16:00:00,0.0,1.5710148,1.9077785,3.0078025,1.281234365780904,0.9387154298192837,0.958015035383855,1.3902745334715292,1.1708516830094025,1.512914238522446,0,0
2016-08-25 17:00:00,0.0,1.079148,1.6421778,3.2454863,1.1853784276721946,0.9965328080100052,0.9428464969984581,1.407296696882945,1.273629073746983,1.4198000366049124,0,0
2016-08-25 18:00:00,0.0,1.0275562,1.3852079,2.8983424,1.2259063606120961,1.0806404492673718,0.9550897654976145,1.382484425162024,1.319279194103918,1.431591484374013,0,0
2016-08-25 19:00:00,0.0,0.18487796,0.89738244,1.8977995,0.7638607413367786,1.0225475535588415,0.9201918818697581,0.9146924123115887,1.3313301310289243,1.4329970585803167,0,0
2016-08-25 20:00:00,0.0,0.22497064,0.14755565,0.9536536,0.47913492461031565,0.832256676141255,0.7801799984629281,0.551893307981664,1.1707411917285797,1.1602740707433243,0,0
2016-08-25 21:00:00,0.0,0.2883634,0.15716895,0.2504838,0.2327373239308658,0.7293218422714806,0.7634507738107729,0.12694398383663733,1.1039441037627045,1.1585480655206477,0,0
2016-08-25 22:00:00,0.0,0.71632427,0.6047118,0.7076266,0.4098861134781602,0.5868734274074696,0.7627944286133765,0.3695643796976121,0.8875303050685861,1.1423161071388486,0,0
2016-08-25 23:00:00,0.0,0.4710948,0.6789626,1.2430431,0.49192751688122016,0.4855312207457679,0.7410320143778863,0.4322969383514903,0.6193826035146216,1.1047190919838679,0,0
2016-08-26 00:00:00,0.0,0.43116686,0.31120288,0.8337657,0.5395286631584839,0.3861329935446749,0.7333867214060232,0.47780625625912404,0.37685375990248227,1.0969863004551874,0,0
2016-08-26 01:00:00,0.0,0.35300103,0.35544807,0.5786434,0.41842090646860447,0.41415350997338224,0.7183505317661119,0.2567162502304328,0.3953990626275949,1.0802876403477428,0,0
2016-08-26 02:00:00,0.0,0.36242568,0.24904023,0.45787886,0.3821978687207247,0.4370626928009723,0.6346596844711139,0.28599538219727955,0.43450659807960607,0.9570439787593649,0,0
2016-08-26 03:00:00,0.0,1.0602044,1.095284,1.2950393,0.5918770509291098,0.565702857043797,0.6475123496576388,0.6384862141244974,0.6195134305196587,0.9651312518074792,0,0
2016-08-26 04:00:00,0.0,0.27052402,0.9488903,2.0172298,0.5643846976668137,0.491402802067709,0.5391381147375893,0.6546605071333701,0.5619638450593044,0.8270540610520452,0,0
2016-08-26 05:00:00,0.0,1.1036004,0.94024456,1.7567345,0.8114429279395793,0.5968203983301521,0.54117580953796,1.0122350404248615,0.8639335572020376,0.8368312242312274,1,0
2016-08-26 06:00:00,0.0,1.2387539,1.7496324,2.580752,0.8709594140782145,0.7314182325036623,0.5587756130241684,1.0743423878204523,1.165573328134105,0.9664645507432101,0,0
2016-08-26 07:00:00,0.0,0.19753961,1.1618235,2.668399,0.8466312859958451,0.7055079918313294,0.5598307509023559,1.102212402218069,1.177772213559949,0.9718181670936066,0,0
2016-08-26 08:00:00,0.0,0.66355175,0.6299517,1.5545974,0.6999483780432066,0.7556956529913935,0.5963791728961826,0.957252863271626,1.1812777401871304,1.019547422963474,0,0
2016-08-26 09:00:00,0.0,2.0277443,1.7379612,1.6923747,0.962945178856955,0.9169522964675849,0.7413275767556909,1.1304003500509212,1.4190709423794927,1.3182748917564924,0,0
2016-08-26 10:00:00,0.0,1.7496668,2.2301347,3.7596612,1.4803209726976427,1.163476129346744,0.8274394657072263,1.554782570746445,1.6349537076040357,1.4108995328487544,1,0
2016-08-26 11:00:00,0.0,0.8519934,1.8141603,3.394329,1.5431348806313214,1.1215416293372646,0.8591810138337083,1.6616471630135068,1.6184723859079666,1.4471170451143347,0,0
2016-08-26 12:00:00,0.0,3.203975,3.0309,4.18699,1.93521177372004,1.4490784762884978,1.0902483543960801,2.6033869791052826,2.3240730599145363,2.0353589959085028,5,0
2016-08-26 13:00:00,0.0,2.6306183,1.0283272,3.6414852,2.2288622762295516,1.8545916244635963,1.2800498081474627,1.8543274882845546,2.5565709708950615,2.26205708687745,6,0
2016-08-26 14:00:00,0.0,2.6536024,3.3526213,3.9050949,2.829398651589568,2.1862667661104447,1.4709812095509192,2.2249687778006817,2.8703697634588505,2.3995280274885746,0,3
2016-08-26 15:00:00,0.0,0.5961719,2.5678208,5.067973,1.9601310015772364,1.9476713876486378,1.432311842058111,2.4544090293038896,2.5791853584512885,2.329443171520373,0,0
2016-08-26 16:00:00,0.0,0.8109976,0.8158818,2.7316794,1.353590689790268,1.7912264830099098,1.4773513061783266,1.7112743604418492,2.3599693565863427,2.390056427133064,0,0
2016-08-26 17:00:00,0.0,0.13105887,0.6942087,1.4465605,0.512742807925078,1.6710707297573228,1.3963061795472937,0.5563599799241383,2.3433509658570926,2.3755803369934827,0,0
2016-08-26 18:00:00,0.0,0.82621694,0.8376427,1.4412824,0.5894244448277173,1.2747777232024764,1.361928099745487,0.8405978611706966,2.188443183326765,2.347156435891524,0,0
2016-08-26 19:00:00,0.0,0.33816442,0.76080364,1.5055077,0.4318133932491939,0.892702041519731,1.373646832991664,0.5255432886893324,1.4897018473742862,2.3412195098206796,0,0
2016-08-26 20:00:00,0.0,0.41796303,0.39099014,0.95479256,0.5274481144458482,0.5200954611854631,1.353181113647954,0.5358092812563248,0.7248232565397367,2.344734397774498,0,0
2016-08-26 21:00:00,0.0,1.872895,1.722931,1.8221279,0.8763408724261204,0.7328826586269189,1.3402770231377783,1.0955822151203938,1.1769552649039012,2.428401085625969,2,0
2016-08-26 22:00:00,0.0,3.763156,4.6736736,5.7597394,2.0180046548838115,1.224909024066503,1.5080677535382068,2.832378858714213,2.2912849365498955,2.581792308598773,8,0
2016-08-26 23:00:00,0.0,3.9273362,6.936393,11.339616,3.187795757630519,1.8576219360381843,1.7643463328977533,4.76821689651897,3.6408785194837354,3.331433137421856,7,1
2016-08-27 00:00:00,0.0,3.5693636,5.8923745,11.61005,3.753285263178618,2.3148130678023686,1.794795395502423,5.472232863109643,4.46511370062496,3.8638911976123675,5,1
2016-08-27 01:00:00,0.0,0.6363784,3.533347,9.360268,2.7110261561462634,2.3645154055150375,1.6286087235173847,3.5246049427822417,4.414273181978315,3.642518371504329,0,1
2016-08-27 02:00:00,0.0,0.85571724,0.36323193,3.609861,1.6871531069780255,2.437474432304272,1.4787849467448675,2.140035124750968,4.376320539142784,3.3347586956381816,0,1
2016-08-27 03:00:00,0.0,1.568787,0.9339803,0.9881213,1.0202942108042123,2.386789736991415,1.559836197809167,0.6552295537159762,3.8839259404372855,3.334342785956863,0,1
2016-08-27 04:00:00,0.0,0.74960834,1.1852939,1.8909156,1.0580375219170934,1.8845318390316783,1.5547204315490906,0.7480381192809461,2.843588801923831,3.3224354465708497,0,1
2016-08-27 05:00:00,0.0,0.8360834,0.97972727,2.0513284,1.0514929474951404,1.3693230272365824,1.6134724816373827,0.9023726655692165,1.9390574677175623,3.317275974351866,0,0
2016-08-27 06:00:00,0.0,0.6664787,1.1514208,1.9988279,0.7507235159583764,0.8855088633812942,1.6001609655918314,0.8409796281845142,0.9060457366532725,3.277427275253853,0,0
2016-08-27 07:00:00,0.0,0.243219,0.5632448,1.6818594,0.5819270633116621,0.8199822926143777,1.5922488490647073,0.6767929168066761,0.9135239612804238,3.2770135421160096,0,0
2016-08-27 08:00:00,0.0,1.2590076,1.155734,1.6091552,0.7229017456853581,0.8871973465902495,1.6623358894472609,0.9268809770675065,1.0442181501496473,3.3041762312738654,0,0
2016-08-27 09:00:00,0.0,2.233392,1.3749572,2.2245696,1.2452062850856616,0.9979649005220189,1.6923773187567168,1.2821609661372508,1.3079225995849648,3.2316388589490708,0,0
2016-08-27 10:00:00,0.0,1.4753217,3.0394027,4.166239,1.6559071612850964,1.1189171122983794,1.5017244756650285,1.808429727898143,1.6019376036841921,2.9365723624602715,1,0
2016-08-27 11:00:00,0.0,0.31389102,1.331868,4.1414413,1.3408683325915758,1.031885039138467,1.2006040331875243,1.841144218050037,1.630572563371848,2.2324249448231615,0,0
2016-08-27 12:00:00,0.0,0.23078994,0.22025762,1.3028232,0.6733342052697721,0.9592702451777172,0.9223895542795059,0.832735704274193,1.50133000518446,1.4409851202132935,0,0
2016-08-27 13:00:00,0.0,0.35766304,0.2944471,0.41892016,0.3007813463510509,0.9783442538180736,0.8991632732162256,0.22600964658532383,1.5207181238957768,1.4544293082965003,0,0
2016-08-27 14:00:00,0.0,0.90135306,0.707352,0.8770514,0.4966020155568334,0.9187351740742044,0.9029662603322269,0.4901019297978303,1.5709581906548913,1.4966057577829426,1,0
2016-08-27 15:00:00,0.0,1.6227925,1.6451775,1.8600863,0.9606028737481924,0.8169685395089822,0.9074667200155005,1.0681876089272597,1.2274986169007633,1.508325679409776,0,0
2016-08-27 16:00:00,0.0,0.7527576,1.8352363,3.1961088,1.0923010448058512,0.696541195578451,0.9077291539384151,1.2826180000484195,0.9858478056766753,1.5045854496332496,0,0
2016-08-27 17:00:00,0.0,0.18109852,0.6468457,2.2002325,0.8522161991092242,0.6744091073330288,0.8531470732357479,1.126324015509096,1.000074950489168,1.497695380119984,0,0
2016-08-27 18:00:00,0.0,0.38461068,0.2810568,0.80614746,0.4394889171982599,0.7000458954732262,0.8296580703254715,0.478292267253208,1.041998927011395,1.4683521265652844,0,0
2016-08-27 19:00:00,0.0,2.1171968,2.0954413,2.2753015,0.894301965447564,0.9933015051267077,0.9858228794723906,1.2489439937853541,1.6769224415982427,1.681488328196357,3,0
2016-08-27 20:00:00,0.0,0.31553933,2.0852249,4.045019,0.9391155518797443,0.8956658754944841,0.9072005247843443,1.3043140246385774,1.5577313027813597,1.64965582414265,0,0
2016-08-27 21:00:00,0.0,0.39797983,0.3309354,2.341123,0.9435719276472753,0.6915304224227677,0.754249480965875,1.26666153105395,1.1255165224371733,1.5023160786810683,0,0
2016-08-27 22:00:00,0.0,0.9094669,0.6796968,0.75575256,0.5409953456829787,0.7176486555652714,0.7070949255718613,0.4837608054408871,1.165307453871841,1.3032113391416618,0,0
2016-08-27 23:00:00,0.0,1.0570889,0.5288259,0.8385615,0.7881785168232623,0.8636470343515033,0.7690280708422662,0.532095919411812,1.2759860198684267,1.364593722411827,0,1
2016-08-28 00:00:00,0.0,0.50698066,1.012271,1.3350922,0.8245121178344931,0.8840420227408842,0.7920439591070552,0.623387101469936,1.3021783105911686,1.3813507261867208,0,0
2016-08-28 01:00:00,0.0,1.6663041,1.618782,2.571218,1.0767911278221725,0.8088932367525756,0.9010973709396418,1.1061948632355398,0.9248882775624052,1.5606210774012543,2,0
2016-08-28 02:00:00,0.0,0.8252814,1.2494475,2.763008,0.9995219709469879,0.8938502438851255,0.8947580596898049,0.9447955600769529,0.88620451722223,1.5432437733930322,0,0
2016-08-28 03:00:00,0.0,0.8493118,0.8899934,1.1914074,1.1136324040274956,0.9690722609309943,0.8303013416768809,1.075439977126922,0.9529428622454869,1.3759214301714713,0,0
2016-08-28 04:00:00,0.0,0.5581409,0.8665808,1.6715986,0.7442446998413019,0.9105179138317373,0.8140832846985042,0.7157704276647862,1.0464260271319907,1.3230422328372338,0,0
2016-08-28 05:00:00,0.0,2.2808137,1.8976575,2.0915794,1.2294221243569752,1.1144720476519814,0.9890595410017423,1.4776297641178884,1.3592124847216858,1.451344155608941,2,0
2016-08-28 06:00:00,0.0,1.2128955,2.629432,4.3971863,1.3506166798260821,1.232124541926789,1.0580832823338369,1.604851169745112,1.611240838594733,1.635499485472326,0,0
2016-08-28 07:00:00,0.0,4.9733152,5.0963774,7.310214,2.8223415062492174,1.7832931030452597,1.296093169898918,3.7792759636767297,2.9748064723786607,2.405518647889337,5,0
2016-08-28 08:00:00,0.0,1.6848831,5.1477847,9.999314,2.623697986998498,1.9265600556777365,1.4102051497814307,3.403455618646934,3.0757891399682866,2.469310493303701,2,0
2016-08-28 09:00:00,0.0,1.864616,1.894297,5.6797237,2.840938130834017,2.0957774053300495,1.532424833130522,3.6164069534407477,3.197434301381416,2.6408951889108034,2,0
2016-08-28 10:00:00,0.0,0.6392133,1.8341613,3.4315965,1.3962374628727263,2.1092894845609718,1.509903699196355,1.2952363387649737,3.2097442812306323,2.6369909983014024,0,0
2016-08-28 11:00:00,0.0,2.045804,2.135301,3.656607,1.516544496736453,2.0701212418674753,1.5922966447597284,1.8518929865080798,3.4216316350674476,2.899580582453393,1,0
2016-08-28 12:00:00,0.0,0.57199347,1.5898306,3.5809226,1.0856703325518182,1.963304231692918,1.5977143868098536,1.2274386943869067,3.235852530375235,2.880361441063277,0,0
2016-08-28 13:00:00,0.0,1.424403,1.5918924,2.3400772,1.3474001811493928,1.3718188220110592,1.5775559625281592,1.6940701643450369,2.0395279826565136,2.898023428198141,0,0
2016-08-28 14:00:00,0.0,2.3924367,2.7966075,4.253294,1.4629443830541669,1.4897444398953101,1.7081522477865239,1.827961525145194,2.339488146334807,3.153773180356258,2,0
2016-08-28 15:00:00,0.0,1.9091105,3.2926838,5.7710266,1.908650035323058,1.4971601839374384,1.7964687946337439,2.287293693017398,2.2876824192888665,3.3297431027612316,3,0
2016-08-28 16:00:00,0.0,1.956288,1.8542383,4.3168116,2.0859451119050756,1.7166726465272344,1.9129810655441033,2.292075263375427,2.31822758315018,3.40663296849041,0,0
2016-08-28 17:00:00,0.0,2.5936034,2.0461338,2.7464976,2.153000582854608,1.8079724829543877,1.9390468624109323,1.8872121675268796,2.4608154317038724,3.5738113296536826,4,1
2016-08-28 18:00:00,0.0,1.9010112,1.7263703,3.5545619,2.150300848075696,2.0294754416993768,1.9963898366961474,1.4680664128212628,2.579691737858506,3.543137312154028,0,2
2016-08-28 19:00:00,0.0,0.91251206,1.1273053,1.6770219,1.8023754819338391,1.9441602969194567,1.6579895594652578,1.3116795984012746,2.431368455826632,2.6548091309938227,0,0
2016-08-28 20:00:00,0.0,0.5805401,0.6215154,0.82631516,1.1313544750772047,1.642177528965907,1.5659609844306086,0.8852704637284585,1.770354042554304,2.5845825584864506,0,0
2016-08-28 21:00:00,0.0,0.72225004,0.5038791,1.056397,0.738434069626302,1.4443674588509987,1.4707638213942182,0.5005096073630518,1.5138655888197041,2.3154209209301295,2,0
2016-08-28 22:00:00,0.0,1.8399117,1.7301637,1.9613055,1.0475673027325094,1.4249713923331742,1.5708220194302045,1.1185187104673053,1.7023455877789635,2.559958081857682,3,0
2016-08-28 23:00:00,0.0,0.53155434,1.4442271,3.037033,1.0312387107524403,1.0812965929148226,1.4446345379346053,1.0568118560427817,1.2526222918289145,2.3795807150697854,0,0
2016-08-29 00:00:00,0.0,1.6568007,1.6209074,2.871968,1.34275561312719,1.0405948413767458,1.535035141538061,1.61302022252257,1.32618631587306,2.4042161981542796,2,1
2016-08-29 01:00:00,0.0,1.4059842,1.4160349,2.7394903,1.198113083401759,1.1228401930671346,1.5335002449932957,1.1174591829744929,1.4486372622494925,2.3207392806524707,1,1
2016-08-29 02:00:00,0.0,1.4438757,1.4295765,1.9083219,1.5022202268170188,1.2667294687847293,1.4544534988753182,1.2138755663302025,1.5540653650892071,1.8624512030718436,0,1
2016-08-29 03:00:00,0.0,0.41110632,1.2793276,2.4560707,1.0869887736515003,1.2148721933893454,1.329619826120172,1.051694638194797,1.5657814729113195,1.71925684319132,0,1
2016-08-29 04:00:00,0.0,0.7809808,0.6512481,1.6047778,0.8786543483508803,1.0383837158763198,1.2316775541047469,0.8769825463739945,1.1774075019797805,1.6665795217944923,0,0
2016-08-29 05:00:00,0.0,1.6709944,1.4646157,1.8757752,0.9543605085447869,1.2282903676809023,1.1547934802978626,1.000616799328183,1.4469014528698674,1.6239076744684118,0,0
2016-08-29 06:00:00,0.0,1.8453587,2.607013,3.4051332,1.4324446265038786,1.2597167000776894,1.1501557707272179,1.6618174098896996,1.5706518743624562,1.6970787989642477,2,0
2016-08-29 07:00:00,0.0,1.0759051,1.0520042,3.5291023,1.530752720599164,1.2047035344750219,1.163771863771078,1.5813506338207541,1.497962633304076,1.7483459970674728,0,0
2016-08-29 08:00:00,0.0,0.6135845,0.59741783,1.298751,1.178282799838401,1.0663216541915939,1.1665255614881616,0.8480750289684891,1.3600401833887388,1.7309191294173287,0,1
2016-08-29 09:00:00,0.0,2.375572,2.1896584,2.3340452,1.3550205140386322,1.3937325702712553,1.3043023818303003,1.5293403675770207,1.9634346659176551,2.1342459980228785,3,0
2016-08-29 10:00:00,0.0,0.5845578,2.4882145,4.302019,1.1912380279493935,1.3609953742742789,1.1996895450752993,1.5323194172448429,2.073483726837206,1.8560237835346407,0,0
2016-08-29 11:00:00,0.0,1.021246,1.1118773,3.5033338,1.3271251996148192,1.25270399972661,1.2404971837037564,1.8053352771858093,1.865051851579861,1.8555837413051732,0,0
2016-08-29 12:00:00,0.0,0.9351122,1.0844499,2.1736755,0.8469720063873217,1.1009962602129768,1.180356480145333,0.8668038881185806,1.7011857653141167,1.7821387590272149,0,0
2016-08-29 13:00:00,0.0,2.562437,1.8813014,2.0018952,1.5062651802684626,1.3487516041089285,1.2767275692919753,1.5262264507068388,2.1654848233847215,2.073976177659256,3,0
2016-08-29 14:00:00,0.0,0.837519,2.3601112,3.9688578,1.4450228224501025,1.3860740110324608,1.2261978326120277,1.3793908286201737,2.1337110324451203,2.0561617560603134,0,1
2016-08-29 15:00:00,0.0,2.2379172,1.9086624,3.8323336,1.8792911119912061,1.3631315591892634,1.3784320647302593,2.0901319783669923,1.6765797160146043,2.2745839949591615,3,0
2016-08-29 16:00:00,0.0,1.4509397,3.1764078,5.0107517,1.5087919002595136,1.5075285402639884,1.4342619572691335,1.8442056121734105,2.0995276780672767,2.3884724088272207,2,0
2016-08-29 17:00:00,0.0,1.0371644,0.85369694,3.9762487,1.5753404154823925,1.5101816189662476,1.3814428093464288,1.8180692443128093,2.035480116022292,2.241794038006929,0,0
2016-08-29 18:00:00,0.0,2.930677,2.6137838,3.008435,1.8062602683933078,1.8427756901922563,1.4718859752026168,1.8414348468420505,2.8984095754376704,2.4470623159637013,3,0
2016-08-29 19:00:00,0.0,0.5094855,2.9056787,5.1043544,1.4924422505827415,1.5006170754211272,1.4246843397650277,1.8407569309690994,2.314792812284779,2.4429805163247247,0,0
2016-08-29 20:00:00,0.0,0.39758113,0.24857293,3.0808468,1.2792477960752067,1.4272941057787996,1.4066840584056306,1.6938655058691692,2.3088458691476195,2.4523087112086928,0,0
2016-08-29 21:00:00,0.0,1.7089311,1.4777646,1.6697837,0.8719993242516142,1.339129796322461,1.3511306777558625,0.8926949196812003,1.9099110219498299,2.378817469409142,0,0
2016-08-29 22:00:00,0.0,0.8031154,1.7454791,3.1714456,0.969875926281979,1.23115908843236,1.369343814348174,1.0743719865269314,1.7493254417370296,2.38655610004124,0,0
2016-08-29 23:00:00,0.0,0.30685744,0.7266077,2.1312497,0.9396346992352651,1.1094412476552362,1.3098114333107418,1.1160598178524863,1.645536491002975,2.328212350031117,0,0
2016-08-30 00:00:00,0.0,0.43673408,0.29079643,0.8591963,0.5155689728133548,0.6937841485324846,1.2682799193623706,0.46656066262420215,0.8967224847265547,2.3382651806882135,0,0
2016-08-30 01:00:00,0.0,0.6886826,0.5839104,0.78732187,0.4774247521454862,0.7236503392137325,1.1121337073174298,0.4174323764878971,0.9296541073307656,1.9113976875670347,0,0
2016-08-30 02:00:00,0.0,0.9498718,1.2478696,1.7029136,0.6917628394954316,0.8156987693653485,1.121496437572074,0.8200154954875438,1.016554098326435,1.9268989326686226,0,0
2016-08-30 03:00:00,0.0,0.5978394,0.96541214,2.0219853,0.7454646182300049,0.6305167955216798,0.9848232959220703,0.861080770485306,0.7726895668364421,1.6797046765592074,0,0
2016-08-30 04:00:00,0.0,1.4382381,1.0314561,1.7978278,0.9953164543710222,0.7363706032582543,0.9837648458453073,1.0341659018944462,0.9771191081661452,1.567958844547533,0,0
2016-08-30 05:00:00,0.0,0.71079123,1.1051998,1.9696462,0.9156229585027688,0.8036928989991002,0.9565670733271682,0.7151195404000898,1.0040939166063874,1.5146866360688052,0,0
2016-08-30 06:00:00,0.0,0.8222644,0.9420862,1.8493272,0.9904312743419296,0.8679479462859672,0.780866047409226,0.9419828130162938,1.0956558044188265,1.1234592202311786,0,0
2016-08-30 07:00:00,0.0,0.3589099,0.7733196,1.6061281,0.6306551809285692,0.812985817649796,0.768318078431764,0.6529766538676758,0.9901529155746867,1.1223343064882465,0,0
2016-08-30 08:00:00,0.0,0.5035074,0.4033282,0.88975376,0.5615605680109989,0.7385917632568837,0.7771452663111161,0.5808177847647392,0.837863985419672,1.1499058596197262,0,0
2016-08-30 09:00:00,0.0,0.450824,0.6972885,1.0771143,0.4377470916991066,0.714089183020518,0.6723029892710989,0.39670478307499374,0.8492368284125819,0.9383746840972028,0,0
2016-08-30 10:00:00,0.0,0.49938762,0.4674597,1.0965935,0.4845729802053155,0.5576140805669424,0.6469923419125984,0.5336793356651864,0.6453425122558154,0.9330984639747513,0,0
2016-08-30 11:00:00,0.0,0.63727474,0.599966,1.0188817,0.5291621020675614,0.5453613350392802,0.6745271170191902,0.41011536884399347,0.6349308211739707,0.9554351435767845,0,0
2016-08-30 12:00:00,0.0,0.47351038,0.31194168,0.76949286,0.5367242350257019,0.48723566336240437,0.6775918048241858,0.3792868132150122,0.5086767793301032,0.9544203693805466,0,0
2016-08-30 13:00:00,0.0,0.38813648,0.2110346,0.44047475,0.49964054710391803,0.4921067636546168,0.6525462906522065,0.23093659129012306,0.5184998498791205,0.8810628413970923,0,2
2016-08-30 14:00:00,0.0,0.9001351,0.802794,0.90901035,0.5872606715246577,0.5582113867961094,0.6484015750264968,0.509754927639003,0.5632981222700207,0.8295473376884798,0,1
2016-08-30 15:00:00,0.0,0.7606252,0.9689313,1.6123458,0.6829656106087437,0.609844922817223,0.6619670529188703,0.6450879277058853,0.5845463763061357,0.825854403472485,0,0
2016-08-30 16:00:00,0.0,0.53687406,0.54084647,1.3821832,0.7325447954842924,0.6160926712941053,0.5868533759305236,0.6592530532220153,0.5449426278253573,0.7353103631421146,0,0
2016-08-30 17:00:00,0.0,1.5427899,1.4392234,1.854679,0.9467630739210008,0.7670118727228293,0.6561866038810548,0.9995820563850606,0.9894769601833168,0.9851187725672499,0,0
2016-08-30 18:00:00,0.0,1.2647263,1.3816668,2.5395672,1.1147967908403562,0.89888120072455,0.6930584320434772,1.1092257403296346,1.1963979543649403,1.0097711215720473,0,0
2016-08-30 19:00:00,0.0,1.8111732,2.2178695,2.9516313,1.5395631775732737,1.136053986528783,0.8140803750917001,1.6745568516220415,1.6350748096001673,1.3293638900416254,2,0
2016-08-30 20:00:00,0.0,1.2085769,1.9091594,3.2720368,1.4281588042663773,1.1874609390936892,0.8728361629448993,1.6507420662968295,1.6429193965070585,1.4532922143113218,0,0
2016-08-30 21:00:00,0.0,0.97823787,0.6636665,2.3864686,1.3326626426682981,1.223729716754327,0.9167873197857751,1.2663622955526619,1.6336949476836615,1.5008684678736879,0,0
2016-08-30 22:00:00,0.0,0.7728947,1.3154967,1.6887829,0.9865697955957886,1.2630664865845311,0.9395795789393183,0.9084608691252694,1.7057744779330146,1.521750947810031,0,0
2016-08-30 23:00:00,0.0,0.18748583,0.65506047,1.8936383,0.6462061291814762,1.0371824667239269,0.902097169723378,0.8046189801908289,1.5180153948214719,1.5245341759169921,0,0
2016-08-31 00:00:00,0.0,0.38169396,0.30611327,0.905573,0.44735815475876217,0.8900103987135303,0.89444579971904,0.4564242661767688,1.2638060716321773,1.519646478077605,0,0
2016-08-31 01:00:00,0.0,0.59544104,0.48720348,0.61482096,0.38820692723754124,0.6873883614166648,0.9117211739727239,0.3651526377973095,0.884187491532608,1.5057688252556891,0,0
2016-08-31 02:00:00,0.0,0.3145819,0.6125241,0.9623606,0.43057228734467706,0.5383892082630768,0.8629250736783828,0.41551443105979247,0.7475435117855025,1.3735473161103733,0,0
2016-08-31 03:00:00,0.0,1.7084786,1.7880213,2.2722754,0.8728337643235644,0.6600959595411632,0.9419128381477452,1.2381432158701158,1.067677846574396,1.6991867141626722,2,0
2016-08-31 04:00:00,0.0,0.44190335,1.7591516,3.4204514,0.8216545557911734,0.6049307415143573,0.9339986140494446,1.1248085828344145,0.9919502108827253,1.6960165117873407,0,0
2016-08-31 05:00:00,0.0,0.5269354,0.53526783,2.1003766,0.8924390441256699,0.6615056657351736,0.84934406622955,1.1255939077929071,1.029157581031055,1.5701524556358153,0,0
2016-08-31 06:00:00,0.0,0.59851605,0.69266665,1.142473,0.5224516048167638,0.6976426845701642,0.7938265416418474,0.5121005750758354,1.0536199628536123,1.4979203091219029,0,0
2016-08-31 07:00:00,0.0,0.8215541,1.0191551,1.5576092,0.6490018529780622,0.7353282043846179,0.7113582829006412,0.7122545992671994,1.0827409110528803,1.28452930235315,0,0
2016-08-31 08:00:00,0.0,0.6463157,1.0606549,1.9591228,0.6887952927532432,0.7906171684394566,0.6645031883512664,0.8212192517587001,1.1421674432640836,1.1919476638591264,0,0
2016-08-31 09:00:00,0.0,0.75468504,0.4164423,1.1824306,0.7408516204354105,0.6316516126260872,0.6458737860836251,0.7246156501371989,0.7680810212346121,1.0379317003915882,0,0
2016-08-31 10:00:00,0.0,1.0175945,0.7155288,0.8829232,0.8061984028443178,0.7276001279111901,0.6662654347127736,0.5137721417050656,0.8778758301881413,1.0885466268795105,0,0
2016-08-31 11:00:00,0.0,0.78047633,0.7534385,1.3543968,0.8509185980711458,0.7698569454121947,0.715681305573684,0.544148915183021,0.9067607439505619,1.0955034977829459,0,0
2016-08-31 12:00:00,0.0,1.6604726,1.980779,2.069674,1.152847808636297,0.9468497145358539,0.8222461995530093,1.3767857770184397,1.3280274124384406,1.4633771169064536,1,0
2016-08-31 13:00:00,0.0,0.8463451,1.8277792,3.7960203,1.0957646857940178,0.9509815443191675,0.843154874351893,1.179547106313265,1.0756921796480838,1.4445059042933592,0,0
2016-08-31 14:00:00,0.0,0.39849597,0.77928066,2.5221508,0.9684379130799345,0.9096782555755404,0.8501477120074985,1.174339381072031,1.1244516371198492,1.4539570549223124,0,1
2016-08-31 15:00:00,0.0,0.8006648,0.65944594,1.3882185,0.681835286314236,0.9173415474752669,0.7744965800506768,0.6732454548170342,1.2406626532850207,1.2291344731693827,0,1
2016-08-31 16:00:00,0.0,2.1197243,1.5742285,1.7842929,1.1062950205661928,1.101029853180105,0.9143149905456476,1.1571573511546849,1.603186099235538,1.5558021870015204,3,1
2016-08-31 17:00:00,0.0,1.5188416,1.8446462,3.1604464,1.4797435501147151,1.2240907315973253,0.9969738385047602,1.1925931015891793,1.745262400706149,1.6469969227737142,0,1
2016-08-31 18:00:00,0.0,2.715136,2.9748025,4.0774574,2.117900655478353,1.3998679708962949,1.1733588427160746,2.4695722193981773,2.0643794982735932,2.069848218167558,2,1
2016-08-31 19:00:00,0.0,0.91503674,2.1620092,5.0728436,1.7163381276914154,1.4113165741288036,1.1811490592239857,1.755268527774407,1.9018929104013147,2.0521139063839127,0,1
2016-08-31 20:00:00,0.0,0.90314794,0.92199725,2.435662,1.5111068773750973,1.4954252137449062,1.2025517346602235,1.5403133884250677,2.0026567951621383,2.0502837354280827,0,1
2016-08-31 21:00:00,0.0,0.77531946,0.51019675,1.2612987,0.8645013258445019,1.4912009906614274,1.2042712690683472,0.6257614171399605,2.0248366794267953,2.02426911115633,0,1
2016-08-31 22:00:00,0.0,0.78289235,0.54505897,0.6630569,0.8204532196501928,1.268395673670804,1.1847127634254544,0.5422732172841049,1.5884676404365223,1.9411779965740774,0,1
2016-08-31 23:00:00,0.0,0.4796249,0.8072762,1.0850455,0.6792789208508575,1.0951928991129778,1.1596418153551513,0.5581768608209329,1.4227407012500934,1.9591876367632675,0,0
2016-01-09 00:00:00,0.0,0.49857494,0.29621512,1.0500705,0.5870307529049013,0.7257660393747016,1.0628170051354984,0.4863652787145373,0.7422045440567645,1.659044623125317,0,0
2016-01-09 01:00:00,0.0,1.7095318,1.5001732,1.4511789,0.8959104892747682,0.8581818544624806,1.1347492142956423,0.9790512021951522,1.043709410797194,1.7273989724201764,0,0
2016-01-09 02:00:00,0.0,0.7351074,1.6275425,2.9562104,0.9810713329475771,0.8301751268992175,1.162800170322062,1.0608265873859917,0.9999268979051746,1.7285296254326736,0,0
2016-01-09 03:00:00,0.0,1.2036895,0.8521084,1.654912,1.2161095119148368,0.901570132409869,1.1963855615356485,1.2198192986214786,1.0848055764268345,1.7542227585274102,1,0
2016-01-09 04:00:00,0.0,0.5606276,1.1708165,1.9350564,0.8331414785779602,0.8645259839263641,1.066460828798584,0.7460573749773611,1.1445625769247314,1.5385421392898875,0,0
2016-01-09 05:00:00,0.0,1.116454,1.2596697,2.3226712,0.960256990587368,0.9706641617674729,1.032928530440225,1.193276894594926,1.322975039430721,1.541081720834779,1,0
2016-01-09 06:00:00,0.0,2.2084854,2.6635497,3.526275,1.2951889993275065,1.2556492556211718,0.9907076474979366,1.588960713092712,1.685348815181125,1.4487367006856815,2,0
2016-01-09 07:00:00,0.0,0.64356154,2.1341023,4.6812177,1.3228336870689847,1.0779875828234724,0.9680847186429765,1.67638387275805,1.5608482715044865,1.4652912708437111,0,0
2016-01-09 08:00:00,0.0,0.4357992,0.4409971,2.1788135,1.0959487687240577,1.0281028796557128,0.9291390032774652,1.3241456726887353,1.5798848504990113,1.4447511489370477,0,0
2016-01-09 09:00:00,0.0,0.5221119,0.29250836,0.6567477,0.533824225321295,0.9145066123244007,0.908038372367135,0.33155570732020867,1.3274536304369824,1.4299559470565564,0,1
2016-01-09 10:00:00,0.0,0.4712492,0.5840984,0.7149078,0.47638676569690597,0.8996102263829456,0.8820681051546548,0.39536651338274087,1.3260187729258737,1.446708758083556,0,0
2016-01-09 11:00:00,0.0,2.9139667,2.611298,2.7012985,1.3024425960160968,1.1991956823700773,1.084929922068775,1.7113591582411847,1.6905584035961587,1.6599314192018186,0,0
2016-01-09 12:00:00,0.0,1.206747,2.9500206,5.3681717,1.5306543083663569,1.0322392668438256,1.1439442612324988,1.840682702971361,1.5343535633882484,1.7565921427750935,0,0
2016-01-09 13:00:00,0.0,3.075648,2.4070466,3.998092,2.3987873196744562,1.4375870426856816,1.2577873127545773,2.8617857830179134,2.268654477424413,2.1948479125123797,4,0
2016-01-09 14:00:00,0.0,3.0103471,4.800834,6.9848375,2.4309141819230153,1.8666783889695555,1.4473906343126346,2.73723993492905,2.823598517609029,2.477829546449643,4,0
2016-01-09 15:00:00,0.0,3.3207812,2.6159346,5.898924,3.135592173167177,2.333123240766767,1.6238149265455841,3.5597268402805264,3.261431767015362,2.6918146475630045,8,0
2016-01-09 16:00:00,0.0,2.2735298,2.5573304,4.906912,2.868219397439409,2.633503358556933,1.7665567924699397,2.1566471378242866,3.376938921227031,2.810961521805433,0,3
2016-01-09 17:00:00,0.0,2.3667655,1.7714152,3.7715883,2.6536922273639516,2.5423032046434835,1.8707494435067802,1.9275295671998598,3.2242528259798844,2.88673455303269,4,6
2016-01-09 18:00:00,0.0,2.5801241,1.4966166,2.9024339,2.4068067342939288,2.7711994537305524,1.9017193602871891,1.3882198654981381,3.259225972543643,2.961311019735076,4,6
2016-01-09 19:00:00,0.0,0.9423169,2.5173523,3.7216341,1.9630690378785685,2.415644217658989,1.9266156301723347,1.6520263773046266,2.2700233592560193,2.9682194442405847,0,2
2016-01-09 20:00:00,0.0,0.5531765,0.8973262,3.1807635,1.3585392814675463,2.006115754415749,1.9363970716926522,1.6656374258365916,2.058522860966154,2.9648184110359095,0,0
2016-01-09 21:00:00,0.0,0.41425884,0.37641773,0.90882725,0.636584050384961,1.5216953923394447,1.9274093165531057,0.6240285936423525,1.7843655688891054,2.97800968343394,1,0
2016-01-09 22:00:00,0.0,1.1759025,1.1283094,1.2953736,0.7144459174408473,1.3387574776597075,1.98613041810832,0.7675359881756261,1.8639013777086682,3.049581020036987,1,0
2016-01-09 23:00:00,0.0,0.85782677,1.4668486,2.50879,0.8159959901446117,1.0872676358060789,1.8147854202247806,0.9103735602077023,1.7394454792248255,2.844421048908286,1,0
2016-02-09 00:00:00,0.0,0.6374101,0.7409433,1.9381506,0.8903797531528589,0.7634819017689101,1.7673406777497314,0.9786567902050208,1.0231104211039388,2.857470042007231,0,0
2016-02-09 01:00:00,0.0,0.4685759,0.46402475,0.8966103,0.6546042402069873,0.6845250788239172,1.5500846482414525,0.5454194002931296,0.8576022811251338,2.25187300759503,0,0
2016-02-09 02:00:00,0.0,0.5060988,0.32052687,0.6079876,0.5373616013733193,0.6766787957589657,1.3413972750873573,0.340152831761427,0.8217558620293242,2.0110660598106063,0,1
2016-02-09 03:00:00,0.0,1.0496206,0.6957188,0.72185546,0.6747651079369493,0.7825724305449039,1.1521339114421743,0.515486566790289,0.879764610551336,1.7277810772522342,0,1
2016-02-09 04:00:00,0.0,0.9752278,1.5213624,2.1652215,0.84364911088334,0.7491266755451633,1.0439420766024357,0.8606472103434509,0.8557343566140541,1.703812110880167,0,0
2016-02-09 05:00:00,0.0,0.4737198,0.8853084,2.281071,0.8328561114218713,0.6851088563975953,0.8861882461018374,0.939884258647769,0.7919903109654028,1.479793581123218,0,0
2016-02-09 06:00:00,0.0,0.71993786,0.84397066,1.6446801,0.722961856719919,0.6988634823284342,0.7311726920486719,0.7999337079807529,0.8739716761047326,1.0567924742417643,0,0
2016-02-09 07:00:00,0.0,0.34265187,0.60633385,1.3881413,0.5121031912885672,0.6778761510859537,0.6812006149549353,0.5195620016855842,0.8589236409709227,0.9641279311917879,0,0
2016-02-09 08:00:00,0.0,0.44210297,0.30508766,0.83195,0.501564245191836,0.6672101783068535,0.6719444870329095,0.4430195494791792,0.8867730303198726,0.9565598764921457,0,0
2016-02-09 09:00:00,0.0,3.3383534,3.2523768,3.4116209,1.3743695004075196,1.0486656785637194,0.9156190545543118,1.958227842002075,1.5699525756090131,1.6010731957964257,5,0
2016-02-09 10:00:00,0.0,1.106838,3.5047112,6.554362,1.6290982063329964,1.0706006988107817,0.909863687177973,2.1737056911284047,1.6288558840382692,1.5616186911241778,1,0
2016-02-09 11:00:00,0.0,2.5257516,2.8799164,5.9674683,2.3236477538821063,1.4126059995369713,1.048857427967283,2.986478727852131,2.2790500181501283,1.9365783921142323,3,0
2016-02-09 12:00:00,0.0,0.41771078,2.4099286,5.1811824,1.3501001365568035,1.362234818482161,1.030549150405298,1.6956153265451535,2.280339812311998,1.9047175436260204,0,0
2016-02-09 13:00:00,0.0,0.8042877,0.54150337,2.7241514,1.2492500455306823,1.4391741259318394,1.0585251385088965,1.5512538161659988,2.34430823329194,1.9313615172428242,0,0
2016-02-09 14:00:00,0.0,0.9713007,1.0338299,1.3252003,0.7310997536813713,1.5273737537817391,1.0972919660442964,0.6495331076577255,2.3061765475155322,1.9454854416167835,0,0
2016-02-09 15:00:00,0.0,1.2048193,0.53513366,1.3283674,0.9934692717682527,1.1717847041625278,1.1102251913631236,0.7380922951152115,1.3566654599596635,1.8786374773010888,0,0
2016-02-09 16:00:00,0.0,2.4629607,2.2661614,2.454251,1.5463602398395857,1.3978051426851341,1.234202920747958,1.4431136485538705,1.7853301289133745,1.9781914684773727,4,0
2016-02-09 17:00:00,0.0,5.5725603,3.8816843,5.0100427,3.0801135543697735,1.905606654025572,1.6591063267812716,3.1781818892979787,2.6502923126657234,2.600692616810289,9,0
2016-02-09 18:00:00,0.0,1.4625331,5.314999,8.666598,3.166018155125376,2.079743713446814,1.7209892659644879,3.2436998596929976,2.826827899572925,2.6849536029740344,0,1
2016-02-09 19:00:00,0.0,1.2578247,1.7096688,6.284964,2.764306188269054,2.155333214054319,1.7972536699930792,3.5203254103194097,3.0217769562338535,2.771550168987016,0,0
2016-02-09 20:00:00,0.0,0.3824446,1.0049636,2.4726675,1.0342674855726435,2.057190519971209,1.7922821368764745,1.1063088787478084,2.9702240776866025,2.755124347097862,0,0
2016-02-09 21:00:00,0.0,0.8806986,0.8281898,1.4532012,0.8403226793528217,2.0031704172390987,1.5874775607008134,0.968766175557271,2.9785452268886603,2.6516311550490563,0,0
2016-02-09 22:00:00,0.0,0.36004904,0.9533764,1.7152877,0.5410641172387657,1.65268515275391,1.5252451477195215,0.6107609254459604,2.852279811342234,2.640042879247069,0,0
2016-02-09 23:00:00,0.0,0.88937557,0.71032405,1.5818653,0.7100411070451987,0.8721542963089213,1.3888804751672466,0.6442726533836212,1.1385340335481735,2.4417876862740733,0,0
2016-03-09 00:00:00,0.0,0.4071005,0.56745887,1.1818615,0.5521750301290533,0.6962488547409376,1.387996284093876,0.4512130930038958,0.8797226457716287,2.447358087416852,0,0
2016-03-09 01:00:00,0.0,0.5182997,0.2840111,0.7488997,0.6049252609214509,0.5729946890801082,1.3641639515672142,0.3603556843364749,0.5534690693673144,2.444308071300194,0,0
2016-03-09 02:00:00,0.0,0.8892746,0.9189339,1.0558305,0.6048915753327782,0.6574663411889884,1.3573284305800986,0.5887193894753211,0.7354452508745777,2.4452411719275444,0,0
2016-03-09 03:00:00,0.0,0.7927239,1.1502274,1.9434305,0.7334327323157293,0.6428038812223914,1.3229871492307452,0.7771157366681,0.7648554316731669,2.3605836046910533,0,0
2016-03-09 04:00:00,0.0,0.71187955,1.0910614,2.0882344,0.7979593166320377,0.7014422887767442,1.1770637207653272,0.9740563464957159,0.9073451582154459,2.2238337018734433,0,0
2016-03-09 05:00:00,0.0,0.44357362,0.8150295,1.8159649,0.6493923708899945,0.6271419731113863,0.7496481347101538,0.6741774653804431,0.8046825952223555,1.0886481337862128,0,0
2016-03-09 06:00:00,0.0,0.42649186,0.42780256,1.0902323,0.5273150099708646,0.630373871143297,0.6633113629421173,0.5309583089618924,0.8080029671752901,0.9566341161397217,0,0
2016-03-09 07:00:00,0.0,1.2170192,1.1040773,1.4043078,0.6956949445400175,0.7468271305860273,0.659910909833068,0.7842615780172277,0.8980323944595017,0.9443400512391588,0,0
2016-03-09 08:00:00,0.0,2.29495,2.6179855,3.1310117,1.3128203394752385,0.9811063551826166,0.8192863481858025,1.6553726176225063,1.371379231965492,1.3185359573502993,4,0
2016-03-09 09:00:00,0.0,0.7984852,2.0775225,4.518006,1.436818136955156,0.9820665734630101,0.8124352273427008,1.6527910107660417,1.404404879119224,1.2487244910811348,0,0
2016-03-09 10:00:00,0.0,0.62294614,0.8956989,2.2772214,1.238793753488904,0.9672443490144608,0.8343433188956024,1.4805946281572662,1.4048135106361268,1.2943352009444438,0,0
2016-03-09 11:00:00,0.0,3.2779212,3.4726293,4.307542,1.5664506961161737,1.439635517795706,1.0333887454535462,2.160159683594099,2.46132507885109,1.9254333608788712,4,0
2016-03-09 12:00:00,0.0,0.47210738,3.0636795,6.4809656,1.4576580633036487,1.4472381001294021,1.0388059856363494,1.9926432222094044,2.4488234041321153,1.9221609108405096,0,0
2016-03-09 13:00:00,0.0,0.5074045,0.54924667,3.1212626,1.419144166311568,1.3289689599002361,1.037898045243132,1.8486485686464291,2.2412733090564467,1.9278803184301185,0,0
2016-03-09 14:00:00,0.0,1.3869197,1.4311574,1.9141126,0.7888105179392857,1.1776306070277298,1.0793684811051731,0.8837868108592093,1.883712752209972,2.018831735291639,0,0
2016-03-09 15:00:00,0.0,0.5576645,1.2280179,2.5355031,0.8173295794953102,1.1374938213994792,1.0597801974312444,0.8896541982240092,1.7921533801309992,2.01380455733704,0,0
2016-03-09 16:00:00,0.0,1.7426882,1.8488268,2.9327006,1.2290908641178353,1.3241175152147013,1.1456809321145813,1.275354297141312,2.1344019593800825,2.248567467785012,0,0
2016-03-09 17:00:00,0.0,0.8663067,2.161882,3.758311,1.0555531864950232,0.9221818522171544,1.1809086850064305,1.354013925237863,1.2478919781833175,2.2568263739732703,0,0
2016-03-09 18:00:00,0.0,0.6675282,0.558311,2.4066546,1.0921744004000746,0.9547519899476925,1.2009950450385476,1.3427236398371394,1.278513906579891,2.2779008164629113,0,0
2016-03-09 19:00:00,0.0,1.0338161,0.9073961,1.1249638,0.8558836435143868,1.042487253816111,1.1857281068581733,0.6958156172591003,1.4424753521841631,2.225324453781553,0,0
2016-03-09 20:00:00,0.0,0.42368945,0.8168346,1.6524037,0.7083445627061857,0.8819488746006047,1.029789740814167,0.6317382734292418,1.268951837114856,1.848915003931675,0,0
2016-03-09 21:00:00,0.0,0.46023703,0.24266207,1.0319368,0.639247500935622,0.8657109506678484,1.0016023860336638,0.47496912238138345,1.2283935745077297,1.8292055138015029,0,0
2016-03-09 22:00:00,0.0,0.592141,0.69167584,0.8720957,0.49202247889442957,0.6739530612044082,0.9990352882095547,0.4020741987424264,0.7188825406010407,1.8053947676043949,0,0
2016-03-09 23:00:00,0.0,1.0687158,0.9383975,1.2250968,0.7070312892412417,0.7076879259737134,0.8149348890954339,0.7389367021655496,0.864384900100049,1.3339133914633365,0,0
2016-04-09 00:00:00,0.0,4.668329,4.8878903,5.4278474,2.109728658860231,1.3744880798979255,1.164620034922809,2.9521071997552015,2.1769043431944555,2.2746911233526252,7,0
2016-04-09 01:00:00,0.0,0.8939549,3.914713,8.742493,2.2103332813753975,1.351177880134914,1.1968325669755127,2.734728691251905,2.1229505064456036,2.2591495508025856,0,2
2016-04-09 02:00:00,0.0,0.48593956,0.5390508,3.6927216,2.016074488414138,1.36155288882769,1.121750881714147,2.4390089639191417,2.101421192495487,2.1353032330014847,0,0
2016-04-09 03:00:00,0.0,0.75044656,0.88981843,1.134207,0.7101136438357134,1.409921151347972,1.13781605100791,0.7126080203685383,2.276924959654851,2.1673240982852695,0,0
2016-04-09 04:00:00,0.0,1.0567359,1.1765196,1.7477376,0.7643740067761928,1.4873536440757953,1.0806533526401019,0.8673279483413324,2.3968182271512526,1.8815884470069084,0,0
2016-04-09 05:00:00,0.0,1.9615362,1.655518,1.9962451,1.2562395844285021,1.63615703642132,1.171922481197517,1.3236169702644576,2.669726350569556,2.205960189532008,2,0
2016-04-09 06:00:00,0.0,1.7906984,3.1079245,4.511166,1.6029901638062574,1.1565519038209857,1.265519991859456,1.7478159798206903,1.5776277272561654,2.3501543443784936,0,0
2016-04-09 07:00:00,0.0,2.91849,3.4891553,6.0838313,2.2235747988445427,1.4939744028103683,1.4225761414726406,2.128517292355768,1.8552058350334903,2.5773649025555474,2,0
2016-04-09 08:00:00,0.0,0.69090384,2.365143,5.739765,1.8000306773573416,1.5281351308929219,1.4448440098603055,2.1264323075755693,1.788539383855339,2.582717216452201,0,0
2016-04-09 09:00:00,0.0,1.2845367,1.3112146,3.1081042,1.6313101354670134,1.617150149636635,1.5135356504923037,1.9347026328561514,2.036247642462635,2.800821535069419,0,0
2016-04-09 10:00:00,0.0,0.44640857,1.0985403,2.2856822,0.8072830418672137,1.5154289203558786,1.5013912822158373,0.8743369087041017,2.0545337751448693,2.7716397113289015,0,0
2016-04-09 11:00:00,0.0,1.433759,1.3357257,2.1056597,1.0549013968836607,1.427466037120501,1.5318115367709102,1.2761770688192913,2.137471526707203,2.755111223553991,0,0
2016-04-09 12:00:00,0.0,2.2711065,2.639964,3.580889,1.3837579949661654,1.5075340652165892,1.332042984518787,1.7225820312749494,2.3624317479070807,2.1047605008802837,3,0
2016-04-09 13:00:00,0.0,0.9366795,1.7643491,4.1314354,1.5471816194444692,1.1772323306558414,1.3356033667331049,1.6423965640865572,1.7760896849512333,2.0874306659332373,0,0
2016-04-09 14:00:00,0.0,1.0643127,0.88409483,2.036774,1.4240328836308476,1.239467140257254,1.3838011355750879,1.3569564988714764,1.71333604491719,2.1084043044630962,0,0
2016-04-09 15:00:00,0.0,0.79566866,1.4979993,1.8946013,0.9322202705019903,1.1579891327340774,1.387569641185356,0.9767713424040173,1.556570586490114,2.105267964327874,0,0
2016-04-09 16:00:00,0.0,0.6008078,0.8552346,2.283075,0.820263052417995,1.1837223359312319,1.349575628143555,0.9110536357343592,1.5249101059960946,2.119114150660515,0,0
2016-04-09 17:00:00,0.0,0.8951157,0.8457805,1.435956,0.7638640097896194,1.0939484467102332,1.2607072419153673,0.812942908068324,1.492464848950183,2.048923776832672,0,0
2016-04-09 18:00:00,0.0,0.3328436,0.70193195,1.4538621,0.6095889942596333,0.770904632380812,1.1392193487987006,0.5536179128402376,0.9915791620395905,1.9296473735275321,0,0
2016-04-09 19:00:00,0.0,0.36046755,0.1474387,0.76315016,0.529475576885425,0.6748693146517101,0.9260508226537754,0.41179415346646997,0.8950924292981253,1.5147077084031015,0,0
2016-04-09 20:00:00,0.0,0.6432095,0.38080668,0.41344243,0.4455068747456819,0.6046854422676506,0.9220762912624524,0.2707688760577347,0.6656475268883757,1.4626310214084346,0,0
2016-04-09 21:00:00,0.0,0.8698794,0.42466247,0.5076144,0.624518835063175,0.617053914661404,0.8875215236977411,0.367253053702732,0.5113227148507021,1.2975992570093113,2,0
2016-04-09 22:00:00,0.0,3.1948895,2.3862772,2.3011553,1.5693262200872484,1.0494008984863366,1.1165616172087844,1.496057080389985,1.251812565110612,1.6523151296180436,3,1
2016-04-09 23:00:00,0.0,0.55012226,2.6571665,5.0256658,1.5382971431210102,0.9919020089333461,1.04292522782179,1.5843274925853614,1.275237408833605,1.6392277018872086,2,2
2016-05-09 00:00:00,0.0,0.41905367,0.38925415,2.7945998,1.3880218817699717,1.0062703584165735,0.8885874953986925,1.6313216447300822,1.2577515694973573,1.2791181076649425,0,0
2016-05-09 01:00:00,0.0,0.43385485,0.35191745,0.50670385,0.4676769385477794,1.018501579317514,0.8466854469846118,0.3681124819549731,1.252775225798377,1.2128088926968343,0,0
2016-05-09 02:00:00,0.0,1.0496972,0.98473907,1.1614263,0.6342018790566917,1.086249511088851,0.845467476678251,0.6385515251135311,1.382920385571348,1.2259509269756335,0,0
2016-05-09 03:00:00,0.0,1.9398615,2.2085214,2.9815805,1.141137847420321,1.2645798645951465,0.9408168896282755,1.3680072668363505,1.7859770597852174,1.390505096724833,0,0
2016-05-09 04:00:00,0.0,1.2161062,1.4084828,3.0213578,1.401888302370085,0.9347826204589321,0.9920917594726344,1.4183818144834952,1.3080641926749894,1.4847085345430246,0,0
2016-05-09 05:00:00,0.0,0.7152211,1.4038906,2.690378,1.2903963061908315,0.9622990926237612,0.9771005507785538,1.2398494001454146,1.2709058382759904,1.5067978535211795,0,0
2016-05-09 06:00:00,0.0,1.3306699,1.1537765,2.4792786,1.0873324519673118,1.114235149693816,1.0602527540551951,1.2695488667886217,1.4234915750776047,1.5659412115610103,0,0
2016-05-09 07:00:00,0.0,1.0413164,1.9460344,2.8629827,1.0290691580827793,1.2154787302264318,1.1169901547719725,1.218318246590748,1.4898663898165334,1.647982315573112,0,0
2016-05-09 08:00:00,0.0,2.2256181,2.3426356,3.9007633,1.5325347669290363,1.4114655365599338,1.2488575238243926,1.9971116396164512,1.7013750605264795,1.9111374183922245,1,0
2016-05-09 09:00:00,0.0,0.44683835,1.9948342,4.0401692,1.2379242105237984,1.1626283312455548,1.2136040979203508,1.4925899005761083,1.5501533940397212,1.908141813195669,0,0
2016-05-09 10:00:00,0.0,1.1096201,1.1682805,2.6825967,1.2606921414166734,1.144880649749726,1.0398316351043293,1.6505716523414422,1.7418823200134779,1.667266373011829,0,0
2016-05-09 11:00:00,0.0,1.3944275,1.1126248,1.4702091,0.9836286450740741,1.258081706001555,1.1101903993126585,0.9974038093671813,1.9402353335214462,1.7548590387267509,0,0
2016-05-09 12:00:00,0.0,0.42222077,1.4501629,2.4578962,0.9754227655118319,1.1066734880178148,1.1104543188558156,0.9293138830086044,1.6301817603795354,1.7405757540436226,0,0
2016-05-09 13:00:00,0.0,0.27814505,0.4986624,1.8382714,0.6982644125661348,0.9794782769914041,1.0974785036089176,0.9391279313893727,1.5179614454741992,1.7441671796905596,0,0
2016-05-09 14:00:00,0.0,0.59765613,0.4197427,0.8224981,0.43267396358196697,0.7081513043280204,1.0598084204439775,0.4460316343346987,0.9372121221996962,1.6849884868511489,0,0
2016-05-09 15:00:00,0.0,0.90379536,1.0253397,1.3640525,0.5931988401563676,0.7843108028340997,0.9734695670398275,0.6355623627592907,1.050058188217537,1.6141555661888554,0,0
2016-05-09 16:00:00,0.0,0.89823514,1.1271743,1.9151078,0.7998955574965949,0.7490799850313651,0.9469803173905456,0.82405582741506,1.1074068489376139,1.6251531262313637,0,0
2016-05-09 17:00:00,0.0,1.0225357,1.6704235,2.7710345,0.9415220703103242,0.6870980169461456,0.9725898614738504,1.196749114339355,1.00267132619846,1.6480539508538634,0,0
2016-05-09 18:00:00,0.0,0.66100633,0.68095756,2.275623,0.860592411861997,0.7268956260091821,0.9167845570134987,0.9823643833395722,1.0024512312879963,1.4641911634596179,0,0
2016-05-09 19:00:00,0.0,0.18547152,0.55201066,0.8414132,0.6230045110634479,0.7114500342800214,0.8454641556357126,0.5653908079832447,0.993678237459864,1.3775685421537065,0,0
2016-05-09 20:00:00,0.0,0.26517284,0.32729185,0.68946797,0.370550254286264,0.6560361622982941,0.6820937333131571,0.41578050421577745,0.9337908351432033,1.1388176881977867,0,0
2016-05-09 21:00:00,0.0,0.17204985,0.20973238,0.50286543,0.20756474675721087,0.5340785793096039,0.6591946910718518,0.2132551472505938,0.8160250491276307,1.1371560595906403,0,0
2016-05-09 22:00:00,0.0,0.8119158,0.7094333,0.8641842,0.4163795019911422,0.5196920065272952,0.6343859957793301,0.4731266838365682,0.753758536884406,1.1640265731919623,0,0
2016-05-09 23:00:00,0.0,1.1513693,1.1393864,1.4508215,0.7117783043422602,0.5411642793142619,0.614131148130204,0.7952093924716314,0.8338547031925253,1.087223863797716,0,0
2016-06-09 00:00:00,0.0,0.5271273,1.0883306,2.1320665,0.8301374715227582,0.5188511091399844,0.6228733675745833,0.8618692020867414,0.7340976038951036,1.097393791454491,0,0
2016-06-09 01:00:00,0.0,0.44011518,0.24250679,1.2498925,0.7062039314937603,0.5612917167424513,0.6363708755112364,0.6430482819009441,0.7096850367767029,1.1093471407773066,0,1
2016-06-09 02:00:00,0.0,1.2830926,1.087938,1.1935451,0.7501117485631104,0.7309450264526854,0.6934905943754897,0.6803237308222752,1.0402051161257997,1.2329595542765253,0,1
2016-06-09 03:00:00,0.0,0.6517568,0.84779596,1.8054276,0.7916548914257335,0.8108961814742458,0.672487380391925,0.6854624228715166,1.0441638922150631,1.1548536219275667,0,0
2016-06-09 04:00:00,0.0,1.0945958,1.1779495,1.4038445,1.009815096455381,0.8580095139745705,0.688850760250933,0.9888479550544603,1.092379511843197,1.1266297442686322,0,0
2016-06-09 05:00:00,0.0,0.5189468,0.80730546,1.7815934,0.7550998034168669,0.7526057759899887,0.6468850276521253,0.7327368142021767,0.8261663816907554,1.0061044555164382,0,0
2016-06-09 06:00:00,0.0,0.41332272,0.38797703,0.84838444,0.6756217979671264,0.7336383446964301,0.6262447269182072,0.609974812258422,0.8293469096455311,0.9625437562247144,0,0
2016-06-09 07:00:00,0.0,0.7088675,0.6209213,0.88554764,0.5470457168380245,0.7784304066467024,0.669861061694577,0.4880009207111953,0.8234989684391133,0.9785966968159377,0,0
2016-06-09 08:00:00,0.0,1.1866127,0.8964998,1.2245215,0.769601013186483,0.7623504083016752,0.74664771737718,0.6663743493013404,0.7715271903146235,1.040340862697736,0,0
2016-06-09 09:00:00,0.0,1.4364063,1.4866741,1.7926097,1.110628845658419,0.8931253218127727,0.8520107516435095,1.0682233072896854,0.9904844634059772,1.1921078246590058,1,0
2016-06-09 10:00:00,0.0,0.9047714,0.8532289,2.1741621,1.1759301263636184,0.8614879216008214,0.8597487177876957,0.929857686608933,0.8918329436342343,1.1109445150256057,0,0
2016-06-09 11:00:00,0.0,3.140008,3.341965,3.328228,1.8270618463667345,1.298331429776609,1.0254686028832989,2.2030192603612226,1.9624068009737383,1.6139012308475882,4,0
2016-06-09 12:00:00,0.0,0.99014026,3.0034697,6.1741714,1.6783064825218608,1.39446766409014,1.0640530043932854,2.014041021314195,1.9870946240300524,1.6426397785780822,0,0
2016-06-09 13:00:00,0.0,0.54944766,0.7232629,3.20884,1.5598652440702778,1.3678976852169478,1.0731640459318255,1.8743278436443922,1.9020283736508474,1.6304951830809462,0,0
2016-06-09 14:00:00,0.0,0.52721155,0.53745407,1.0819881,0.688933125401977,1.2579974858843557,1.0101739470930153,0.5470523592122214,1.7790997261046262,1.5476469871470713,0,0
2016-06-09 15:00:00,0.0,0.3976496,0.54393,0.92099124,0.49143626397771595,1.0848713732497883,0.9889983475312806,0.4205244931240016,1.5962671780811342,1.549595937193487,0,0
2016-06-09 16:00:00,0.0,1.8608402,1.5441176,1.8999829,0.9285671038722342,1.244216173971256,1.0528520477860388,1.0865331749031635,1.8810001248132429,1.7839751465969658,1,0
2016-06-09 17:00:00,0.0,0.7969698,1.9477687,3.2871566,1.0184864834380907,0.8537098044200337,1.0760206170983213,1.1801703963347578,1.0157630256471077,1.7990943625897036,0,0
2016-06-09 18:00:00,0.0,5.335947,4.834314,6.4271097,2.6645856392492586,1.5780109516134866,1.4862393078518137,3.604546386404462,2.7200584207219394,2.8614630260533853,6,0
2016-06-09 19:00:00,0.0,2.9417582,5.539887,9.921533,3.024891615820073,1.9767293598461533,1.672313522531551,3.6189501751265367,3.2391083126108757,2.984200101084575,3,0
2016-06-09 20:00:00,0.0,0.7981177,2.5714924,6.9638815,3.025274297416775,2.021880390427433,1.6399389381558933,3.5860942796993838,3.2026151148747273,2.8695094693880066,0,0
2016-06-09 21:00:00,0.0,0.20887925,0.6796684,2.5082803,1.3162516977195187,1.9904186684843883,1.5376450208670882,1.649003069405108,3.199402915077098,2.747998625055642,0,0
2016-06-09 22:00:00,0.0,0.36032483,0.3556282,0.8668896,0.4557739268312307,1.7403327713256518,1.4922744726484536,0.5168781771596984,2.852750657959484,2.719569726552821,0,0
2016-06-09 23:00:00,0.0,0.18627584,0.3644068,0.6995298,0.25182663121417787,1.6385504643154765,1.2461301343677555,0.2659914507535515,2.835288799072364,2.449654153829811,0,0
2016-07-09 00:00:00,0.0,0.60733247,0.4808849,0.7641552,0.38464435988452556,0.8504480288020221,1.2142294902077544,0.43283176450530975,1.3289830821320052,2.4387982486415885,0,0
2016-07-09 01:00:00,0.0,1.5712407,1.1451352,1.0772218,0.7882829546451267,0.6220284407381785,1.299378900292166,0.8475750869189312,0.8587523531423986,2.6261890003046666,0,0
2016-07-09 02:00:00,0.0,2.687203,2.3082857,2.5066934,1.6219253321835556,0.9368759816988669,1.4793781860631496,1.5436653740052464,1.3777720975118495,2.776188729353558,0,0
2016-07-09 03:00:00,0.0,1.4467463,1.7798052,3.9199116,1.901729943467464,1.1431871516759942,1.566802910080192,1.545173772628407,1.4547667726809816,2.7893908814713018,0,0
2016-07-09 04:00:00,0.0,0.75284964,1.5121689,2.1072218,1.6289329726573,1.2086079636512137,1.4744703674884325,1.5464518905317832,1.4685571661518753,2.612390733180865,0,0
2016-07-09 05:00:00,0.0,1.1324307,1.2803863,2.7010252,1.1106755342230727,1.3663004332033148,1.502425448759395,1.327096739224473,1.6982862904674958,2.615622371840992,0,0
2016-07-09 06:00:00,0.0,0.42734438,1.0658107,2.2259607,0.7708748814826644,1.3363024124750642,1.093375220638543,0.8587095435844998,1.7272595859647073,1.7344731787772654,0,0
2016-07-09 07:00:00,0.0,0.6804351,0.6702568,1.6927694,0.7467367132755266,1.1878348429664134,0.9049316418522958,0.8359155549475072,1.6003296987018056,1.425741626454426,0,0
2016-07-09 08:00:00,0.0,2.8330474,2.7044706,3.1583936,1.313608919169404,1.212142226696239,1.0745091041975525,1.703068499624078,1.7257514919229473,1.848769133369006,3,0
2016-07-09 09:00:00,0.0,0.7958572,2.7437506,5.01551,1.4364465285392682,1.1036607050109664,1.1234239283434808,1.765020440917373,1.4640758462769436,1.8969057623336583,1,0
2016-07-09 10:00:00,0.0,0.51955366,0.64394414,3.176561,1.3828193551198216,1.0647780341976743,1.1366929989244436,1.694525112834785,1.3919618259578928,1.854435057009065,0,0
2016-07-09 11:00:00,0.0,2.103357,1.6601561,1.876381,1.1395892829302967,1.22659910104985,1.296449767126582,1.2173732375514037,1.8474173224054184,2.028323679028487,0,1
2016-07-09 12:00:00,0.0,1.5842656,1.4632306,3.097675,1.4023920730219532,1.4194193007806106,1.3778608566278379,1.1616394054733463,1.960104408895722,2.070792533543286,0,1
2016-07-09 13:00:00,0.0,0.6434053,1.3211956,1.9231232,1.4436759649250925,1.4132476600224573,1.300541251494435,1.1356764549044482,1.9054880894736237,2.0121415996135097,0,0
2016-07-09 14:00:00,0.0,0.4887489,0.40369332,1.418391,0.9054732565214499,1.0225312697258733,1.1173367482110557,0.8523418026867048,1.1062729175864476,1.769774952667271,0,0
2016-07-09 15:00:00,0.0,1.790134,1.6846317,1.8221053,0.9740960970681296,1.188244085045042,1.1459523950280042,1.1085685192549057,1.3016579221528906,1.7880043414708517,0,0
2016-07-09 16:00:00,0.0,0.6929272,1.9350814,3.5989752,0.9906034137403587,1.2171396893327253,1.1409588617651998,1.1537410023886114,1.2907692612852144,1.7259755288241447,0,0
2016-07-09 17:00:00,0.0,0.71335196,0.7266174,2.4248571,1.065471098137455,0.9854721773294526,1.1060356391896513,1.2724143260800058,1.1546527431803488,1.714071242792153,0,0
2016-07-09 18:00:00,0.0,0.8472154,0.60399324,1.2064953,0.751164885419599,0.8626304912438644,1.1410248960122378,0.5885867511821283,1.0962396785501782,1.7416971693355259,0,0
2016-07-09 19:00:00,0.0,2.0581994,1.775199,1.794447,1.2062555679735532,1.0984294908569558,1.2558385754397061,1.1689013768048064,1.5566468969161726,1.8561025080886613,0,0
2016-07-09 20:00:00,0.0,0.38065422,1.9681374,3.5918908,1.095356320179115,1.080413709158285,1.051472489442079,1.209352738157448,1.5845763567127658,1.4575093911860955,0,0
2016-07-09 21:00:00,0.0,1.6048529,1.5101391,3.3277972,1.347902138452281,1.0495335119359401,1.118888798490491,1.8376796001955205,1.4570760729409207,1.5194744092090329,0,0
2016-07-09 22:00:00,0.0,0.8457509,1.9790435,3.3808136,0.9437526824363714,1.0750041252049625,1.1460719072688441,1.172768154160502,1.480884874386254,1.5426574521783871,0,0
2016-07-09 23:00:00,0.0,0.51636857,0.6927303,2.62404,0.9889908012753089,1.0421735607272118,1.0138228690283324,1.1400738187681867,1.4413225373195002,1.4128993611060465,0,0
2016-08-09 00:00:00,0.0,1.1621237,1.0670261,1.5422146,0.8414144087674199,1.0946582736098502,0.9786443824268574,0.8369372236473386,1.440332815738324,1.391826191818979,0,0
2016-08-09 01:00:00,0.0,0.67795694,0.9434616,1.9062123,0.7854830755398908,0.8646178789881314,0.9815236849225435,0.7231695031933367,0.9796584371138936,1.4074812090876878,0,0
2016-08-09 02:00:00,0.0,4.747128,4.5369043,5.2211103,2.1957362527333433,1.5923635270043255,1.3363886180813054,3.0053068460183985,2.6350787809371035,2.4416900414746125,6,0
2016-08-09 03:00:00,0.0,0.7709827,4.659536,9.1320505,2.065355917057131,1.4533851629122756,1.2514593374241079,2.8034850014601855,2.4881757650309693,2.2858674637710963,0,0
2016-08-09 04:00:00,0.0,0.55620325,0.5589031,4.907191,2.0247713181992286,1.40512719686956,1.2400656610372613,2.7895084722230927,2.3796215868552477,2.27927908162034,0,0
2016-08-09 05:00:00,0.0,1.0240393,0.86376494,1.1347308,0.783741643325617,1.48973894802948,1.265956254378346,0.719352398850461,2.4395949838508666,2.2939630577508883,1,0
2016-08-09 06:00:00,0.0,1.2225748,1.6259525,2.3284054,0.934272367525532,1.4998141422913314,1.2972362079505908,1.0340988761731253,2.5049799119820633,2.3924438889182715,0,0
2016-08-09 07:00:00,0.0,0.55439126,1.1362598,2.7138245,0.9336684327580198,1.4792198754786245,1.171918877233378,0.9718657688655933,2.4713857700676307,2.2144800962876685,0,0
2016-08-09 08:00:00,0.0,0.65003866,0.4640462,1.4705046,0.8090016262810225,0.7963716348033196,1.194367580903823,0.764219283533421,0.9101235147844496,2.2180337322448374,0,0
2016-08-09 09:00:00,0.0,0.9841063,0.7601631,1.0562203,0.7295121051046154,0.8318922363150739,1.1426386996136744,0.5369135374858715,0.8815158859676011,2.1025937256388314,0,0
2016-08-09 10:00:00,0.0,0.9601262,1.1394461,1.8898664,0.864757057030115,0.8992127448940677,1.1521699708818134,0.7175812268871924,1.030178888534358,2.0909475616839783,0,0
2016-08-09 11:00:00,0.0,0.6283369,0.7495135,1.5887,0.8575231392777745,0.8332623827793986,1.161500665404439,0.7456966895912687,0.9801472918469059,2.0878362577805807,0,0
2016-08-09 12:00:00,0.0,0.7447917,0.75130695,1.0770862,0.7777516216819932,0.7536318633933046,1.1267230028423183,0.6964573860565434,0.7973417096654055,2.0680852218030186,0,0
2016-08-09 13:00:00,0.0,2.9313192,2.660573,3.3072248,1.4348159036118546,1.149786480320985,1.3145031778998042,1.7794681908988992,1.6442779551192304,2.5148117423636007,4,0
2016-08-09 14:00:00,0.0,1.2277119,3.2840934,5.8425426,1.6346075544429333,1.2460653468603538,1.0212184908318365,1.8983326715846516,1.7998959740081881,1.500800474209919,2,0
2016-08-09 15:00:00,0.0,1.3401446,0.84720135,3.6943731,1.8330585155922599,1.3054050686371268,1.0686486524761003,2.0809382525686453,1.7673381684718508,1.5660173236526604,0,0
2016-08-09 16:00:00,0.0,1.0822663,1.8015254,2.2694552,1.2167075979330464,1.3257617507724506,1.112487247833259,1.1823596654029005,1.8790317060090447,1.6696653979179943,0,0
2016-08-09 17:00:00,0.0,0.726358,0.7712549,2.152302,1.0495896310724413,1.3420985927576874,1.0876804877685429,1.0982360523324368,1.8812080416161683,1.6555719622435439,0,0
2016-08-09 18:00:00,0.0,0.36288804,0.68638533,1.065695,0.7238374374887897,1.278447976540525,1.0160399199669146,0.6653801230282606,1.9201084597840434,1.6221767001445444,0,0
2016-08-09 19:00:00,0.0,3.4822025,3.414225,3.9495735,1.5238161946245754,1.3702618962788107,1.2600241882998982,2.1066544312097597,2.0571284232788507,2.2586395965609136,5,0
2016-08-09 20:00:00,0.0,1.4014925,3.2059934,6.472781,1.7488610277238863,1.3992253293981638,1.3226453381292587,2.1208885211342947,2.0689966853517094,2.3305343866443726,1,0
2016-08-09 21:00:00,0.0,1.1977912,1.1842791,3.1356318,2.0271621042839,1.375499770886345,1.3404524197617356,2.2621393916941424,1.944412052979921,2.3679681036792775,1,0
2016-08-09 22:00:00,0.0,0.64241076,0.99279255,1.9165027,1.0805648319161418,1.3021905132703586,1.313976132021405,0.9621579145849837,1.8903972033468321,2.3062776348432785,0,1
2016-08-09 23:00:00,0.0,0.99949247,0.803768,1.2499852,0.946564797966068,1.347712912844977,1.3449057528013324,0.8962440255001954,1.9703968746793032,2.3907846622018054,0,0
2016-09-09 00:00:00,0.0,3.5458078,2.748893,2.5680254,1.7292369947975863,1.8781995495407433,1.578323763040634,1.8803423900471445,2.883685890013403,2.9290478254877264,8,0
2016-09-09 01:00:00,0.0,0.5273137,3.2896388,5.9163327,1.6908713246709395,1.38571807829354,1.3779899872861756,1.868560066789344,1.9812420491171943,2.401737805453398,0,2
2016-09-09 02:00:00,0.0,1.0493561,1.0355327,3.695325,1.7074925210941632,1.3270286595301153,1.3631269944641393,2.3150845942986313,1.9387168676676325,2.3575939983409078,0,0
2016-09-09 03:00:00,0.0,0.78011304,1.1307033,1.9855762,0.7855942646550647,1.2574156297263253,1.3164577003063351,0.8239098757732766,1.830604635115421,2.273075332954224,0,0
2016-09-09 04:00:00,0.0,0.50519615,0.62451106,1.3620148,0.7782217427137689,1.234546533692354,1.268368523481356,0.7954639140166455,1.905851630806427,2.3036328437233893,0,0
2016-09-09 05:00:00,0.0,0.4397843,0.5713139,1.120275,0.5750311882450118,1.1412618546695874,1.2444873837572823,0.5353364306119622,1.9606011799497853,2.3284187074369105,0,0
2016-09-09 06:00:00,0.0,0.40907076,0.66782093,1.0355904,0.45135040788153313,0.6184723362682989,1.2483359429045207,0.5137818447942436,0.8143968774652706,2.32939647275807,0,0
2016-09-09 07:00:00,0.0,0.4722896,0.3914688,0.8473518,0.44038154013658404,0.6093016414251766,0.9975098598593585,0.45698185673085595,0.764697117396267,1.7837539341462574,0,0
2016-09-09 08:00:00,0.0,0.6945917,0.5906057,0.7939409,0.5253173332732345,0.5501742607591231,0.9386014601446191,0.4273746408316385,0.6245694109815616,1.6487248737600697,0,0
2016-09-09 09:00:00,0.0,0.7027863,0.45647582,0.66106564,0.6232225237585043,0.5372864658200186,0.8973510477731719,0.44896895371336026,0.6352040957686257,1.5472891936066635,0,0
2016-09-09 10:00:00,0.0,0.69009364,0.79721254,1.1997195,0.6958238679685881,0.5681027040525861,0.9013246188724701,0.4681866179909611,0.6128811682554471,1.5732762256808792,0,0
2016-09-09 11:00:00,0.0,2.5952194,2.2074807,2.3878076,1.3293665111768367,0.9273419222250355,1.0343018884473119,1.4508182931103217,1.1942394535373635,2.0125310241907304,1,0
2016-09-09 12:00:00,0.0,0.46552047,2.5778694,4.7388744,1.250277885292023,0.9367502045252638,0.7776112703967816,1.4648193816835258,1.214957680656383,1.284559318736129,0,0
2016-09-09 13:00:00,0.0,1.0110389,0.9039172,3.3759637,1.3572596363983183,1.0265417521834532,0.8179216968043149,1.7267138545998202,1.3273919746757392,1.3034481337824766,0,1
2016-09-09 14:00:00,0.0,3.61084,2.8854918,2.6903908,1.6957997578690767,1.5125831345229566,1.03137869764104,1.921798704060732,2.3486222104032497,1.8632694988237148,2,1
2016-09-09 15:00:00,0.0,2.475625,3.0924644,4.887124,2.365834541900781,1.8080562135964025,1.172671339708211,2.1588224192576675,2.591076712200156,2.077873054128214,2,1
2016-09-09 16:00:00,0.0,2.4892137,1.122135,3.7756298,2.858559481639588,2.107909559018953,1.3380061315357696,1.9435001273653947,2.728578762851456,2.1972019449351503,3,5
2016-09-09 17:00:00,0.0,0.37065166,2.2173798,3.0323632,1.7784967107432437,1.7371482343061602,1.332245078265598,1.5080845488931494,1.970510715878806,2.1912386839197255,0,0
2016-09-09 18:00:00,0.0,0.6555239,0.4659489,2.5427027,1.1717964232102387,1.7688154825555105,1.3527828435403868,1.2632322798718887,1.9216881027085273,2.1885620090068603,0,0
2016-09-09 19:00:00,0.0,0.93503374,0.95202106,1.3661233,0.653736471743773,1.7561479766916805,1.391344864437567,0.6476023989072632,2.0999239101883487,2.197654152247871,0,0
2016-09-09 20:00:00,0.0,0.8163185,0.26231784,1.0663952,0.8022920671356524,1.2903943889394482,1.4014887617312024,0.5842977001893035,1.5180283084023904,2.200544737681199,0,1
2016-09-09 21:00:00,0.0,0.62956214,0.3571945,0.48950067,0.793638131122551,0.982717277166395,1.3953867453813984,0.2920473641183048,1.2186128218560999,2.1661509698056847,0,1
2016-09-09 22:00:00,0.0,0.5751907,0.45096424,0.38588467,0.6736904253157543,0.6637134485297637,1.3858115037743584,0.3998980016197674,0.5892332880036933,2.1699930062881507,0,1
2016-09-09 23:00:00,0.0,0.5888261,0.45743462,0.8529772,0.5978596482239574,0.7000758576798048,1.2186120459929823,0.300411805232012,0.5388849230775933,1.6788923208619528,0,1
2016-10-09 00:00:00,0.0,0.6347914,0.15361848,0.55926484,0.5996027550761852,0.6966204430993683,1.2327179628274398,0.27919196618896563,0.39620984122002517,1.6643698843775694,0,1
2016-10-09 01:00:00,0.0,1.0796951,0.611468,0.6741926,0.767770830810397,0.7207306280630756,1.238439302377378,0.3802608604964318,0.4239543949444792,1.7053412733709128,0,1
2016-10-09 02:00:00,0.0,0.4388533,0.9931628,1.5033581,0.7177798743086897,0.6578197612663234,0.9741070751028859,0.5815156413840284,0.4765399047206055,1.2203652529078408,0,0
2016-10-09 03:00:00,0.0,0.5816975,0.7034857,1.5757829,0.7000818888199063,0.6498423219480457,0.8162797995572205,0.7995560732854667,0.61425355125291,1.0299398853092983,0,0
2016-10-09 04:00:00,0.0,0.6173006,0.7702847,1.4119339,0.54595047184119,0.6568606513257934,0.6602870499277785,0.5252492368320127,0.6946790830427588,0.6910054054850555,0,0
2016-10-09 05:00:00,0.0,0.80307114,0.919638,1.5317314,0.6673564139942901,0.6925681441514899,0.6963220009156473,0.6230197940027329,0.7941860631033917,0.7443667947105621,0,0
2016-10-09 06:00:00,0.0,1.870936,1.6609004,2.285146,1.0971026202379397,0.8985922545289231,0.7976063488141458,1.2057709938259296,1.2389173176780093,1.0421396128258884,0,0
2016-10-09 07:00:00,0.0,0.81784713,1.6104596,3.0623922,1.163951408034068,0.8549509399376292,0.7878407840003525,1.0983006484544944,1.0747858549275267,1.0622155374443647,0,0
2016-10-09 08:00:00,0.0,0.62687474,0.65522444,2.0371284,1.1052192934748037,0.8862878537345471,0.7720538075004353,1.0472581076038796,1.0511074718550448,1.0437545556961263,0,0
2016-10-09 09:00:00,0.0,0.7773692,0.9350618,1.4005368,0.7406969761640956,0.9188997982010177,0.7843710600745318,0.7092097516383449,1.0450649570343407,1.066304534358122,0,0
2016-10-09 10:00:00,0.0,1.49933,1.7653276,2.452214,0.9678579591591542,1.065904683596611,0.8613826674612021,1.15556687443758,1.3098320158952104,1.202663299664416,0,0
2016-10-09 11:00:00,0.0,0.46055067,1.3348944,2.98565,0.9124166038377024,1.0088179486562532,0.8506930464038717,1.0661098426613262,1.3333421489942807,1.2189970623803368,0,0
2016-10-09 12:00:00,0.0,0.96246195,0.93446517,1.886147,0.974114216415651,0.8574055962898729,0.8779989254093982,1.1535370444501096,1.1675263522865098,1.263328034615006,0,0
2016-10-09 13:00:00,0.0,0.569082,0.9294125,1.5279562,0.6640315612959838,0.8159447602275689,0.8354478500825989,0.6845870091431114,1.1272002764116278,1.2009899254156031,0,0
2016-10-09 14:00:00,0.0,6.225226,5.8769307,6.3760314,2.585590117936992,1.7490033608873468,1.3176456073109473,3.783476221822284,3.1991252939835095,2.6071036045188283,6,0
2016-10-09 15:00:00,0.0,1.3994514,5.316882,11.074861,2.7312531903593156,1.8526837033874834,1.3857917507942503,3.4206074390908707,3.0926585688885195,2.604298487731697,0,0
2016-10-09 16:00:00,0.0,1.0238746,1.4920799,5.667972,2.8828507184489425,1.773441139872463,1.4196729117345377,3.5639030078386096,2.933529995285675,2.611503683375206,0,0
2016-10-09 17:00:00,0.0,0.66470516,0.9952689,2.3851264,1.0293436583849755,1.807466888160984,1.4081424184086184,1.0414955547620803,2.928689466152079,2.5934512162158585,0,0
2016-10-09 18:00:00,0.0,0.72279984,0.5328783,1.3646272,0.8037931965528805,1.7675231934560982,1.3124643948729855,0.7550647651999767,2.8465499515844392,2.525750680921877,0,0
2016-10-09 19:00:00,0.0,0.57998043,0.59670293,0.784939,0.6558284661610194,1.7693395923049808,1.2926421762662752,0.4771243764352876,2.8722898400239028,2.50501047524001,0,0
2016-10-09 20:00:00,0.0,0.5498831,0.44757542,0.98267275,0.6175544576317873,0.8234490580083813,1.2862262094478645,0.4780143902534645,0.9293068594808943,2.4661757214978692,0,0
2016-10-09 21:00:00,0.0,0.8797454,0.8039961,0.8083856,0.6698696728518493,0.7368314347023647,1.2947575690449238,0.6478128799448295,0.8948092625184623,2.468645700358934,0,0
2016-10-09 22:00:00,0.0,0.4851145,0.69405055,1.3940543,0.6382477088136227,0.6470380874873212,1.210239613679892,0.5489366985284202,0.7024809114043812,2.3431233936383458,0,0
2016-10-09 23:00:00,0.0,6.5253205,6.098098,6.539997,2.630060013880423,1.623807235756105,1.7156370619585444,3.652483141192985,2.7774652640608433,3.3797184376828353,10,0
2016-11-09 00:00:00,0.0,7.40015,4.471848,5.283998,4.803528314242917,2.736698993547382,2.25211109350174,4.573955557902557,3.982481724845677,4.301155275986548,7,0
2016-11-09 01:00:00,0.0,0.4730213,7.054792,11.109258,4.799497234299602,2.7188724715566113,2.244106031930796,4.557526928410951,3.927488128479551,4.299709127608863,0,1
2016-11-09 02:00:00,0.0,1.2291254,0.9219927,7.85632,3.034098995064618,2.832079504472519,1.8277642812404515,4.01943203564083,3.861350426519457,3.183034383024802,1,1
2016-11-09 03:00:00,0.0,0.8117748,0.77165097,1.609399,0.8379738050807223,2.820751059661819,1.7787912471820926,0.5939317390842968,3.810810207764701,3.18293469590543,0,0
2016-11-09 04:00:00,0.0,1.021448,0.906092,1.178322,1.0207827367469922,2.9101399855232954,1.7785890365053085,0.7863934097904808,3.8533947584736916,3.0761444302080814,0,0
2016-11-09 05:00:00,0.0,0.3576634,0.9232638,1.6194539,0.7302954278047272,1.8821972114346728,1.7530022235953882,0.6867730837042944,3.176710645390316,3.0702504330745843,0,0
2016-11-09 06:00:00,0.0,1.2461683,1.0666072,1.8720157,0.8750932736075463,0.8565335393441346,1.7966162664457581,0.9628389322948724,0.9872273987059669,3.2263678689269883,0,0
2016-11-09 07:00:00,0.0,0.7820177,1.4687232,2.5131636,0.795283136623343,0.9080329366851676,1.8134527041208897,0.8657743690425964,1.1203000626662798,3.3182838862213377,0,0
2016-11-09 08:00:00,0.0,1.734055,1.2228448,1.7848911,1.2540804009886064,0.9921879143966666,1.912133709434594,1.3954459847361316,1.3566903317217383,3.632423289608715,0,0
2016-11-09 09:00:00,0.0,2.3801682,3.5519073,4.725563,1.6320803491022484,1.2535868113548978,2.0371689355083586,2.0124689674884633,1.7934533194150506,3.9315279271395682,0,0
2016-11-09 10:00:00,0.0,1.0683713,1.9262354,5.210483,1.7275316028394023,1.2614073697313728,2.0857736776273343,2.144678772996032,1.7237323232184931,3.9274362357209474,0,0
2016-11-09 11:00:00,0.0,1.0853976,1.4204808,2.1849778,1.511312410160051,1.3826964055743287,1.6324468085044999,1.671613311676975,1.9445013419868584,3.416906523527673,0,0
2016-11-09 12:00:00,0.0,0.355668,1.0095428,2.28829,0.836479016247814,1.234279682675031,1.0454066110095825,0.9470468020642986,1.8691048842599751,1.6768378148471734,0,0
2016-11-09 13:00:00,0.0,0.2640046,0.1940193,1.0507236,0.5683567419073159,1.1479441723733592,1.0279885545292637,0.6100369341138023,1.8832465040184945,1.6701010019852967,0,0
2016-11-09 14:00:00,0.0,0.3382952,0.32157052,0.36433953,0.31932259350824027,0.9153175018341454,0.9537527081154058,0.2304519619570817,1.3429324850611148,1.5839478708856296,0,0
2016-11-09 15:00:00,0.0,0.66124403,0.6597461,0.8863758,0.4211812576642574,0.6288301369560357,0.9412084741554668,0.4513640477634781,0.8102996591430739,1.5569035809384908,0,0
2016-11-09 16:00:00,0.0,0.45021755,0.80034494,1.310188,0.48325223561809,0.5258044887627029,0.8936059292470376,0.5173525953825935,0.6664394161937157,1.518629747302642,0,0
2016-11-09 17:00:00,0.0,1.0251702,0.8371322,1.5168955,0.7122106165945749,0.5157666050514075,0.9492315053128682,0.8236731956659945,0.6994560333227398,1.588385771584375,0,0
2016-11-09 18:00:00,0.0,0.40449777,0.74449396,1.5345044,0.6266285391221241,0.5239048983931907,0.8790922905341106,0.5254074314334957,0.6815883130132433,1.4948369463650455,0,0
2016-11-09 19:00:00,0.0,0.3982703,0.25926688,0.8333412,0.6093128076330869,0.5462825216255884,0.8471133469994738,0.5420948110622146,0.679448381917248,1.4986392943265925,0,0
2016-11-09 20:00:00,0.0,0.36311543,0.27310532,0.42625257,0.38862785204424993,0.5504192343194123,0.7328683680767791,0.22392866164829045,0.6709614959711707,1.165663269933381,0,0
2016-11-09 21:00:00,0.0,0.32326624,0.2721982,0.46641502,0.3615506764126762,0.49408960776739996,0.5614598723617178,0.22167384666279835,0.4848762541888792,0.772956399410954,0,0
2016-11-09 22:00:00,0.0,0.67889845,0.48420706,0.5810154,0.4550933710641741,0.5322030893486306,0.5290037890556668,0.3590399399806907,0.5095631153419102,0.6681807145904306,0,0
2016-11-09 23:00:00,0.0,0.4391235,0.4767181,0.8940777,0.48042940841074866,0.4345286302274991,0.47514761763945335,0.3607063828763264,0.386106878111271,0.6242665892009397,0,0
2016-12-09 00:00:00,0.0,0.4089817,0.2375971,0.60738623,0.5090012552517755,0.43527596583222583,0.47959043211270824,0.3350003886475661,0.3620290683907833,0.6281266793636647,0,0
2016-12-09 01:00:00,0.0,0.18495497,0.24562898,0.33451864,0.3443534358792289,0.3997234034717015,0.47300296254864505,0.19867036553523523,0.3415969736123376,0.6216675958276108,0,0
2016-12-09 02:00:00,0.0,0.6080501,0.5085565,0.7377374,0.40066229459231784,0.44054585150153325,0.4954825429104728,0.3662783846585072,0.43474897422722336,0.650845617927771,0,0
2016-12-09 03:00:00,0.0,0.8830939,1.0140858,1.3530363,0.558699648797033,0.5338504520244043,0.5139700298959022,0.6379007115103345,0.6137311685533983,0.6170589694119567,0,0
2016-12-09 04:00:00,0.0,0.3826166,0.8388882,1.7576494,0.624586865470505,0.484470150674867,0.5083366200117486,0.6900628494670152,0.5888214970448207,0.6359660933279525,0,0
2016-12-09 05:00:00,0.0,0.87272483,0.60377014,1.2217299,0.712811756499839,0.5567370255460786,0.4956328278867886,0.6651996468077854,0.6956531702649179,0.6379130419658453,0,0
2016-12-09 06:00:00,0.0,0.28094825,0.737899,1.2958508,0.512096559424862,0.5353981041109475,0.48533703497158653,0.44085842068493436,0.6699643161621021,0.6374847406315732,0,0
2016-12-09 07:00:00,0.0,0.63731533,0.4573304,1.0725907,0.5969961428811001,0.6107915041758025,0.5052574538237521,0.5727281978593428,0.7019514511880237,0.6688667737283999,0,0
2016-12-09 08:00:00,0.0,0.82900786,0.9421457,1.2352517,0.5824238253315029,0.6476177909156711,0.544081821208602,0.601715953536334,0.7638948047927784,0.7585298008348288,0,0
2016-12-09 09:00:00,0.0,0.46551868,0.8441226,1.5909038,0.6439473065859833,0.5780219330054226,0.5559361925149134,0.6558054062504521,0.6355636955207371,0.7808735086398121,0,0
2016-12-09 10:00:00,0.0,0.5299019,0.41031545,1.0710044,0.6081428307055787,0.6025694867933393,0.5435198187341032,0.6172081541136716,0.7045501805200941,0.736975213081542,0,0
2016-12-09 11:00:00,0.0,3.2125986,2.8404877,2.7146199,1.4026729652793528,0.9925483953054276,0.7746427104257531,1.7165665704850488,1.6084380710574018,1.2889293786032163,0,0
2016-12-09 12:00:00,0.0,3.0989866,3.4592068,5.203909,2.2804956761559763,1.4622214913709801,0.9988097977409636,2.500963036401304,2.2355405903975214,1.7356063634946322,4,0
2016-12-09 13:00:00,0.0,0.8920555,3.1805894,6.091739,2.4012135217431485,1.5046781762243633,1.0577348402000832,2.5490229778398836,2.2256357043672588,1.7500032370245224,0,0
2016-12-09 14:00:00,0.0,0.5611393,0.83984846,3.6564913,1.517393865842692,1.4600334155610222,1.0538256032383466,1.9200912513154604,2.0649734237687802,1.7307469947702077,0,0
2016-12-09 15:00:00,0.0,0.61125714,0.63288134,1.109388,0.6881506215149997,1.4843231488354884,1.0311725409204555,0.6591654511093741,2.069456353852722,1.7314903191554158,0,0
2016-12-09 16:00:00,0.0,1.2771909,1.1790963,1.5908825,0.8165291125027748,1.6088713171229616,1.1057204019581508,0.8123867406944364,2.1355159160647603,1.8035909961867844,0,0
2016-12-09 17:00:00,0.0,0.2541852,1.2102132,2.3223054,0.7142110763071645,1.115802471074928,1.054175433190178,0.812578969897172,1.6816129560281554,1.792258651249714,0,0
2016-12-09 18:00:00,0.0,1.0368775,0.99371666,2.0930288,0.8560845532626917,0.7721175873888457,1.1171695393799126,1.1438348720801261,1.016395339818144,1.8850729954113383,0,0
2016-12-09 19:00:00,0.0,0.5606153,1.2055464,2.0687008,0.6172259953858913,0.7168775539443332,1.1107778650843483,0.7588703847036015,0.987311721890002,1.878003635946933,0,0
2016-12-09 20:00:00,0.0,0.22771439,0.55958253,1.7020557,0.6084024027910883,0.6613067395491264,1.0606700775550741,0.7984843081025311,0.9799310417506614,1.8294660256383573,0,0
2016-12-09 21:00:00,0.0,0.3074884,0.35454178,0.85679716,0.36527270274120055,0.6106786280019457,1.047500888418717,0.35482090105970976,0.9484227808809728,1.8244726643762257,0,0
2016-12-09 22:00:00,0.0,0.48735318,0.4335565,0.6539325,0.3408520079242725,0.4790390016550818,1.0439551593890215,0.3629658481723203,0.7234491200070458,1.834233222443519,0,0
2016-12-09 23:00:00,0.0,0.50154775,0.49783108,0.60212713,0.43212979223729536,0.5202660975141917,0.81803428429456,0.38724855181946416,0.771818807899012,1.5221710904294263,0,0
2016-09-13 00:00:00,0.0,8.9672985,8.580585,8.587741,3.318733282035642,1.8420029923884211,1.3070602898886334,5.135858872087568,3.783017818246975,3.1069424866533435,8,1
2016-09-13 01:00:00,0.0,6.660566,2.5309272,10.981203,5.376470649193856,2.858661328559063,1.787769441251698,4.846970716605799,4.3216002742925,3.6861242094481192,7,2
2016-09-13 02:00:00,0.0,0.28986138,6.443923,7.8526306,5.305908519283379,2.869019155760337,1.765162947654732,4.947754121405106,4.326151014866265,3.681529801194844,0,1
2016-09-13 03:00:00,0.0,0.5121473,0.45394406,6.7773776,2.487524675870649,2.9031289789531454,1.7569038034775457,3.914075678447213,4.387711472537778,3.6722863619439656,0,0
2016-09-13 04:00:00,0.0,0.697312,0.74546945,1.0554569,0.49977356392741107,2.9381221065606336,1.7085805541078576,0.5073252902098819,4.478167871413539,3.626276065321992,0,0
2016-09-13 05:00:00,0.0,1.0969726,1.2003464,1.6865834,0.7688105791383477,3.0373595492108634,1.7788128233625278,0.8403720897458927,4.600056935715983,3.7057651021143005,1,0
2016-09-13 06:00:00,0.0,1.136906,1.3756074,2.3007715,0.9770634699957589,1.7322940729332044,1.7871485326608127,0.944303569132781,3.236140918168924,3.566978230627002,0,0
2016-09-13 07:00:00,0.0,0.41612262,0.9718223,2.2458646,0.883333694200278,0.6915536290638444,1.775107478811454,0.9175934896952251,0.8607648198526682,3.556692255543847,0,0
2016-09-13 08:00:00,0.0,0.34840682,0.32368818,1.1791224,0.63381183981081,0.7013112094745787,1.7851651826174582,0.652225860428141,0.8536063164794971,3.5545891366808053,0,0
2016-09-13 09:00:00,0.0,0.9385763,0.772904,0.9663468,0.5677019214794511,0.7723826957376049,1.837755837345375,0.541092283551493,0.9568276202944392,3.6417029406480252,1,0
2016-09-13 10:00:00,0.0,0.93809396,0.846043,1.4237283,0.7416923417247447,0.8125130179625116,1.8753175622615723,0.6330417594443304,1.0002033291282904,3.625699909982555,0,0
2016-09-13 11:00:00,0.0,1.5845598,1.4479033,2.0161164,1.1537433393527898,0.8937775895818003,1.9655685693963316,0.9600315536247006,1.0873079703865007,3.8051998179366517,1,0
2016-09-13 12:00:00,0.0,0.52971435,1.3031743,2.6775596,1.0174560337871708,0.7925789776333109,1.262436525283257,0.9368027366542934,0.8327761369448333,2.6469295838754485,0,0
2016-09-13 13:00:00,0.0,0.29436776,0.36644658,1.5454313,0.8028806511112192,0.7722864964179817,0.7319200627409129,0.8563292229839626,0.8253928826880375,0.9981024154751971,0,0
2016-09-13 14:00:00,0.0,0.68868023,0.5578996,0.76985055,0.5042541005293499,0.8289987199410696,0.7651549647078244,0.4573308405225357,0.8726476172609561,1.0080605646228313,0,0
2016-09-13 15:00:00,0.0,0.6919257,0.9001577,1.243825,0.5583245449951069,0.7878902893911387,0.7801364925643719,0.5708262896496923,0.8901998570429495,1.0385099822455492,0,0
2016-09-13 16:00:00,0.0,0.70795345,0.5451154,1.0990672,0.6961864431770538,0.7495335471441363,0.781023282553324,0.6060610797252469,0.9011928019005824,1.04077087353888,0,0
2016-09-13 17:00:00,0.0,1.4858557,1.3817841,1.6771622,0.9619116161170674,0.7330828583232084,0.8134302239525041,0.9611217841819931,0.9115125169229603,1.0274316049062913,0,0
2016-09-13 18:00:00,0.0,0.8033169,1.1149429,2.432217,0.999042020493382,0.7786832827442444,0.7856311301887774,0.842176173781557,0.9410243038368559,0.965593030268429,0,0
2016-09-13 19:00:00,0.0,0.8802713,0.8786606,1.7727895,1.0564813423223158,0.8763338927496847,0.8243101945838333,0.7966879791396533,0.9835598161321324,1.006255404307725,0,0
2016-09-13 20:00:00,0.0,1.1471982,1.3906547,2.0472355,0.94359550233064,0.9527535592238535,0.8908761395824618,1.0323779596423135,1.1247355567987947,1.131121428588003,0,0
2016-09-13 21:00:00,0.0,0.7848789,0.80481195,2.1186333,0.9374495195829519,0.9682457700381669,0.8780680297146529,0.9027383072358246,1.0830621210315874,1.113370251102627,0,0
2016-09-13 22:00:00,0.0,0.3033764,0.8751896,0.929437,0.7451511908619476,0.9008162665921315,0.8251749068681344,0.7269922172215856,1.0684624051989886,1.1236310510645473,0,0
2016-09-13 23:00:00,0.0,2642.1963,2642.0293,2642.751,881.0949363239894,441.0192659131601,220.87617438574162,1525.6920661648358,1079.2156172453201,763.4451134746892,6,0
2016-09-14 00:00:00,0.0,3142.2654,3200.6572,5841.801,1928.2548803960763,964.5961649578295,482.68742412028695,2395.1337050342904,1860.2813346389144,1354.2141918329094,23,1
2016-09-14 01:00:00,0.0,35.678493,3146.8618,4137.7173,1940.0465877552842,970.3958694730729,485.6361016829114,2401.631264162075,1867.2406326165678,1359.5570046028884,33,4
2016-09-14 02:00:00,0.0,5.4158607,32.646065,3161.0269,1061.1196901216297,971.1073132228097,486.03003339101673,1820.7905773266532,1867.2269174037897,1359.677700000086,8,10
2016-09-14 03:00:00,1.0,2483.9224,2486.6296,2513.3604,841.6721902149009,1384.9635353054887,692.9658905377634,1449.1554480686332,2025.9583201825567,1558.553294924322,7,3
2016-09-14 04:00:00,1.0,1723.7689,3061.9768,5547.7344,1404.3690128323456,1672.2078002938154,836.5543082802037,1967.3036961238686,2000.5831168198845,1614.361739863566,17,2
2016-09-14 05:00:00,1.0,4.801073,1725.6337,3644.0542,1404.1640838421076,1232.6418869818685,836.830576447514,1967.8401601199134,1817.4419483629663,1614.5956101197648,8,2
2016-09-14 06:00:00,1.0,4.6092577,4.057167,1727.2509,577.7264325673996,709.6993113911502,837.14773817449,996.6101334671247,1472.47771006842,1614.7197667500177,4,1
2016-09-14 07:00:00,1.0,4.5634317,6.070494,8.331044,4.65792103232175,704.5134669323337,837.4546682027035,4.540844897370923,1467.026012851339,1614.7042703487984,5,2
2016-09-14 08:00:00,1.0,2928.832,2928.776,2933.6025,979.3350158109575,1191.7495498265325,1081.428431524671,1692.772514776407,1825.3867283919617,1801.0735432127128,7,3
2016-09-14 09:00:00,1.0,2528.4949,3489.5977,6416.295,1820.630133072062,1199.178282819731,1292.0709090626099,2388.524296674518,1855.1937189828632,1872.1385042365873,21,4
2016-09-14 10:00:00,1.0,30.156176,2536.1543,4065.3965,1829.1610474550641,916.909484243693,1294.558642268754,2394.9103977256873,1823.9884005426964,1874.3916145312542,28,12
2016-09-14 11:00:00,1.0,2338.4573,2357.4998,4881.0396,1632.3693742826242,1305.852195046791,1269.2470410143299,2071.4876165944343,1952.04122196049,1837.996154066052,9,13
2016-09-14 12:00:00,1.0,1759.6093,2769.8684,5121.986,1376.0741789132903,1598.3521559926767,1154.0257336919133,1843.1002509384582,1938.375769311416,1710.515002250839,22,14
2016-09-14 13:00:00,1.0,2692.589,3103.2039,5870.711,2263.551883565155,2046.35646551011,1375.4349662212214,1718.6892631390704,1921.284116439326,1790.9604479451946,27,12
2016-09-14 14:00:00,1.0,1812.8599,3309.9053,6408.326,2088.352732932216,1860.361053607421,1526.0553017169768,1861.8542093182346,1792.3850391135252,1801.630008264307,25,18
2016-09-14 15:00:00,1.0,2780.2405,3424.2114,6730.3647,2428.563271306625,1902.3187251099573,1550.7485039648445,1951.0260911709856,1840.021570332108,1836.479849698155,7,6
2016-09-14 16:00:00,1.0,2748.4507,67.55002,3461.4917,2447.183699246716,2355.3677914059353,1636.1386378248144,1967.6792466652316,1669.0608836483277,1872.3144189416878,16,7
2016-09-14 17:00:00,1.0,2679.895,82.292366,115.866936,2736.195261297157,2412.2739971146875,1859.0630960807384,68.73798256713737,1692.1438902519958,1856.747645619235,21,6
2016-09-14 18:00:00,1.0,2563.3718,163.24953,126.92966,2663.9056539121893,2546.234462609408,2072.293309301042,116.65778621062566,1370.3922746609994,1788.9378836896026,18,10
2016-09-14 19:00:00,1.0,6.484817,2561.4172,2449.928,1749.9170684698163,2098.5503838582654,2072.453424684188,1516.7083088586294,1757.3682408513423,1789.096882940634,8,6
2016-09-14 20:00:00,1.0,2442.986,2442.05,5000.7207,1670.9476402128832,2203.5714507550197,2031.9662521812197,1452.5887268863378,1100.496134513071,1753.356219866843,19,7
2016-09-14 21:00:00,1.0,1823.8218,2843.008,5280.6846,1424.430983455182,2044.1683186836854,1973.2435218968214,1902.249235734713,1654.6427879441528,1698.8949359831408,29,8
2016-09-14 22:00:00,1.0,2688.2036,3086.0305,5927.7944,2318.3373533713343,2034.127210920575,2194.7475011632546,1727.6465036768875,1642.6067985295867,1599.7901259689097,17,17
2016-09-14 23:00:00,1.0,2433.2769,302.0575,3382.014,2315.1009359346367,1993.02428807376,2202.6491425942236,1712.209039179606,1607.962704590214,1599.3121780935126,30,17
2016-09-15 00:00:00,1.0,20.206583,2416.1423,2163.8481,1713.8958478131904,1569.1634156341868,2057.698939121797,1486.5283979944716,1735.3602247892588,1618.757467711322,21,12
2016-09-15 01:00:00,1.0,5.533727,19.595324,2413.8909,819.6724481584879,1569.004900764911,1833.7776423115886,1401.5580288039366,1735.0581858165262,1699.5089427395953,6,11
2016-09-15 02:00:00,1.0,2692.5444,2692.2588,2710.79,906.0949124793718,1610.597924207004,1907.084687481012,1561.3547047254526,1778.0716951429488,1552.8179899637037,6,6
2016-09-15 03:00:00,1.0,1775.9785,3238.23,5929.0938,1491.3522915240856,1602.6240696686375,1823.3961941761615,2081.4631658992066,1807.494799560517,1677.0193116726407,22,6
2016-09-15 04:00:00,1.0,10.057667,1779.2838,3789.8413,1492.860271377275,1156.2663597678818,1595.196785344228,2084.3311391567886,1740.159414687252,1704.1842086974289,15,1
2016-09-15 05:00:00,1.0,4.848382,9.29013,1788.1898,596.9615892251419,751.5282508522567,1372.2762694630082,1027.8804784487504,1554.5467574046854,1693.4677780070447,9,4
2016-09-15 06:00:00,1.0,2463.6904,2463.4563,2471.8362,826.1988860282917,1158.7755887761887,1363.969502205187,1424.900935392811,1753.5976035884432,1684.5381040842683,8,4
2016-09-15 07:00:00,1.0,1750.1552,3091.7795,5551.7236,1406.2313903276236,1449.5458308524494,1509.27536580868,1978.4107139754321,1821.6105257045767,1725.5680142938565,24,8
2016-09-15 08:00:00,1.0,2570.2927,3197.6885,6286.9624,2261.37950471198,1429.1705469685614,1519.884235587783,1819.487989310938,1787.695580417472,1736.9016480992766,14,10
2016-09-15 09:00:00,1.0,29.490881,2576.4436,5770.627,1449.9795947122673,1138.089240370279,1370.3566550194587,2031.7665440039432,1732.3366966761039,1714.478683656094,19,8
2016-09-15 10:00:00,1.0,5.100969,28.642048,2592.4841,868.2948577996302,1137.263124063627,1146.764741915754,1491.6908510990052,1732.4127863850879,1657.4587816846533,5,8
2016-09-15 11:00:00,1.0,2420.3186,2419.1562,2447.7434,818.3035014477316,1539.841503079856,1145.6848769660564,1404.9686464510162,1761.7604247325946,1658.7493004903129,11,10
2016-09-15 12:00:00,1.0,1949.8564,3439.5022,5857.5874,1458.4253362669203,1454.2024654895943,1306.4890271328911,2143.0431002204887,1877.996410705822,1758.6370143823533,20,7
2016-09-15 13:00:00,1.0,2745.2341,3761.8965,7199.397,2371.80298568218,1620.0489217409047,1534.797376296677,2103.782547899421,1952.0069078165818,1816.9924856743594,14,5
2016-09-15 14:00:00,1.0,2330.3796,459.562,4217.6626,2341.823406159445,1580.0634538035886,1504.6170003860746,2063.3724158275086,1908.1956456196958,1778.4608919212421,20,8
2016-09-15 15:00:00,1.0,2448.8506,158.97333,617.2692,2508.1548082289155,1983.2900722479187,1560.6896563090995,243.02565089166757,1790.241307738072,1757.5031716180445,18,11
2016-09-15 16:00:00,1.0,8.940973,2445.9167,2601.113,1596.0571601944935,1983.9300729383372,1560.5965985009818,1384.677650885851,1790.050805675468,1756.9769160143542,14,13
2016-09-15 17:00:00,1.0,3.4078305,9.008492,2450.8855,820.3997977995709,1581.1116019795084,1560.4765525296823,1414.200492831436,1909.2717098496892,1756.8596061960568,5,2
2016-09-15 18:00:00,1.0,3.960215,2.6206222,11.406239,5.436339562748426,1256.795573895832,1355.4990196927126,5.400381549130874,1386.2475753477113,1755.8801967060967,3,4
2016-09-15 19:00:00,1.0,5.032276,3.14243,3.1865432,4.133440845505635,800.0953005199998,1210.072111130452,2.8240913206855107,1237.5925652989056,1694.455311754333,7,3
2016-09-15 20:00:00,1.0,4.974367,6.4193945,8.981124,4.655619670778186,412.5277087351747,996.2955812693815,4.089897720521204,1001.8600576493229,1635.6241729073004,7,3
2016-09-15 21:00:00,0.0,2744.7966,2746.6597,2752.3877,918.2677838516313,461.8520617071898,1222.5710669775538,1587.2509434227784,1123.906638440191,1715.050948651836,6,3
2016-09-15 22:00:00,0.0,1896.7727,4016.901,6760.5347,1548.847972108663,776.4907064770846,1380.2103897077106,2418.0621886590357,1750.1145962826013,1862.8123188132893,21,4
2016-09-15 23:00:00,0.0,2342.8125,3609.8289,7625.5625,2328.127455977441,1166.39153782411,1373.7515699018088,2233.4882081668698,1938.1361213269925,1855.6103897125818,17,5
2016-09-16 00:00:00,0.0,2374.319,275.63126,3610.384,2204.6349944129297,1561.451389132281,1409.1234815140558,2094.794651712648,1968.3882244238303,1744.5499471260625,20,9
2016-09-16 01:00:00,0.0,2043.1447,336.35092,606.3787,2253.4256179568406,1901.1367950327515,1350.6160477763754,245.56322618997913,1826.5235814855675,1686.6297449244353,18,11
2016-09-16 02:00:00,0.0,18.038935,2028.0236,1703.3118,1478.5009901771364,1903.3142230772896,1157.9209659062317,1287.6805964637517,1824.3543554042276,1679.5676246433964,15,17
2016-09-16 03:00:00,0.0,4.319807,17.487392,2034.9631,688.5011516744561,1446.568073043693,954.2100673754414,1177.9737101284334,1831.5628356732161,1622.839885307975,4,5
2016-09-16 04:00:00,0.0,3.7332315,3.0335615,19.325108,8.697324667530234,1131.0614713121847,953.7760888946345,10.903512327039584,1246.883380036126,1623.001105378082,5,3
2016-09-16 05:00:00,0.0,2.3364344,3.034756,4.9264784,3.46315774721824,740.9820739621773,953.6868058931433,2.4547881860692313,1149.881916531499,1623.025391344633,4,2
2016-09-16 06:00:00,0.0,5.200733,4.267455,6.82706,3.7567996151456318,346.12897564480085,953.7901823885408,3.2652534635615984,835.9729900528404,1623.2145809514,8,3
2016-09-16 07:00:00,0.0,1.6737188,4.248319,7.516737,3.0702954964485056,5.8838100819893695,953.5103025573706,3.0722118999844072,9.068495463091558,1623.0474142621415,0,0
2016-09-16 08:00:00,0.0,1.3719116,1.4210875,4.7908535,2.748787882642741,3.1059728149304897,953.2100979461095,2.7171500691698074,3.189402711591549,1622.930294425766,0,0
2016-09-16 09:00:00,0.0,4.709112,4.775898,5.5669103,2.5849143247440156,3.1708569699448237,724.8694650068188,3.116696826900014,3.596195412701557,1465.766045531482,8,0
2016-09-16 10:00:00,0.0,2.1013088,3.950416,8.434953,2.7274442425069076,2.898869869477707,566.9801705908313,2.8713081206251387,3.2589145224117595,1027.6743954041135,1,0
2016-09-16 11:00:00,0.0,4.0501,3.0643919,6.276855,3.6201735955005234,3.184480739071633,372.0832773506244,2.802117010826738,3.3230873134941907,867.1731686423127,5,5
2016-09-16 12:00:00,0.0,2.4716842,3.4633043,5.878242,2.874364111486673,2.7296392181153446,174.42930743145806,2.258126439464061,2.9056699718821397,592.4010289203142,1,3
2016-09-16 13:00:00,0.0,2.4864817,2.4238865,5.323562,3.002755203522569,2.8650997230147386,4.3744549025020545,2.2184976989150753,2.787392365113259,7.320356788293217,1,1
2016-09-16 14:00:00,0.0,3.0727668,3.0069704,4.496834,2.676977602221221,3.1485755988608717,3.127274206895682,2.561603741859264,3.1767613308340454,3.4552835901054864,3,0
2016-09-16 15:00:00,0.0,0.55834144,3.0850375,5.898828,2.0391967849201786,2.456780448203426,2.8138187090741247,2.24261769800416,2.56854658612472,3.3677614755430954,0,0
2016-09-16 16:00:00,0.0,0.46012112,0.34905058,3.1679177,1.3637431890695868,2.1832491962960776,2.5410595328868912,1.8162705697035604,2.6104874477826034,3.220923540402151,0,0
2016-09-16 17:00:00,0.0,0.70420146,0.6524751,0.8236371,0.5742213506255422,1.6255994764233817,2.405040107747507,0.43429825338007005,2.2053729201996797,3.099397251879864,0,0
2016-09-16 18:00:00,0.0,2.251867,2.3288612,2.8113616,1.1387298155260266,1.5889633002231027,2.159301259169224,1.479757123253219,2.2917373636941387,2.982494992008158,3,0
2016-09-16 19:00:00,0.0,0.41877273,2.1908848,4.343745,1.1249470237824624,1.2443451064260245,2.0547224147203815,1.4876389916470345,2.007347027450044,2.935079544499746,0,0
2016-09-16 20:00:00,0.0,0.43867493,0.21397597,2.286509,1.0364381822654356,0.8053297664454889,1.9769526826531802,1.3047452677890392,1.1826507363620018,2.925823363782331,0,0
2016-09-16 21:00:00,0.0,2.7092612,2.4573457,2.4315033,1.188902932031394,1.1638163737787104,1.810298410991068,1.4811751233154893,2.0053730999620134,2.600362746446573,4,0
2016-09-16 22:00:00,0.0,1.0257468,2.7240684,5.0693507,1.3912276378124488,1.2580873307974552,1.7206682635467667,1.7135374196466022,2.1767638152744198,2.637221253421857,1,0
2016-09-16 23:00:00,0.0,0.7688693,0.61343706,3.0444713,1.5012924253016882,1.2688653037835618,1.4472323901034718,1.7127555844571338,2.0813276797502396,2.4357841791612813,0,0
2016-09-17 00:00:00,0.0,1.237901,1.0398344,1.5657941,1.010839051688751,1.0998709918600726,1.3444171460415877,0.7919161067615772,1.520356982072318,2.308995226624508,0,0
2016-09-17 01:00:00,0.0,0.6056575,1.0224541,1.9218041,0.8708092824757816,1.1310184601441151,1.1876817832850697,0.7054761537660691,1.496283834554317,2.2043129962287527,0,0
2016-09-17 02:00:00,0.0,0.6019669,0.64970696,1.4575447,0.8151751834223506,1.1582338043620188,0.9817817854037544,0.8356613088489041,1.5032532821497353,1.7471856785960471,0,0
2016-09-17 03:00:00,0.0,0.74812424,0.8106035,1.168253,0.6519162549965862,0.8313776533426687,0.9975970135606894,0.6577617550872211,0.9676966995485157,1.7490094930332358,0,0
2016-09-17 04:00:00,0.0,0.52211905,0.77391666,1.4044306,0.6240700926817706,0.747439687578776,1.002763509188116,0.6482540783160504,0.948358467696388,1.7452142279162433,0,0
2016-09-17 05:00:00,0.0,1.2000965,0.9278532,1.5354664,0.823446609420736,0.8193108964215433,1.0440881001025528,0.8150765324506439,1.104541417590822,1.8179294232894703,0,0
2016-09-17 06:00:00,0.0,0.38197088,0.9788826,1.7419772,0.7013955011509464,0.6766558780737661,0.8882634349669195,0.6557570731114265,0.8712910725273627,1.429406208669072,0,0
2016-09-17 07:00:00,0.0,0.35821435,0.3817981,1.0862241,0.6467605952851206,0.6354153439834458,0.8832169020637806,0.6606736864862165,0.7927977937004399,1.436802308381783,0,0
2016-09-17 08:00:00,0.0,3.1600144,3.0017185,3.0695896,1.3000663984050838,1.0617565039129102,1.1099951541374646,1.8035996998464001,1.6074525561666728,2.0626562561957598,2,0
2016-09-17 09:00:00,0.0,1.7252913,3.8933759,6.528211,1.7478398074838273,1.2246176543173863,1.0279976538300275,2.352449144804291,1.9586108686667771,1.7650472478057113,1,0
2016-09-17 10:00:00,0.0,1.2834829,1.7388946,5.115629,2.056262655688478,1.3515116254867996,1.0494756565327878,2.620052375112257,2.0999457102278765,1.7654560919988196,0,0
2016-09-17 11:00:00,0.0,1.4692774,1.29383,2.710795,1.492683832694349,1.396375115549717,1.1078430059856301,1.224670402902233,2.121862814153606,1.8469719543805965,1,1
2016-09-17 12:00:00,0.0,0.76565474,1.3996519,2.4414344,1.1728050286675924,1.4603224180757095,1.0684891480747376,1.0689156086425138,2.1156649687021694,1.757467691587586,0,0
2016-09-17 13:00:00,0.0,0.56256825,0.79841775,1.9143467,0.9325001602695571,1.4943814079790174,1.0648983759812314,0.96928280715283,2.153630863068413,1.7854898423320416,0,0
2016-09-17 14:00:00,0.0,2.1145582,2.3958173,2.9855196,1.1475936839158993,1.3201387583051238,1.1909476311090168,1.5985793398283745,1.7555917064611715,2.0518440995911806,2,0
2016-09-17 15:00:00,0.0,0.75517714,2.5873725,4.91137,1.1441011267708898,1.1584530777192414,1.1915353660183134,1.564463781059199,1.633514349549666,2.0805301789982806,0,0
2016-09-17 16:00:00,0.0,0.8870579,1.1911405,3.7126946,1.252264328812526,1.0923822445410418,1.2219469350139203,1.6848485507252773,1.6467652654719833,2.140847637726041,0,0
2016-09-17 17:00:00,0.0,0.30107296,0.8234002,1.6637726,0.6477693045067277,0.8976814942113134,1.1470283048805152,0.7904919908324319,1.4385819372466404,2.122364266820556,0,0
2016-09-17 18:00:00,0.0,0.5596838,0.71057814,1.376165,0.5826049006513935,0.8633530137111417,1.1618377158934257,0.7546342872226053,1.4698274854765303,2.133525704996543,0,0
2016-09-17 19:00:00,0.0,0.8739835,0.55762005,0.8226895,0.578246740699437,0.9152555347559814,1.2048184713674992,0.5950980825726156,1.5050024992159392,2.1514988614999937,0,0
2016-09-17 20:00:00,0.0,1.4564288,1.1022767,1.5239402,0.9633653424034421,0.8055673234550849,1.0628530408801047,0.708048102828979,1.0689662853776776,1.6644657207099602,0,0
2016-09-17 21:00:00,0.0,0.9592113,1.51051,2.0462248,1.0965411516619719,0.8395730261566829,0.9990130519379624,1.0929961928308667,1.0633973409001982,1.5922475595222847,0,0
2016-09-17 22:00:00,0.0,0.87901527,0.896674,2.2510061,1.0982184818158078,0.8382326112576226,0.9653074278993319,1.0697451930454531,0.9895732796277114,1.564186001534488,0,0
2016-09-17 23:00:00,0.0,0.88696086,0.8519705,1.4234339,0.9083958506379541,0.935880596520698,0.9167810453660055,0.7698838011150861,1.0943334680009185,1.482378036186052,1,0
2016-09-18 00:00:00,0.0,6.4024386,6.301287,6.603222,2.722805045787881,1.9096730987249266,1.3865130562180341,3.732304997721549,3.329607498632552,2.970775128292233,8,0
2016-09-18 01:00:00,0.0,2.0744572,4.4405675,10.595919,3.121285650194092,2.10975206600495,1.5125038003804658,3.36545608767419,3.189650800056841,3.020307013000375,3,1
2016-09-18 02:00:00,0.0,0.99681234,2.2207797,3.331198,3.1579027911466557,2.033149320892305,1.4193583221736947,3.3551990555363993,2.9406650167440436,2.6596605840662364,1,0
2016-09-18 03:00:00,0.0,1.1102511,0.6379416,2.6871722,1.3938402371581928,2.058322641473037,1.44894783381486,1.4194434828858646,2.8698677889926856,2.6616373405563865,0,0
2016-09-18 04:00:00,0.0,0.9213677,1.4366705,1.5451814,1.0094770556147132,2.065381352904403,1.4518069820810129,0.9277955552492312,3.076473456758285,2.630260348046572,0,0
2016-09-18 05:00:00,0.0,0.537373,0.65759206,1.9147397,0.8563306276934549,2.0071167094200546,1.4714986529703766,0.8831948810544563,3.0174058738710126,2.6258099998385913,0,0
2016-09-18 06:00:00,0.0,0.54824597,0.47624707,0.9405701,0.668995540541321,1.0314178888497572,1.470545493787342,0.5025393355601927,1.430067190588338,2.628557123115484,0,0
2016-09-18 07:00:00,0.0,0.8143223,0.5732118,0.9269529,0.6333137680324067,0.8213954118235602,1.4655737389142551,0.5032962070700114,0.9511949597038388,2.606796542802144,1,0
2016-09-18 08:00:00,0.0,0.9273157,1.071849,1.4679278,0.763294659394436,0.8098126435439453,1.4214809822181251,0.696814689495765,0.941986056457074,2.563651388858524,0,0
2016-09-18 09:00:00,0.0,2.2284014,1.8483288,2.4808893,1.3233465440717993,0.9961710423065602,1.527246841889799,1.4984431453700502,1.2850033796272855,2.904642917250065,1,0
2016-09-18 10:00:00,0.0,0.703843,1.727336,3.316546,1.2865200989585055,0.9599169334954557,1.5126491431999294,1.2479944996413919,1.1946411082084298,2.896267023685721,0,0
2016-09-18 11:00:00,0.0,0.3672116,0.47469205,1.6363235,1.0998187353835673,0.9315566973890017,1.4693367034045286,1.1360817048769933,1.1877285845890124,2.868229344105937,0,0
2016-09-18 12:00:00,0.0,0.7149476,0.78333026,0.92229986,0.5953340651933894,0.959340304632594,0.9953790967411756,0.5501623126758171,1.2789700517404574,1.713284478098838,0,0
2016-09-18 13:00:00,0.0,0.5909149,0.37227046,1.0518203,0.5576913773666514,0.9221057381625785,0.8717505749930692,0.4875419690384308,1.1894321794954663,1.2959510931668874,0,0
2016-09-18 14:00:00,0.0,0.4910757,0.42020455,0.49191496,0.5989794159673948,0.8493990756754808,0.8296058596097133,0.39772454418498326,1.1283342874838374,1.2490155860118022,1,0
2016-09-18 15:00:00,0.0,0.5046464,0.479703,0.73903596,0.5288790291879196,0.5621065471906543,0.7791387947486071,0.4390870014332063,0.6350510706536708,1.1603824027726917,0,0
2016-09-18 16:00:00,0.0,2.1456332,1.7757375,1.7666727,1.0471184492288481,0.8024049132977499,0.8811609233966029,1.1484340850426566,0.9878179155806306,1.2738152215866307,0,0
2016-09-18 17:00:00,0.0,5.5440183,5.2494073,5.908101,2.7314324980892875,1.6652059570283408,1.298381327208671,3.328636837344894,2.6287087222948804,2.412372495960672,7,0
2016-09-18 18:00:00,0.0,2.8955934,4.97485,9.451736,3.5284148328998226,2.028646931043871,1.4939936178382325,3.497512615250029,2.9515969244744937,2.6921166074069545,2,0
2016-09-18 19:00:00,0.0,1.8816422,2.352803,7.0023556,3.4404178541052985,2.2437681516670738,1.5829369449148263,3.223447841215284,3.001606232900135,2.730670040635439,2,3
2016-09-18 20:00:00,0.0,0.94044673,1.7005992,3.675151,1.9058940977900265,2.3186632979396573,1.5840311868075692,1.7733565835215166,2.936681842638638,2.675711061676436,0,0
2016-09-18 21:00:00,0.0,0.43625957,0.7625021,1.8528872,1.0861161402386752,2.307265486569249,1.4346860168799513,1.1432018352371174,2.9484725078177454,2.4029172546866726,0,0
2016-09-18 22:00:00,0.0,0.5157088,0.35408542,1.0010095,0.6308049665100931,2.035611410307696,1.419008161802723,0.5293739323969694,2.7999252943157455,2.3733899865843897,0,2
2016-09-18 23:00:00,0.0,1.0553082,0.88637704,1.0095066,0.6690921281991334,1.2874931129945795,1.4763495350114604,0.6072206027072448,1.5997994355276142,2.4383500690773645,0,2
2016-09-19 00:00:00,0.0,0.54450107,0.6704929,1.497108,0.7051726136282499,0.895644376933463,1.4621456539886666,0.5456541750811454,1.105535533389718,2.4396238274149487,0,0
2016-09-19 01:00:00,0.0,0.49290586,0.3559574,0.6605564,0.6975716639090059,0.6641883152095495,1.4539782334383111,0.5244109955849059,0.6834894969093263,2.4231974970079597,0,0
2016-09-19 02:00:00,0.0,1.6001893,1.4353677,1.5459045,0.8791987552482844,0.7741454417237088,1.5464043698316834,0.941208437047391,0.9893714009947339,2.4224454653481735,2,0
2016-09-19 03:00:00,0.0,2.3827133,2.727519,3.7632635,1.4919361572162395,1.0985543854222446,1.7029099359957471,1.7217386252858005,1.5794981614037356,2.686025297601233,1,0
2016-09-19 04:00:00,0.0,2.843634,3.1196725,5.1285977,2.2755121283799222,1.4865418961444643,1.76107665322608,2.636541752955505,2.1445426918264165,2.7886679622076493,3,0
2016-09-19 05:00:00,0.0,0.5659277,2.756548,5.165125,1.9307582266434709,1.4049784909458785,1.3462358019702292,2.2080454563842853,2.1159777495816248,1.985616011363157,1,0
2016-09-19 06:00:00,0.0,0.3198068,0.4223077,2.9477565,1.2431227552839654,1.3675294562501021,1.1315869165917825,1.6243417521589973,2.0883613583456473,1.8290747717339735,0,0
2016-09-19 07:00:00,0.0,1.6480975,1.4470019,1.8113708,0.8446107011845887,1.560061414782256,1.1121248649959024,0.9157663855144422,2.097647434669614,1.7330131475737725,0,0
2016-09-19 08:00:00,0.0,2.077755,2.57106,3.6846836,1.348553149570064,1.639655688106768,1.2069005649152382,1.67364284254431,2.300920785205865,2.026727013922139,2,0
2016-09-19 09:00:00,0.0,0.9088718,2.3295908,4.4806733,1.5449081750139015,1.3940154651489336,1.246284925285589,1.8755309236602606,2.1685523434056124,2.072483685461154,0,0
2016-09-19 10:00:00,0.0,0.3358518,0.80314577,2.924749,1.1074928730091422,0.9760517870968655,1.2312968416206644,1.4300750257496244,1.4597609297534693,2.0834214968660394,0,0
2016-09-19 11:00:00,0.0,0.595349,0.42377025,0.979605,0.6133575386241443,0.980955344097104,1.1929669175214912,0.6481506970476124,1.5317219110140856,2.0504832942374165,0,0
2016-09-19 12:00:00,0.0,1.0238603,1.1930668,1.4515055,0.6516870027270205,1.0982975888704611,1.2329135225602816,0.7281374516275815,1.7192928621250128,2.16688333493391,0,0
2016-09-19 13:00:00,0.0,0.88526475,1.032647,2.1468093,0.8348246368644155,0.971158754936779,1.2656100848595175,0.8741930974344219,1.432664132782407,2.172930845935143,0,0
2016-09-19 14:00:00,0.0,0.854739,1.1277134,1.7631897,0.9212879562306521,0.7673227474273986,1.203489217767083,0.8740576412517012,0.9695971794858149,2.0365259462244283,0,0
2016-09-19 15:00:00,0.0,1.1986356,0.8736807,1.9369452,0.9795464183944624,0.8156167105607415,1.1048160878548374,0.8359387310306456,0.9707557968749203,1.8681708118265425,1,0
2016-09-19 16:00:00,0.0,0.35928202,1.2363374,1.736387,0.8042188655353122,0.8195217511998643,0.8977867691483647,0.8355014808206411,0.984892535951094,1.4289720788671303,0,0
2016-09-19 17:00:00,0.0,0.40511194,0.4704037,1.5500325,0.6543431765221187,0.7878155663763856,0.8843854552367449,0.8355376025809494,0.9831219105808592,1.4443435764097923,0,0
2016-09-19 18:00:00,0.0,0.92349494,0.9411134,1.2466127,0.5626295875316183,0.7710880029630404,0.934692795916751,0.6692287292661037,1.0251867972650135,1.4903789849093625,0,0
2016-09-19 19:00:00,0.0,1.3465828,0.8647719,1.4139204,0.8917298420599045,0.8479743537976084,0.9095665543671936,0.8421583672053263,1.0885855737487689,1.4434867953246573,0,0
2016-09-19 20:00:00,0.0,0.18310942,1.3148224,1.9726155,0.8177290227685606,0.7360360996453399,0.7516794235363692,0.8113434159759506,1.0016832068286567,1.138576184878319,0,0
2016-09-19 21:00:00,0.0,0.35635898,0.33539525,1.5871321,0.628683715511904,0.5956566515217611,0.7056366810412515,0.7739031837753979,0.7653298338498323,1.0808019361673953,0,0
2016-09-19 22:00:00,0.0,0.4731497,0.3571709,0.6054717,0.337539351144347,0.6146345966021257,0.7170781739009948,0.269981904701982,0.7403794770813992,1.0702905573761212,0,0
2016-09-19 23:00:00,0.0,2.3422315,2.181404,2.1814134,1.0572467545174031,0.9374878886429819,0.8626517275096839,1.3269016885136304,1.3705098043161996,1.3988972314263792,3,0
2016-09-20 00:00:00,0.0,0.75033075,1.8033041,3.955847,1.1885706888149643,0.9086272021634344,0.8398576025632375,1.3323263126313332,1.328014335461064,1.3660051195723866,2,0
2016-09-20 01:00:00,0.0,1.8795606,2.2524853,3.6410325,1.6573743647579786,0.9974568579511632,0.922715605874386,1.9002834916615345,1.4895211994184308,1.5880541152605239,1,0
2016-09-20 02:00:00,0.0,0.38267943,1.6184053,3.7520866,1.0041903032495412,1.0307185288834724,0.8833773142644062,1.3022714876907622,1.4912160580876945,1.5295735087895057,0,0
2016-09-20 03:00:00,0.0,0.7450216,0.56190526,1.8896227,1.002420603424941,1.0954956461199525,0.8455761488208565,1.119177640815558,1.5615523717267816,1.4338349654138292,0,0
2016-09-20 04:00:00,0.0,0.5030911,0.6828659,1.0675256,0.5435974219518505,1.100485893354915,0.8575602449785202,0.48087338596971,1.554848885236243,1.4359570503607726,0,0
2016-09-20 05:00:00,0.0,1.8216789,1.7294307,2.2309718,1.023263866827648,1.0137270850385942,0.9756074868407885,1.1148107206103381,1.5334142831690893,1.6828422490361303,2,0
2016-09-20 06:00:00,0.0,1.0810292,1.6932428,3.1642144,1.1352663464127237,1.0688434749188322,0.9887353385411329,1.2481774360166105,1.5200469452983523,1.7064623971860233,0,0
2016-09-20 07:00:00,0.0,0.41180792,1.0075345,2.366569,1.1048386081054546,0.8242180150286527,0.9108374364899078,1.2141275045752673,1.085413714512964,1.591506945543214,0,0
2016-09-20 08:00:00,0.0,0.7467433,0.5363181,1.3475329,0.7465267654452316,0.8848953161364397,0.9578069225099556,0.7546447645429523,1.089010911172619,1.5908540349039082,0,0
2016-09-20 09:00:00,0.0,1.0339338,0.59301615,0.662705,0.7308282864621085,0.9330473164374161,1.0142714812786844,0.5259618015438455,1.066632646745015,1.596424192159066,0,1
2016-09-20 10:00:00,0.0,1.4003221,0.6688736,0.65418494,1.0603330269322349,1.082585817518845,1.0915358554368797,0.5929834397521013,1.0755015014788014,1.6435713435673651,0,1
2016-09-20 11:00:00,0.0,4.437553,3.1640089,2.928853,2.290602827619521,1.518564796532376,1.2661459407854851,1.997326646933237,1.851102327106996,1.9319053982899452,9,1
2016-09-20 12:00:00,0.0,2.5854495,2.9633322,5.3937106,2.8077747030181417,1.769301494740125,1.4190724848294785,2.0938872604099785,1.9349000319427083,1.9971997104785992,5,4
2016-09-20 13:00:00,0.0,0.7766525,2.2660491,4.1780987,2.5998847821239086,1.8301089045280718,1.327163459778362,2.4320410839506033,1.92850363242479,1.720482003131898,0,0
2016-09-20 14:00:00,0.0,1.0682056,1.0445814,2.9215207,1.4767691016259834,1.8836859646227524,1.3842906403795963,1.6452385583119828,2.0987567185558533,1.784038859904449,0,0
2016-09-20 15:00:00,0.0,1.5719929,0.99744725,1.7102141,1.138950290300651,1.9733624966593961,1.453204906548406,0.9179488146112152,2.220502091200453,1.8384902267815584,0,0
2016-09-20 16:00:00,0.0,2.234036,2.472633,3.187261,1.6247447794202665,2.112314780772087,1.5974502991454658,1.5601350115490586,2.7146970884614223,2.1451847935677084,2,0
2016-09-20 17:00:00,0.0,1.1599948,1.0839218,3.4043653,1.655341168511272,1.566055135068628,1.5423099658005022,1.4018314430169072,1.961288174636143,2.127012738362016,0,1
2016-09-20 18:00:00,0.0,0.98065317,1.0605582,1.2247425,1.4582279286868112,1.2985891094937314,1.533945302116928,1.0659481296813182,1.4029687543054354,2.20337439720247,0,0
2016-09-20 19:00:00,0.0,0.43703443,0.8591739,1.2588761,0.8592274615497401,1.2419861204850031,1.5360475125065367,0.8262642235505541,1.4236771711262999,2.212921406377301,0,0
2016-09-20 20:00:00,0.0,0.28336316,0.28207123,1.0251243,0.5670169263144917,1.1111790474128818,1.4974325060178169,0.5425746940595736,1.3780261534843383,2.2085772673586885,0,0
2016-09-20 21:00:00,0.0,0.31634176,0.3231239,0.46812496,0.34557979320415805,0.9019038609454845,1.4376331788024403,0.2537336819196476,1.0503732693266357,2.225400223732269,0,0
2016-09-20 22:00:00,0.0,1.9005871,1.8670559,2.1374414,0.8334305937774479,0.8463290276635942,1.479321904217841,1.103677843525243,1.0943187950088056,2.321332349469389,0,0
2016-09-20 23:00:00,0.0,1.1890166,1.231668,2.908072,1.1353150724250038,0.8511659993697477,1.208610567219188,1.198672625847505,1.0632714880767313,1.8357357170903794,0,0
2016-09-21 00:00:00,0.0,1.0266812,0.42290825,1.3864162,1.3720949079163116,0.8588373505602351,1.078713230026983,0.8560844763793596,0.9952327733508646,1.3866703661478292,0,3
2016-09-21 01:00:00,0.0,1.7344426,1.0213655,1.2675025,1.3167134324414023,1.0750720131094254,1.1585290667972143,0.7201282894301134,1.1953724293145636,1.436363446010661,0,3
2016-09-21 02:00:00,0.0,1.7084994,1.741127,2.2364287,1.4898743482733052,1.3125947103491546,1.2118868788810184,1.2034925776512346,1.4427124491709662,1.4905637319270033,0,0
2016-09-21 03:00:00,0.0,0.7171111,1.5163944,2.6546695,1.3866842931405026,1.379389600528407,1.140646730736946,1.2792140030478498,1.4131301147872317,1.406013897197304,0,0
2016-09-21 04:00:00,0.0,0.5256911,0.77686006,1.8209919,0.9837671782805538,1.1502403053609778,0.9982846665122862,1.052217288726394,1.2208354131082522,1.29955112134939,0,0
2016-09-21 05:00:00,0.0,2.5913856,2.1854146,2.651996,1.27806251525012,1.383968431761713,1.1175672155657306,1.4577126201968231,1.5578831572071457,1.4885984535806245,0,0
2016-09-21 06:00:00,0.0,0.97875375,2.559068,4.5412407,1.3652767637543437,1.375980528447423,1.117408939503829,1.5630271337187034,1.5216782159507944,1.4453911326277848,0,0
2016-09-21 07:00:00,0.0,0.8739876,0.46273702,2.7763617,1.4813755984842976,1.2325713883824254,1.1538217007459253,1.5615595578326051,1.4126251382395238,1.4327393730363278,0,0
2016-09-21 08:00:00,0.0,0.777783,0.8857422,0.9983755,0.8768414567931457,1.0774519860216327,1.1950233481853942,0.642647819984112,1.4083659424911597,1.4799710394047267,1,0
2016-09-21 09:00:00,0.0,3.8399503,4.108603,4.714769,1.830573593316079,1.597925178535211,1.4886573895318085,2.5931478752280315,2.6992354557426292,2.4217653869284947,5,0
2016-09-21 10:00:00,0.0,1.950116,2.560914,6.4736433,2.1892830587174954,1.8353293286008967,1.492784816980937,2.266088879942494,2.7371600972944736,2.395363011130546,1,0
2016-09-21 11:00:00,0.0,1.660471,0.98438627,2.1173816,2.483512372617233,1.6801769147051886,1.532072673233451,1.8162160868803914,2.0696616949106894,2.374462861475503,1,6
2016-09-21 12:00:00,0.0,1.3221805,0.6288689,1.3471723,1.6442558199885597,1.7374147066523198,1.5566976175498708,0.7209052497728886,1.914118123126594,2.3218518019165963,0,5
2016-09-21 13:00:00,0.0,2.9141686,1.9777172,2.3623524,1.9656066268672554,2.077444842792376,1.6550081155874008,1.3597304265911607,2.3576256418367745,2.4393081076950853,3,5
2016-09-21 14:00:00,0.0,1.4289283,2.5206082,4.294501,1.8884257272291456,2.1859690499231887,1.6317105179724107,1.5381356676536124,2.3031097194478476,2.464921174131616,0,2
2016-09-21 15:00:00,0.0,0.854387,1.0851414,2.8674972,1.732494527270583,1.6883751736295711,1.6431501760823917,1.7170246348473945,1.5675578708802835,2.4369954506880602,0,0
2016-09-21 16:00:00,0.0,1.852304,1.5125617,1.6526875,1.3785398027462037,1.6720732148067297,1.7537012717038127,1.3518031472826268,1.8467311948262213,2.5670457553664794,0,0
2016-09-21 17:00:00,0.0,0.72407514,1.8844699,3.3650599,1.1435887910077769,1.5160072591184612,1.5980920869118254,1.0667543241497035,1.8331422125506436,2.2660979721876857,1,0
2016-09-21 18:00:00,0.0,1.7738738,1.3219116,2.4075217,1.4500843968292945,1.5912894620499394,1.6643520843511286,1.745711912535931,2.098097047321938,2.345023796874976,1,0
2016-09-21 19:00:00,0.0,1.1829433,1.5158223,2.7177103,1.2269640538175708,1.302751928281887,1.6900983855371314,0.9207509026080456,1.4532954205885458,2.344976330209446,2,1
2016-09-21 20:00:00,0.0,3.8466432,3.6839561,4.79676,2.267820076145077,1.7057044335764269,1.945836741749808,2.3545379208302823,2.2434887469896045,2.5950353049183,6,0
2016-09-21 21:00:00,0.0,1.0551833,3.032085,6.666905,2.028256567293988,1.7391704820616416,1.7137728278456064,2.1590313556992062,2.265918357319968,2.24415257866208,0,1
2016-09-21 22:00:00,0.0,1.4480656,1.4736795,3.6607447,2.1166306965262494,1.6717973751719097,1.6719352949893196,2.4612810971611023,2.1622475373554253,2.331352399969153,1,1
2016-09-21 23:00:00,0.0,1.0832927,1.4695555,2.5576966,1.1955138688714115,1.7316669725082425,1.6238371158133527,1.1985671427578133,2.3291722760881157,2.3429661480389274,0,0
2016-09-22 00:00:00,0.0,1.1083462,1.0309767,1.5532866,1.2132348623190128,1.6207457148065005,1.6060175884282195,1.0982567013143651,2.324257939327729,2.4004256583608066,0,0
2016-09-22 01:00:00,0.0,0.9390339,1.0438317,2.019931,1.0435576467398209,1.5800941716330348,1.4414230499574614,0.7654778375862399,2.2534830718806838,2.0653813963271435,0,0
2016-09-22 02:00:00,0.0,0.87378097,0.58178383,1.3601509,0.9737204052263935,1.084617137048903,1.3951607853126644,0.777854053974952,1.1478556478987085,2.031607703903533,0,0
2016-09-22 03:00:00,0.0,0.64235395,0.5609553,1.0672768,0.8183896243580976,1.0158122433385555,1.3774913627000982,0.531990163310779,0.9874200978089006,2.039109949536129,0,0
2016-09-22 04:00:00,0.0,0.35601622,0.5819954,1.0223924,0.6240503764394054,0.8338040115896131,1.2528006933807616,0.5273020720537637,0.7936829042580367,1.919020825372602,0,0
2016-09-22 05:00:00,0.0,0.9166276,0.8201468,1.2378098,0.6383325491749632,0.8060264772006784,1.268846724854461,0.6532519615995093,0.9003109585771498,1.9914745948888946,1,0
2016-09-22 06:00:00,0.0,1.449456,1.556268,2.092663,0.907366556310038,0.8628780903340678,1.241811902570284,1.0116921586435643,1.0230450484371822,2.0594022184814533,0,0
2016-09-22 07:00:00,0.0,0.26487267,1.257913,2.667876,0.8769853798044908,0.7505178781219481,1.1653060248774918,0.993573497850236,0.989102293859651,2.031151241934735,0,0
2016-09-22 08:00:00,0.0,0.30635273,0.2823381,1.2726061,0.6735604461390785,0.6559464976570208,0.8702818173529617,0.8196541104693584,0.9046465355773963,1.2517799037380235,0,0
2016-09-22 09:00:00,0.0,0.23728572,0.2916514,0.51479214,0.2695037010050941,0.5884351286575662,0.8021236859980608,0.2276314406376624,0.8113137545862179,1.140313167087779,0,0
2016-09-22 10:00:00,0.0,0.6536275,0.4516536,0.5513293,0.39908863573042996,0.6380370077674604,0.7359205096785367,0.3358546643955147,0.8438916050549079,1.0036990457071444,0,0
2016-09-22 11:00:00,0.0,3.9885573,3.537768,3.3725135,1.6264902180055356,1.150025332072307,0.978025904636493,2.1654513983512897,1.9573358222190769,1.7055686356572741,7,0
2016-09-22 12:00:00,0.0,1.34488,4.181327,7.380701,1.995688320012121,1.1325960105086075,0.9977370504213378,2.461421685899423,1.8711340852659408,1.7318119085132118,0,0
2016-09-22 13:00:00,0.0,0.5080269,1.0630187,4.9772367,1.947154784148023,1.1731217099392262,0.9618197940305876,2.509089911255354,1.8691369866412963,1.7120928412150067,0,0
2016-09-22 14:00:00,0.0,1.5511792,1.4038674,2.4012647,1.1346953289119464,1.3805927734587413,1.0182696355578813,1.0290898243258932,2.0210876548444676,1.7707406107573171,1,0
2016-09-22 15:00:00,0.0,1.2023567,1.6084126,2.7602243,1.087187546491262,1.5414379332516914,1.0649365309546288,1.159660622016608,2.079227573835654,1.7505768329361453,0,0
2016-09-22 16:00:00,0.0,0.68370384,1.0696489,2.5155616,1.1457465378578404,1.546450661002932,1.092243834385196,1.1287843362647236,2.1319774916309036,1.7680989796035342,0,0
2016-09-22 17:00:00,0.0,1.0594443,1.1388226,1.7554219,0.981834892698838,1.0582651108053924,1.1041452214388499,1.036579828585412,1.2781718664222976,1.8106295747231052,1,0
2016-09-22 18:00:00,0.0,0.81682426,0.99791557,2.019114,0.8533240792534653,0.9702558128723636,1.0514259116904858,0.7596510841959797,1.2302977704901987,1.7222907013588549,1,1
2016-09-22 19:00:00,0.0,0.20390047,0.7605796,1.4911594,0.693389624074709,0.9195680809662746,1.0463448954527506,0.7418017441932565,1.2288302407610403,1.7236340115326478,0,0
2016-09-22 20:00:00,0.0,0.23694293,0.20196185,0.9168992,0.41922254391996566,0.7005287183094021,1.0405607458840718,0.4494086071718373,0.9050770814135436,1.726396703385267,0,0
2016-09-22 21:00:00,0.0,0.3438572,0.22240065,0.3537032,0.26156687706356724,0.5574454781585161,1.0494417057051038,0.1999702659584461,0.6888298304219065,1.7327596826025577,0,0
2016-09-22 22:00:00,0.0,0.5372508,0.4219196,0.4845802,0.37268365229305195,0.5330366381838805,1.0397436495934065,0.28990371858639824,0.6580826459594094,1.7477422103553726,0,0
2016-09-22 23:00:00,0.0,0.34253818,0.23578602,0.5607547,0.40788207274107824,0.41355230833052187,0.7359087095679573,0.26693782009723604,0.41848409541085474,1.0667987714636857,0,0
2016-09-23 00:00:00,0.0,0.5495005,0.5458544,0.63659745,0.47642983681328743,0.3689983569384273,0.6696270849053955,0.39834745457214726,0.39485552592700995,1.0130295787181642,0,0
2016-09-23 01:00:00,0.0,0.40779674,0.58117497,1.0002153,0.43327846515530627,0.4029810587241792,0.6612745698452269,0.4304128141756421,0.41777377299967217,1.0167748164089574,0,0
2016-09-23 02:00:00,0.0,0.72173214,0.7157886,1.1684359,0.5596764479996743,0.4837792603703763,0.592153989339889,0.627497626187086,0.5283965482798976,0.7960700760392736,0,0
2016-09-23 03:00:00,0.0,1.0892737,1.2851363,1.7494074,0.7396008336182046,0.608015335215746,0.582730406687131,0.8731727726269852,0.7174886729808206,0.7865153383703694,0,0
2016-09-23 04:00:00,0.0,1.0282245,1.0739262,2.2480729,0.9464101372589067,0.6898443012071064,0.6114404696954934,0.8811847029334807,0.8101348756785262,0.8089666450632117,0,0
2016-09-23 05:00:00,0.0,1.2440056,1.284493,1.876335,1.1205012218176778,0.840088834908676,0.6268205716195993,1.1087674838424089,1.059209434596952,0.914384288535005,0,0
2016-09-23 06:00:00,0.0,0.3832117,1.2174712,2.4077284,0.8851472361255909,0.8123740348718977,0.5906861959051627,0.9831655525260351,1.0809323380327505,0.8832188264033384,0,0
2016-09-23 07:00:00,0.0,4.6487722,4.5322123,5.611846,2.0919965660263005,1.5192033516426036,0.9610922051833913,3.127261755225842,2.4341943561132764,1.8651214817595894,7,0
2016-09-23 08:00:00,0.0,1.5593114,4.9910145,9.0188265,2.197098560211019,1.658799891014348,1.0712895756923617,3.077708815934381,2.542063028832469,2.0005862423330347,0,0
2016-09-23 09:00:00,0.0,0.71812505,1.2947253,5.97597,2.3087363411551043,1.5969417886403476,1.1024785619280464,3.0530763533948853,2.5877359003807747,2.014408880289695,0,0
2016-09-23 10:00:00,0.0,1.4588307,1.4935833,2.300264,1.245422430740206,1.6687094983832536,1.17927689979518,1.2779880178830165,2.7121654323032387,2.0994415203235395,1,0
2016-09-23 11:00:00,0.0,0.42838678,1.2123973,2.6313372,0.8684475724743281,1.5327730663426735,1.1864309506256745,0.9127590130623137,2.516948107263485,2.1070130948773254,0,0
2016-09-23 12:00:00,0.0,0.5250864,0.65014887,1.619851,0.8041013451482765,1.5564188431516899,1.184396439011794,0.850106404029803,2.5165405467775286,2.1079406034865045,0,0
2016-09-23 13:00:00,0.0,0.5696736,0.7352531,1.1953231,0.5077155936115144,0.8765690121758604,1.197886181909232,0.5546548459645859,1.1045037327943465,2.1200216010875312,1,0
2016-09-23 14:00:00,0.0,0.9085577,0.7971273,1.4293296,0.6677725509303544,0.7681100617023413,1.2134549763583449,0.6586710169557378,0.9673706876300868,2.1308388537535223,0,0
2016-09-23 15:00:00,0.0,0.65147305,0.83683544,1.2763405,0.7099014326753844,0.7570013889118304,1.1769715887760888,0.6515511563989083,0.9260314910080857,2.114743326065476,0,0
2016-09-23 16:00:00,0.0,0.8841928,0.89729166,1.42815,0.8147411874820102,0.6612283905467623,1.164968944465008,0.8253724423045298,0.8366788741594561,2.1263200163206974,0,0
2016-09-23 17:00:00,0.0,0.5019705,0.85461503,1.5320655,0.6792121162671797,0.673492333598767,1.1031326999707203,0.626888356939509,0.8270944566209236,2.0442590443072217,0,0
2016-09-23 18:00:00,0.0,1.3527291,0.9542456,1.4240754,0.9129641260193141,0.8114327793473494,1.1839258112495195,0.8860084569352664,0.9846298221856089,2.098788652387071,0,0
2016-09-23 19:00:00,0.0,0.71488094,1.1834462,1.9175032,0.8565268199977146,0.8356340037398624,0.8561015079578617,0.798997982475103,0.9976656791226604,1.1336702556787235,0,0
2016-09-23 20:00:00,0.0,1.25437,1.4917175,2.4965346,1.1073266566260238,0.8932693864466021,0.8306897240744716,1.3099350165592973,1.0457495164947888,1.2120778984186746,0,0
2016-09-23 21:00:00,0.0,0.62383956,1.5178753,2.880337,0.8643634723912683,0.8886637992052911,0.8228325940585607,1.0789809304905558,1.149926190762254,1.232507105850079,0,0
2016-09-23 22:00:00,0.0,0.104617395,0.6362436,2.1104484,0.660942291141714,0.7587345555697141,0.7099814730582382,0.9299488735832646,1.1403074408914622,1.1106251304660861,0,0
2016-09-23 23:00:00,0.0,1.9703135,1.9628197,2.5515337,0.8995901448032705,1.0034584007146476,0.838475367156707,1.4514985784093637,1.853732743715068,1.5745339185404181,1,0
2016-09-24 00:00:00,0.0,0.29617894,1.8247603,3.7395744,0.7903699636468348,0.8273667180190514,0.8193997486832004,1.141362937140335,1.5451121763823061,1.5681130332117696,0,0
2016-09-24 01:00:00,0.0,0.39325085,0.1589651,1.9166769,0.8865811091418575,0.7737617001417856,0.8046978519408244,1.0999269175669872,1.4412701176867118,1.5279559899917157,0,1
2016-09-24 02:00:00,0.0,1.0406046,0.799358,0.80250424,0.5766781252336665,0.7381341350184687,0.8157017607325351,0.49769309293687414,1.1783912676057333,1.467422371207176,0,1
2016-09-24 03:00:00,0.0,1.5950909,1.8256724,2.5072834,1.0096487199753734,0.9000093418111043,0.8943365705081975,1.1095297120215015,1.5334664998350893,1.5828744508260164,0,1
2016-09-24 04:00:00,0.0,0.5180567,1.342622,3.1596825,1.0512506881197565,0.9689158986308071,0.8638252271002609,1.0977063432220422,1.5053739518406917,1.554822009450591,0,0
2016-09-24 05:00:00,0.0,1.0923547,0.8779735,2.1679907,1.0685007099513764,0.8225894175925215,0.9130239091535843,0.8916946751186035,0.9765240561122668,1.618752295901866,0,0
2016-09-24 06:00:00,0.0,0.32727978,1.0504065,1.8359641,0.6458970598051642,0.827772889890269,0.8275698039546604,0.6627739811422949,0.976071760445972,1.5603590320373026,0,0
2016-09-24 07:00:00,0.0,0.33046168,0.34522462,1.2927018,0.5833653692167811,0.8173080286682689,0.7955348644050274,0.670929040306696,0.9795960366108681,1.5115896273971219,0,0
2016-09-24 08:00:00,0.0,0.43635312,0.42042503,0.6391154,0.36469818955069505,0.7165994497510357,0.7273667923847522,0.30639379277661527,0.835974752484702,1.2856501224674854,0,0
2016-09-24 09:00:00,0.0,0.66926676,0.5994776,0.9716104,0.4786938642812948,0.5622954620432294,0.7311524019271668,0.4276582382682597,0.6101139952102493,1.2490739466637855,0,0
2016-09-24 10:00:00,0.0,2.3674762,2.4450076,2.6980898,1.1576986508938747,0.8705320100553277,0.9197239543430676,1.5433069573121494,1.316539202773275,1.6260424406824008,3,0
2016-09-24 11:00:00,0.0,0.6941851,2.2107685,4.504856,1.2436426426737968,0.8041704161122458,0.8133799168523835,1.4912166541326064,1.2172701250254352,1.2211974805702168,0,0
2016-09-24 12:00:00,0.0,0.44122115,0.51095206,2.4300396,1.167627426853423,0.823160645567359,0.8254667677288139,1.3940811108123612,1.2120732995776333,1.221906152970806,0,0
2016-09-24 13:00:00,0.0,1.4112308,1.1890712,1.5773907,0.848878986039971,1.0032888184669229,0.9102984235675958,0.7653427644223697,1.4270597294553005,1.3441991022794446,0,0
2016-09-24 14:00:00,0.0,1.3300776,2.1268232,3.2408423,1.0608431382501606,1.1522428904619786,0.9344211701065073,1.2944318949286144,1.6525341869222687,1.463270678590407,0,0
2016-09-24 15:00:00,0.0,0.71314627,1.4483308,3.5092177,1.151484840925622,1.1595561338895228,0.8609257979663762,1.2477144178538668,1.5817651035349072,1.390054715862017,0,0
2016-09-24 16:00:00,0.0,0.71911,0.7114897,2.0016532,0.9207779401838835,0.8848284631119274,0.8776802365836273,1.020989452791085,1.091221148682138,1.3963828409031407,0,0
2016-09-24 17:00:00,0.0,0.5155827,0.69466907,0.81972086,0.6492796585096006,0.8550613983798805,0.8296159072460633,0.6039621114570323,1.1072168946940015,1.3153889844216138,0,0
2016-09-24 18:00:00,0.0,1.0354447,1.1675804,1.6765693,0.7567124575267764,0.9540986492261995,0.8886296473967792,0.9053332523865283,1.2377239478350595,1.3806672594332243,1,0
2016-09-24 19:00:00,0.0,1.9262506,2.7219524,3.8090007,1.159092632184832,1.0399352861843576,1.02161205232564,1.7153508989542123,1.5772509391740206,1.7297688754573537,3,0
2016-09-24 20:00:00,0.0,0.26711822,1.9041306,4.6023574,1.0762711336869273,0.862775396098264,1.0075091432801215,1.599573104564544,1.3944618746011308,1.7129059325356897,0,0
2016-09-24 21:00:00,0.0,0.43483305,0.36272278,2.159931,0.8760672499158897,0.8163898537213332,0.9879729938054281,1.2451702344858329,1.376112383152295,1.736441496359016,0,0
2016-09-24 22:00:00,0.0,0.3677108,0.25998044,0.5521828,0.35655400934654813,0.75782332076569,0.8213258919388087,0.24422976448673714,1.3159287011648033,1.410141470934356,0,0
2016-09-24 23:00:00,0.0,0.4005254,0.32508555,0.46559352,0.40102306258675585,0.7386470981368414,0.7968542482583613,0.26352220762878953,1.261562952489024,1.4126388200745101,0,0
2016-09-25 00:00:00,0.0,0.87930804,0.64496845,0.86469555,0.5491813677880629,0.7126243088519761,0.833361479039088,0.48118480494675314,1.1216703930031544,1.4589481130827793,0,0
2016-09-25 01:00:00,0.0,0.7451492,0.5141061,1.0301691,0.6749941472126822,0.5157740782796152,0.7778546822319863,0.4549542927369306,0.48299509202454294,1.351005701706418,0,0
2016-09-25 02:00:00,0.0,2.0365593,1.9068233,1.9969939,1.2203388186391095,0.8106809406129326,0.836728168355598,1.2099933222838144,1.0689315387017704,1.5714046392527843,3,0
2016-09-25 03:00:00,0.0,0.21910037,1.9201791,3.4768867,1.0002696331202547,0.7747255004541587,0.7955576770877459,1.2402064539374384,1.052799811001098,1.5195706068544275,0,0
2016-09-25 04:00:00,0.0,0.6485604,0.49355277,2.3835223,0.9680733815965759,0.8215337644046293,0.7896785425851596,1.2030444445684878,1.1037563858493602,1.477423648082746,0,0
2016-09-25 05:00:00,0.0,0.30464572,0.42429808,0.8959419,0.3907688248567541,0.8055538217479318,0.7721004599423864,0.31979037129201776,1.1046552398335758,1.477823973755912,0,0
2016-09-25 06:00:00,0.0,0.9426438,0.98639953,1.289861,0.6319499675530745,0.8161098003366648,0.7643670545943204,0.7043189886186866,1.2023270085727369,1.4418346596118916,0,0
2016-09-25 07:00:00,0.0,0.3010792,0.902311,1.7448045,0.5161229053472678,0.7420981434719217,0.6289361108757686,0.6340928963852761,1.140900783667884,1.0396852299342598,0,0
2016-09-25 08:00:00,0.0,4.442974,4.3568125,5.0751805,1.8955656552889264,1.1431672400728408,0.9769240903428864,2.8209780708821053,2.059565228641613,2.0308647631978176,7,0
2016-09-25 09:00:00,0.0,1.247039,3.4185886,7.685335,1.9970307178281397,1.314490342690607,1.0446079215723831,2.432074384495264,2.087517018838385,2.0658786693875353,0,0
2016-09-25 10:00:00,0.0,0.9256002,1.3095219,3.3982778,2.2052043598461553,1.3606636325967114,1.09109869850067,2.434155238893929,2.1519864276949914,2.0816045835897268,0,0
2016-09-25 11:00:00,0.0,1.393149,1.5069721,2.7138097,1.1885960335735426,1.5420808444312344,1.173817333089583,1.2346674437909257,2.3755956458284846,2.241683012639321,0,0
2016-09-25 12:00:00,0.0,0.46909413,1.2135473,2.1251218,0.9292810865571401,1.4631559021926401,1.139632851264652,1.0121192901638107,2.242676128626505,2.223438468043542,0,0
2016-09-25 13:00:00,0.0,0.5521924,0.40059865,1.5525546,0.8048118369184237,1.50500809838229,1.123553120927106,0.7103248108408452,2.2323312281681886,2.1812857085688937,0,0
2016-09-25 14:00:00,0.0,0.786705,0.52172786,0.6208642,0.6026638471628065,0.8956299403681747,1.0193985902205072,0.43843042243802577,1.10098265808216,1.866328616386534,0,0
2016-09-25 15:00:00,0.0,0.5336963,0.8710983,1.1861546,0.6241978945145403,0.7767394905358403,1.0456149166132234,0.5491734808286025,0.9001559396333364,1.871194636721575,0,0
2016-09-25 16:00:00,0.0,0.41602707,0.5467341,1.2782074,0.5788094479335828,0.6918106424260032,1.0262371375113573,0.5936956186470728,0.7866746833418182,1.8686341112533456,0,0
2016-09-25 17:00:00,0.0,1.3607701,1.1375257,1.3848507,0.7701644768400676,0.686414162001437,1.1142475032163361,0.8098263482111245,0.7959198931306454,1.9749996234708653,1,0
2016-09-25 18:00:00,0.0,0.9465121,0.75335056,1.6790905,0.9077697414553588,0.7659838179849493,1.1145698600887948,0.7040438815289551,0.8320259392225855,1.9030000653222887,1,0
2016-09-25 19:00:00,0.0,0.39463052,0.64661884,0.93781376,0.9006375561465245,0.7397235020400534,1.1223658002111716,0.657178849217193,0.7941019186703108,1.8999807021911166,0,1
2016-09-25 20:00:00,0.0,0.35431364,0.40167162,0.5922852,0.565152072990025,0.6676582749150464,0.7816441076416101,0.5239685650370081,0.7261657798277793,1.0667282866283292,0,0
2016-09-25 21:00:00,0.0,0.28381276,0.31313884,0.5634811,0.34425230189955974,0.6260110216774593,0.7013752561066496,0.3061842324093071,0.7101558484896793,0.9018282661301621,2,0
2016-09-25 22:00:00,0.0,1.8919145,1.847645,2.0538015,0.843346870104988,0.8719922131257558,0.7819014277758796,1.0777485612666804,1.2035863613251279,1.176293438577376,3,0
2016-09-25 23:00:00,0.0,0.5081556,1.8268585,3.5432122,0.8946275138731548,0.7298897934315897,0.7081519777165134,1.1653094057837394,1.0279295487355549,1.1004306496006628,0,0
2016-09-26 00:00:00,0.0,0.981694,0.6915421,2.4119081,1.1272546021298608,0.7357534520147103,0.7508686349998298,1.3767377439839097,1.0870095901065862,1.2045074216101437,0,1
2016-09-26 01:00:00,0.0,0.49459746,0.66397035,1.3318986,0.6614823602657657,0.7524146151853769,0.7460690586127151,0.4458017239777691,1.0604754738400353,1.1704489908200713,0,1
2016-09-26 02:00:00,0.0,0.45199004,0.21993038,0.6890067,0.6427605227131715,0.7686940182931631,0.7181761466041047,0.46536361178029967,1.0632194334778244,1.0924931990224105,0,1
2016-09-26 03:00:00,0.0,0.8038142,0.52404886,0.6317103,0.583467217895421,0.8553609100126409,0.74068596584505,0.35690947320275423,1.0878753232250025,1.1108135233375571,0,1
2016-09-26 04:00:00,0.0,1.1465626,1.0974644,1.3399091,0.8007889134209036,0.7311356368433346,0.8015639249845452,0.7163368143808235,0.7434383934122666,1.1838599837373787,0,0
2016-09-26 05:00:00,0.0,0.879655,0.77721006,1.3612674,0.943343895486194,0.7930522090996825,0.7614710012656363,0.7805094984531799,0.8342423038012585,1.122274792551906,0,0
2016-09-26 06:00:00,0.0,1.8047448,1.5031655,2.0616984,1.2769875654604226,0.9302273916779218,0.832990421846316,1.1099045334255646,1.107820461202625,1.3451999525049272,1,0
2016-09-26 07:00:00,0.0,1.1959261,1.5911051,2.9496381,1.2934420811569902,1.0471154972889467,0.8997650562371616,1.0784736822238663,1.1591637312760232,1.407452957036388,0,0
2016-09-26 08:00:00,0.0,1.7290885,2.2316198,3.6232605,1.5765866179585726,1.2599652567223834,1.0143296375077726,1.8962804512091584,1.5537056335158625,1.6699068815350444,0,0
2016-09-26 09:00:00,0.0,1.0719526,1.346571,3.4282973,1.3323224133715108,1.3046549894159662,1.0800079497143038,1.2414059598703033,1.4655146182545111,1.6773840022178206,0,0
2016-09-26 10:00:00,0.0,1.4065977,1.8168252,2.3702517,1.4025462590028372,1.3479941700799138,1.0395649034616241,1.485668743597619,1.6645029260392843,1.4691271030387434,2,0
2016-09-26 11:00:00,0.0,1.5648855,2.3369012,3.7726207,1.3478119497520717,1.462199283855322,1.1276257464775028,1.7500573513086315,1.8417305310482184,1.5916282298772662,1,0
2016-09-26 12:00:00,0.0,3.26828,2.7115219,3.9916918,2.0799212184452602,1.706121815908385,1.3181746037931534,2.4685207186941494,2.5919982337463967,2.0896903629525005,4,0
2016-09-26 13:00:00,0.0,1.4509659,2.3114898,4.9377384,2.0947106468640357,1.748628452933436,1.3978719751111917,1.5971707703310256,2.4037388577929906,2.100839425272747,2,4
2016-09-26 14:00:00,0.0,1.6329415,0.6288649,2.866382,2.117395897486901,1.7326039236194863,1.4962845901709347,1.421213477798982,2.1320603122929787,2.1357758670198397,4,4
2016-09-26 15:00:00,0.0,1.788142,0.6096319,1.0369022,1.6240164793734169,1.8519688489093384,1.5783119191626527,0.6159521022111291,1.87257636480992,2.1117559831086306,4,4
2016-09-26 16:00:00,0.0,3.773295,2.5121648,2.4730558,2.398126037835365,2.2464183423497004,1.7972062562148068,1.6159808063271321,2.0510457479219792,2.410870839036219,3,5
2016-09-26 17:00:00,0.0,7.12458,7.0006337,7.574742,4.228672249290268,3.173034073388584,2.317616678621953,4.348015328512602,3.8744714728567584,3.4395363785984654,6,4
2016-09-26 18:00:00,0.0,3.276971,6.896367,12.834321,4.724948583831813,3.174482531602615,2.4403021737554997,4.918504487163334,3.7317654205989608,3.6031913082123794,2,3
2016-09-26 19:00:00,0.0,1.4747335,2.6727846,8.584533,3.9587615496844912,3.178443793759929,2.4635361233466826,4.430531686535435,3.8452027601414422,3.586862393621324,1,1
2016-09-26 20:00:00,0.0,1.0319992,0.7090282,3.0652814,1.927901258172112,3.0782867537311898,2.405445338675338,1.672625339772444,3.866160403196292,3.4937784892480988,1,1
2016-09-26 21:00:00,0.0,1.5095019,1.138609,1.8369795,1.338744855226891,3.0318467195293515,2.441907784219345,0.8008510946557421,3.8475595468096655,3.431792528684474,1,1
2016-09-26 22:00:00,0.0,2.1231098,1.425849,1.8531116,1.554870272153815,2.7568159109191535,2.501617126634427,1.1133089641005112,3.438127087868287,3.235576568126646,3,1
2016-09-26 23:00:00,0.0,2.2651145,2.2162569,3.5539892,1.9659087340495467,1.9469049961108291,2.5599695347497065,1.43355126068672,1.9571316081401076,3.363764825908308,3,3
2016-09-27 00:00:00,0.0,1.4333324,1.1937064,3.2877975,1.9405189236939264,1.639631889460409,2.407057210531512,1.319879745800341,1.367924980837325,3.075142758045683,3,3
2016-09-27 01:00:00,0.0,1.2156483,0.70422184,1.4562111,1.638031762689483,1.5964510174216484,2.3874474055907884,0.9265390277111784,1.2812826959945225,3.065786964566604,2,3
2016-09-27 02:00:00,0.0,7.2238016,6.2173567,6.7601886,3.29092767868914,2.6284182063693433,2.8533524800502663,3.6582420920711725,3.0645492167138326,4.11524898088744,12,3
2016-09-27 03:00:00,0.0,1.0941968,7.2140427,13.189735,3.177882473065741,2.559200698379833,2.7955237089545926,4.184704858350236,3.3674946529002527,4.16523393458587,0,0
2016-09-27 04:00:00,0.0,2.6997237,2.8246014,9.793613,3.6725742339280507,2.6553029983087666,2.70605945461396,4.591174409028875,3.7112241332427383,4.097560438392305,1,0
2016-09-27 05:00:00,0.0,2.4701686,2.6059797,5.2397566,2.0880295675143463,2.689478623101743,2.3181918096062866,2.1239986300282427,3.7044555268354817,3.2717371850697563,2,0
2016-09-27 06:00:00,0.0,2.3956704,3.143235,4.343969,2.521854064762566,2.8498682689141535,2.2447500791872814,2.40360373661478,3.9457935091062466,3.158276237470559,2,1
2016-09-27 07:00:00,0.0,2.8116047,3.3289578,5.6870794,2.559147819645545,3.1158610267867974,2.356156022104223,2.5494278704720617,4.367207684189167,3.4491382411354317,2,2
2016-09-27 08:00:00,0.0,1.4138047,2.8633158,6.1152067,2.2070266029312786,2.1475280852228122,2.3879731457960776,2.2081161178640376,2.6454225400925977,3.4955427575046034,2,2
2016-09-27 09:00:00,0.0,0.7004558,1.3301061,3.274929,1.6419551118906242,2.0819045883265948,2.3205526433532144,1.9462925766852655,2.5831993517564285,3.537750875759595,1,1
2016-09-27 10:00:00,0.0,0.6499026,0.76685095,1.7273022,0.9213876999463875,1.7402677597959655,2.197785379052366,0.981905942873478,2.2332955925281532,3.5009845585257775,1,0
2016-09-27 11:00:00,0.0,0.96858954,0.8564882,1.520085,0.7729826196663057,1.490004611298792,2.0897416172002674,0.6645135542999477,1.9407712880454362,3.4428160702198234,0,0
2016-09-27 12:00:00,0.0,0.707001,0.50208485,1.2166489,0.7751643141809166,1.2085597130357706,2.0292139909749616,0.518981493405093,1.7504464873847896,3.455419770875996,0,0
2016-09-27 13:00:00,0.0,0.9386757,1.0326272,1.044372,0.8714219908718496,0.8964048454091186,2.0061329360979574,0.7781933280430552,1.1705063307796182,3.5059215380468194,0,1
2016-09-27 14:00:00,0.0,2.002591,2.2615738,3.2314017,1.2160891615184513,0.9945358905923783,1.5710319879075951,1.4962362716841913,1.3460094643472387,2.3843278380780415,3,1
2016-09-27 15:00:00,0.0,2.384117,2.3531394,4.2568874,1.7751277589706782,1.2751460365757974,1.678525312451196,1.9979252908759648,1.592619530655059,2.420390256781173,0,0
2016-09-27 16:00:00,0.0,1.0166618,1.7994564,2.5975907,1.8011231365449074,1.3362725637083783,1.5382701617521728,1.6642348151850033,1.6550935399766824,2.255445199702548,1,0
2016-09-27 17:00:00,0.0,0.7422584,1.0987957,2.3621762,1.3810122922433907,1.2985507268809209,1.3942776690898562,1.3853603940593877,1.7108947165550907,2.130664810355674,0,0
2016-09-27 18:00:00,0.0,1.2610978,0.95557934,1.7273744,1.0066726152849816,1.3909001871278297,1.2997299500818003,0.8936740418478434,1.885109826273949,2.1514601097091064,0,0
2016-09-27 19:00:00,0.0,0.40520144,1.1862102,1.9184083,0.8028525090317336,1.3019878227883201,1.0991963340987194,0.768603093175616,1.6667387149443529,1.6857330929774121,0,0
2016-09-27 20:00:00,0.0,0.5847155,0.6248964,1.4481705,0.7503382116794943,1.0656752519614425,1.0301055712769105,0.8816584790830926,1.433293996169333,1.5702616894496544,0,0
2016-09-27 21:00:00,0.0,4.424351,4.637927,5.239349,1.804756118658058,1.4057143669715197,1.3404302017736591,2.7428804115534566,2.426920628908314,2.586370224229262,5,0
2016-09-27 22:00:00,0.0,1.6471107,4.0909204,8.150979,2.218725866617549,1.510789187824642,1.4235308757665097,2.8063514606404016,2.473468947071807,2.6172407134141524,0,0
2016-09-27 23:00:00,0.0,0.3460719,1.4072746,4.3401136,2.1391779786523366,1.4447580951659154,1.3716544110234188,2.610234293142722,2.4170406294604407,2.594816479237612,0,0
2016-09-28 00:00:00,0.0,0.49209487,0.4697962,1.6293416,0.8284258053488798,1.3165909620034684,1.3537455745656495,0.8361248876970394,2.1412389285458238,2.5792364813469417,0,0
2016-09-28 01:00:00,0.0,2.7377164,2.5290308,2.847637,1.1919610457338168,1.7053434561756828,1.5036656394820016,1.517498505746578,2.8224925963058785,2.73523649038261,0,0
2016-09-28 02:00:00,0.0,1.1953675,3.2068357,5.1065216,1.4750595338603225,1.8071187562563304,1.4363970041088863,1.9845018230573723,2.9308930032188396,2.574499981980365,0,0
2016-09-28 03:00:00,0.0,1.879798,2.223051,5.2872515,1.9376271892610404,1.3830264973049604,1.3943704321382402,2.553809954205072,2.1197720439221888,2.6739996021458596,3,0
2016-09-28 04:00:00,0.0,0.81662226,2.2187982,4.262456,1.2972624786536557,1.244611762193736,1.377700475009189,1.5843352557223167,1.9837682807113397,2.661526647405493,0,0
2016-09-28 05:00:00,0.0,0.78365993,0.71219,2.6483681,1.1600266948604934,1.3175431143604077,1.3811506047631623,1.389457857203692,2.0005496358255264,2.670811037189438,0,0
2016-09-28 06:00:00,0.0,0.5996664,1.0275713,1.390569,0.733316223741971,1.3354717065015052,1.3260313342524868,0.7359249386262846,1.9985033532581278,2.6433212401937123,0,0
2016-09-28 07:00:00,0.0,0.24163672,0.5154674,1.4434162,0.5416543789670839,0.9194584288103697,1.312400942493026,0.6065770018669746,1.3081242989906388,2.6292207274600816,0,0
2016-09-28 08:00:00,0.0,0.839226,0.7982132,1.1542299,0.5601764412546039,0.8601015680575487,1.3336101621569394,0.5679767795499434,1.227716039547414,2.5949461132093203,0,0
2016-09-28 09:00:00,0.0,1.04427,0.9354641,1.1920067,0.7083776161158475,0.720846919928909,1.0519367086169344,0.7105016060797337,0.8154556047507966,1.7408803708027962,0,0
2016-09-28 10:00:00,0.0,0.7001099,1.3739299,2.07272,0.8612019959702959,0.7014281874686898,0.973019974831213,0.9680942940440109,0.8955535309857158,1.6869116214060818,0,0
2016-09-28 11:00:00,0.0,0.8896768,0.5126491,1.7486118,0.8780188733117735,0.7190976572831885,1.0183203858217984,0.8676962544665519,0.9327854759487083,1.7118715067975336,0,0
2016-09-28 12:00:00,0.0,1.4951777,1.4478838,1.8634887,1.0283214876680098,0.8683495518919285,1.1019106291967171,0.8799158080612519,1.1741328449288349,1.881266896656483,0,0
2016-09-28 13:00:00,0.0,1.5287156,1.6243958,2.8275843,1.304523403908164,1.0828626999392301,1.0011605643747998,1.2229118212049277,1.3875404765712689,1.5612380459497137,0,2
2016-09-28 14:00:00,0.0,0.799661,1.4878528,2.8341424,1.274518152676708,1.0762685129942406,0.9681850405258946,1.317780928238162,1.3581675405716434,1.5341661051119744,0,1
2016-09-28 15:00:00,0.0,0.91924757,0.7759071,2.0347178,1.0825414195685654,1.0554314536182878,0.8881391867735986,1.0956138967651652,1.2448974627110463,1.2850577660775775,0,1
2016-09-28 16:00:00,0.0,1.9454955,1.7035843,1.8449907,1.221467984572544,1.262995694240354,0.9822119408545219,1.1494020410153716,1.653878402769838,1.58944325017643,4,1
2016-09-28 17:00:00,0.0,2.384793,3.8126554,5.4998813,1.74984531060132,1.5121817316390136,1.1156396944611011,2.2628465885266285,2.1351977184655277,1.8269055392078901,2,1
2016-09-28 18:00:00,0.0,1.1455777,1.7624036,5.4645996,1.825288638596093,1.4539150290823293,1.161132290487129,2.1874508177914818,1.864440240016245,1.8292588789806172,0,1
2016-09-28 19:00:00,0.0,1.086523,0.53975576,1.6263674,1.5389645645283978,1.3802162745504707,1.23153948724485,1.1916580671869035,1.8188848551147894,1.8410652378128953,0,1
2016-09-28 20:00:00,0.0,0.47468695,0.7792753,1.0081859,0.9022625477006732,1.326053929150996,1.2011612210726188,0.5437672383079504,1.770643235981594,1.8181556635764033,0,1
2016-09-28 21:00:00,0.0,0.44903663,0.28413442,0.8750927,0.6700822288310628,1.247685433713578,1.1515584436659327,0.5400569444889307,1.7127480182742432,1.7609629890896146,0,1
2016-09-28 22:00:00,0.0,2.3413067,1.9761055,2.1627042,1.0883434594276418,1.3136540119780196,1.2883248531091864,1.177795499709847,1.539560998127299,1.8163452883025333,4,1
2016-09-28 23:00:00,0.0,0.4864439,2.0551093,3.9207559,1.0922624441484021,0.9972624959245375,1.254722113781776,1.2220410955986325,1.108197643123151,1.797169246421675,0,1
2016-09-29 00:00:00,0.0,0.3208619,0.19215538,2.0993686,1.0495375333251902,0.8598098810781266,1.156862455080228,1.2201004937121878,1.08345411495833,1.5793161573675096,0,1
2016-09-29 01:00:00,0.0,0.30716974,0.24134918,0.34580308,0.3714918616132373,0.7299176605204392,1.055066967535455,0.21270659535316297,0.9394842121109148,1.5069249800483338,0,0
2016-09-29 02:00:00,0.0,1.8362865,1.6413778,1.7201247,0.8214394157852114,0.9568509299668065,1.1414524295589017,1.0077484857389025,1.3645274167385721,1.6876593065933165,0,0
2016-09-29 03:00:00,0.0,1.2823054,2.670555,4.260924,1.1419205843725255,1.0957290588488577,1.1717072462812177,1.5370973583565357,1.67943238957795,1.8147494700774593,0,0
2016-09-29 04:00:00,0.0,0.84071785,1.261233,3.8124309,1.319769966211601,0.845630913912419,1.0796424629452197,1.6304378834471016,1.2713374520354999,1.6439678308649845,0,0
2016-09-29 05:00:00,0.0,1.4830924,1.0688552,1.9619504,1.202038545429681,1.0117389806074462,1.004500738265992,1.0476375458777885,1.3814465759607255,1.4815283427034593,1,0
2016-09-29 06:00:00,0.0,1.6225648,1.9358103,2.6119897,1.3154583483733722,1.2286894663729488,1.0442496737255376,1.1904331619372133,1.6275897410207398,1.6230235433575413,0,0
2016-09-29 07:00:00,0.0,3.3177423,4.320257,6.12314,2.1411330340331545,1.730451500122378,1.2301845803214086,2.637655789411264,2.237023876431999,2.072655000702473,5,0
2016-09-29 08:00:00,0.0,0.6324001,2.9676316,7.1648417,1.8575689440728262,1.5298037447512538,1.2433273373590303,2.466038458897581,2.126376347720971,2.0798047585957193,0,0
2016-09-29 09:00:00,0.0,0.48499945,0.52590555,3.0675936,1.4783804984103877,1.39691942339188,1.2463242411203685,1.8854351969492156,1.9892238942759084,2.074657087761553,0,0
2016-09-29 10:00:00,0.0,1.208241,1.3004482,1.5797032,0.7752135058851036,1.4581732699591297,1.1519020919357743,0.8506872288314299,2.1562283108693427,1.8712027507796767,0,0
2016-09-29 11:00:00,0.0,1.529258,2.1473372,3.3256195,1.0741661426168667,1.4658675433448465,1.2388032619761462,1.3115546078371083,2.2618764937654174,1.9471934657911318,1,0
2016-09-29 12:00:00,0.0,2.0873277,2.536409,4.5240216,1.6082756272472023,1.543328062828795,1.3860087646008719,2.0420119716181717,2.3976909330872345,2.199576660525389,3,0
2016-09-29 13:00:00,0.0,1.38627,2.1043262,3.9390914,1.6676186390415486,1.2214160724633263,1.4759337862928519,1.8265943890182468,1.6945532922180027,2.2752545643056923,1,0
2016-09-29 14:00:00,0.0,3.2619696,3.566636,4.5401816,2.2451892078308107,1.659677675223839,1.5947407099875461,2.7003462025248366,2.494696125345078,2.7044505791302673,2,0
2016-09-29 15:00:00,0.0,1.4110855,2.10331,5.469489,2.0197750625473048,1.8140253448972539,1.6054723841445668,2.03175426270788,2.5256216426459113,2.725279836204184,0,0
2016-09-29 16:00:00,0.0,2.327405,2.3062458,3.0234127,2.333486703411795,2.000552671226671,1.7293629705929008,2.321764506192769,2.734939051443465,2.9274508872044818,4,2
2016-09-29 17:00:00,0.0,0.26219139,2.1727881,3.6779401,1.3335606020867201,1.7893749049587655,1.6276212241518055,1.5544954321051963,2.484925195627797,2.883873914202883,0,0
2016-09-29 18:00:00,0.0,0.15147595,0.24485746,2.1053276,0.9136907586607722,1.466732910604039,1.5050304867164166,1.3221704922025674,2.169591937392302,2.8193076416737375,0,0
2016-09-29 19:00:00,0.0,1.5058612,1.4036225,1.5678376,0.6398428640427589,1.4866647837272775,1.3540404280953018,0.8645873763397471,2.2999234057369753,2.444800267957063,0,0
2016-09-29 20:00:00,0.0,0.9256027,1.2223426,2.4756556,0.8609799251999063,1.097270263643313,1.378473969433576,0.9237950077623591,1.75659149363554,2.452379495979676,0,0
2016-09-29 21:00:00,0.0,0.7087771,1.2212771,1.7682868,1.046746979308811,0.9802188689847917,1.3971221069410227,1.1348384759045786,1.6589547974686323,2.4838585985300323,1,0
2016-09-29 22:00:00,0.0,0.7109735,0.56444293,1.614748,0.7817843901659653,0.710813627104362,1.355683149165517,0.8584815800745439,0.997952675452782,2.3810920053301547,0,0
2016-09-29 23:00:00,0.0,0.98554987,1.1787751,1.3204814,0.8017668075346183,0.8313733663672623,1.3103741356630136,0.8186077467743753,1.2285521702073923,2.246010770876605,0,0
2016-09-30 00:00:00,0.0,16.305195,15.83401,16.25544,6.0005724343189755,3.5236597068138926,2.4951963087089664,9.510611769656125,7.466572026758098,6.318160026993683,9,0
2016-09-30 01:00:00,0.0,2.1812804,14.295342,29.735804,6.490674667140441,3.6362295286532023,2.561447156190239,8.869613753454091,7.048271890835701,6.2399118427075315,4,2
2016-09-30 02:00:00,0.0,0.49231178,1.9427927,12.683469,6.326261981614561,3.5640143945745884,2.3306423291089513,8.813925562848285,6.775462842266138,5.887812688554566,0,0
2016-09-30 03:00:00,0.0,0.36676577,0.43415415,2.0563343,1.0134525669521723,3.507012500635574,2.2436156848101834,1.2588276336597515,6.752072849333937,5.772292954447218,0,0
2016-09-30 04:00:00,0.0,1.5176599,1.3591757,1.6907287,0.7922458053923431,3.6414602362663926,2.1761369316853765,0.9513662519318157,7.08198335882882,5.442450352254024,0,0
2016-09-30 05:00:00,0.0,0.40997934,1.4310647,2.6905854,0.7648016688830142,3.545531825248787,2.1884525958080254,0.9009964748209055,7.031857366703193,5.444114580882818,0,0
2016-09-30 06:00:00,0.0,0.6471056,0.5234272,1.7789023,0.8582482779606658,0.935850422456419,2.2297550646351567,0.917983229449846,1.4413261179257328,5.436176817725214,0,0
2016-09-30 07:00:00,0.0,0.45109594,0.52361465,0.9189802,0.5027269559474895,0.6474863806699163,2.1418579546615595,0.3848688428748623,0.7858572195806458,5.305809189797817,0,0
2016-09-30 08:00:00,0.0,1.1253227,1.1402988,1.4132428,0.7411747324074246,0.7529882006452197,2.158501297609904,0.8438182090135947,1.0625995807826811,5.452100840280146,0,0
2016-09-30 09:00:00,0.0,0.32838097,0.95637333,2.0261197,0.6349331958610858,0.7465907369108759,2.1268016187732255,0.6964347027045893,1.059991719471377,5.414529172428976,0,0
2016-09-30 10:00:00,0.0,0.3346549,0.20548879,1.1241585,0.5961195157358731,0.5494232358416813,2.0954417360540356,0.6064954136631676,0.6887805619740822,5.349380963326781,0,1
2016-09-30 11:00:00,0.0,0.69970894,0.542596,0.6760495,0.4542482768219186,0.5977115046146717,2.071621664931729,0.3328638167601222,0.7383132849572361,5.303833028125989,0,1
2016-09-30 12:00:00,0.0,1.319218,1.193734,1.4220182,0.7845273286302435,0.7097302622456646,0.822790342351042,0.7866821932469609,0.9135422673399008,1.421882397467966,0,1
2016-09-30 13:00:00,0.0,1.8307939,1.1639599,1.6403081,1.283240379131701,0.9396799474337875,0.7935831640518516,1.107000675258149,1.1763424711279233,1.1492118909882532,0,0
2016-09-30 14:00:00,0.0,1.2312638,2.0230322,2.8562775,1.4604253251705925,0.9573368009962556,0.8551625008207377,1.2524269295742068,1.151433813547157,1.206845201990218,0,0
2016-09-30 15:00:00,0.0,1.4069175,1.5463536,3.46935,1.489658412243789,1.137092870437016,0.9418418036739461,1.2810288396505254,1.263242927163294,1.2911686827583502,1,0
2016-09-30 16:00:00,0.0,0.63011163,1.1278098,2.4967601,1.089430935037113,1.1863356570844072,0.8678794464630443,0.9874601658154412,1.2681917197697445,1.1426823308322438,0,0
2016-09-30 17:00:00,0.0,1.2330751,1.0930414,1.7332078,1.0900347119354559,1.275230018553024,0.9364707615838479,1.0776916802603431,1.377245962986683,1.2765597341984487,1,0
2016-09-30 18:00:00,0.0,1.394268,1.7279423,2.4512126,1.0858182581181215,1.287738335180955,0.9987342987133101,1.2056372149014303,1.6563537152924979,1.4785022782921153,0,0
2016-09-30 19:00:00,0.0,0.5677566,1.2501082,2.6430466,1.0650332254026296,1.0772320802198716,1.0084560138268293,1.163091318866958,1.452567896063537,1.4885799353885305,0,0
2016-09-30 20:00:00,0.0,0.7103304,0.5536732,1.2623874,0.8907850178595481,0.9904098648975019,0.9738733329468784,0.9091554844704295,1.394250139780859,1.4535802933862731,0,0
2016-09-30 21:00:00,0.0,2.1617355,2.4185073,2.8297935,1.1466075188508857,1.1162128884845035,1.1266528794607598,1.390420795308815,1.681333301137968,1.7304552279534275,0,0
2016-09-30 22:00:00,0.0,0.4670688,1.7948953,4.1704307,1.1130449558745312,1.0890390906385805,1.1376873738614939,1.3956861185295333,1.5924517754083503,1.7352340681754375,0,0
2016-09-30 23:00:00,0.0,0.23707786,0.45046386,1.7888445,0.955294076995245,0.9230395474273967,1.0991347829902105,1.1559376754925383,1.3604498115378545,1.7359763933810757,0,0
2016-01-10 00:00:00,0.0,0.4120161,0.3945802,0.77628034,0.372054261301072,0.7593308900759788,1.023534612628467,0.4193303393446538,1.1332925377097036,1.6903371068190978,0,0
2016-01-10 01:00:00,0.0,1.3269457,1.0443497,1.2984042,0.658679829588958,0.8858623927317446,0.9815472364758082,0.7413450611667051,1.324349647475836,1.6085986616564698,0,0
2016-01-10 02:00:00,0.0,1.2682904,1.7560428,2.499057,1.002417380416456,0.9788557287058506,0.9846327968016765,1.1411558578665277,1.3335905701516562,1.5290209746548882,0,0
2016-01-10 03:00:00,0.0,0.30785885,1.2532846,2.8250196,0.9676983123232318,0.6698762868121518,0.8930445876483276,1.1923020518099248,0.9409978970098402,1.4536579646761723,0,0
2016-01-10 04:00:00,0.0,0.5808817,0.6421028,1.7871348,0.7190103735170118,0.688845101552985,0.8889420960957828,0.8469223901403488,1.0100608674976015,1.4380549352681415,0,0
2016-01-10 05:00:00,0.0,0.7416353,0.7200438,1.226893,0.5434586135788989,0.7729379969976775,0.847988772212537,0.5931534393521839,1.0488025769132745,1.3439256790634428,0,0
2016-01-10 06:00:00,0.0,0.5405821,0.8315933,1.3952187,0.6210330385814349,0.7943656754523333,0.7768482827641562,0.6148961476646999,1.063700228636594,1.2299414088086882,0,0
2016-01-10 07:00:00,0.0,0.8766697,0.7937975,1.4842528,0.7196290361524098,0.7193197048347106,0.8025910487832277,0.7439902850445539,0.9311968631597644,1.294251765604239,0,0
2016-01-10 08:00:00,0.0,0.92903244,1.1330328,1.861379,0.7820947543732367,0.6627766839760678,0.8208162063409589,0.7237046630174515,0.7529228976872634,1.2307830191014932,0,0
2016-01-10 09:00:00,0.0,0.7047491,0.59257346,1.3520412,0.8368170942847589,0.7289250664330968,0.6994006766226246,0.7767502234659439,0.777994516355802,0.978876840080198,0,0
2016-01-10 10:00:00,0.0,1.5239581,1.3839264,1.5523697,1.052579830010113,0.8861044330812613,0.7874747673171231,0.9734004574461436,1.0921773542295055,1.1573302814979136,3,0
2016-01-10 11:00:00,0.0,1.3335409,1.9983176,3.0901265,1.1874159730923708,0.9847553637328039,0.8788466803652405,1.3071394047336804,1.2280549547677093,1.2782585721033444,0,0
2016-01-10 12:00:00,0.0,2.2413309,2.7025015,4.30683,1.6996098731763125,1.2682134837305357,1.0312895795914345,2.156739698000206,1.8172967328132426,1.6336128479434138,3,0
2016-01-10 13:00:00,0.0,0.47874272,2.0527534,4.6764064,1.3512048082383719,1.201892319124242,0.9606060119794766,1.6294846409995143,1.6888941788637175,1.521806441873377,0,0
2016-01-10 14:00:00,0.0,0.94380605,0.8102645,2.6364715,1.2212932210273266,1.2043545970598488,0.933565640517958,1.562934177259035,1.7009297227628317,1.4597538725343164,0,0
2016-01-10 15:00:00,0.0,2.5407634,2.6010184,2.9531476,1.3211040485658319,1.5103569608710716,1.1196410136520845,1.634453692417713,2.1487838264347077,1.7399282804516396,3,0
2016-01-10 16:00:00,0.0,4.519073,3.5241344,5.008501,2.6678805916942903,2.0095426999663313,1.4478235665237962,3.0091969071599314,2.947055972590062,2.406250516793009,8,0
2016-01-10 17:00:00,0.0,0.46783754,4.3280478,7.7890725,2.509224398651187,1.8652588098392564,1.4250070867860303,2.8477427101115045,2.917326387057321,2.4197453954313377,0,0
2016-01-10 18:00:00,0.0,3.227355,3.165276,7.284162,2.7380881842057487,2.0295961163857896,1.6489048000581628,4.068634496743458,3.483670221313117,3.17808401563252,5,0
2016-01-10 19:00:00,0.0,2.1572716,4.3220124,7.323201,1.950821304533506,2.3093509481138983,1.7556216336190706,2.6468663198095532,3.777433093614239,3.248869161326982,1,0
2016-01-10 20:00:00,0.0,0.9752085,2.669024,6.4024906,2.1199450266555164,2.3145847126533523,1.7594696548566005,2.980616197813864,3.785083100936839,3.2981240629846194,0,0
2016-01-10 21:00:00,0.0,0.6389055,1.1226461,3.4279597,1.257128646513564,1.9976084153596565,1.7539826881153646,1.7284799439396694,3.5422788667786675,3.291397475301703,0,0
2016-01-10 22:00:00,0.0,0.7104194,1.024569,2.1148608,0.7748445593811755,1.3628329319573413,1.6861878159618362,0.7001834181879893,2.347953278806892,3.187850301782688,0,0
2016-01-10 23:00:00,0.0,0.3978048,0.83850646,1.7922487,0.5823765930562957,1.3511608098559067,1.6082098098475817,0.7239731519335714,2.351567378035219,3.139796939005748,0,0
2016-02-10 00:00:00,0.0,0.54218876,0.5740155,1.1912507,0.550137641739272,0.9036331441264185,1.466614630256104,0.6716716853552537,1.3489097919914081,2.900071582156021,0,0
2016-02-10 01:00:00,0.0,0.44621333,0.47625178,0.93582624,0.46206893926791387,0.6184567493245446,1.4639038487192217,0.4393813830749015,0.7952893406646425,2.907786610537323,0,0
2016-02-10 02:00:00,0.0,0.70929277,0.7626168,1.0188286,0.5658982959687628,0.5741374445125293,1.4443610785829408,0.5834270520623877,0.8054589224740802,2.8548804479385588,0,0
2016-02-10 03:00:00,0.0,0.74294984,0.88034856,1.5342255,0.6328186794973112,0.5914781606182914,1.2945432879889738,0.6812703703722978,0.8263574114832484,2.668504303786487,0,0
2016-02-10 04:00:00,0.0,0.3120657,0.73133177,1.3617147,0.5881027985424437,0.5250858689051788,0.94395940043126,0.627432715471491,0.6595750604336028,1.8980630519635044,0,0
2016-02-10 05:00:00,0.0,1.1255151,0.885033,1.3598258,0.7268435730756291,0.6463709345221959,0.9987658721890512,0.7942795177101818,0.8755127292640544,1.9423238455666958,0,0
2016-02-10 06:00:00,0.0,0.24583952,1.062796,1.9239808,0.5611401246198404,0.5969794020585756,0.750306273092497,0.6290861874145265,0.8121399659925612,1.2338420708518814,0,0
2016-02-10 07:00:00,0.0,1.3104278,1.2295724,2.13943,0.8939274743163422,0.741015136429393,0.6797359428769688,1.1699026984730532,0.9991027706413681,1.0846514071402784,2,0
2016-02-10 08:00:00,0.0,0.594985,1.5452623,2.6588228,0.7170841032146185,0.7219638381451237,0.6480506413288265,0.9380288424752984,1.0406654718079795,1.041900295009798,0,0
2016-02-10 09:00:00,0.0,1.3460355,1.2379466,2.4697936,1.0838160807124249,0.8224781026661323,0.7069781316422119,1.299982088152337,1.2075878408304916,1.0891189908862322,0,0
2016-02-10 10:00:00,0.0,0.31006125,1.2002977,2.365338,0.7503605743172487,0.8221440243167956,0.6736149466109872,0.833953039048886,1.210424507423004,1.0233513492324178,0,0
2016-02-10 11:00:00,0.0,1.3913832,1.1587349,2.1715178,1.0158265960074235,0.8664553496110209,0.7564131420666083,1.07589830512715,1.314158750418098,1.1982869609218454,0,0
2016-02-10 12:00:00,0.0,0.53528005,1.4977707,2.4967828,0.7455748107952277,0.9146954457538261,0.7558374239062008,0.8977374993691549,1.3922990673598727,1.1956745683513117,0,0
2016-02-10 13:00:00,0.0,2.8761904,2.5802004,3.4883342,1.6009511911735983,1.175655882745423,0.9583355095874087,1.8553488592450509,1.7075020651831032,1.6345760196671664,5,0
2016-02-10 14:00:00,0.0,0.6442599,2.6035109,4.9332523,1.35191013454736,1.1838683652773916,0.9529161017112578,1.6137978403280613,1.6737089099517046,1.6618115460780016,0,0
2016-02-10 15:00:00,0.0,0.8584046,0.91968095,3.3915951,1.4596182737612733,1.1025965422782507,0.9625373224721913,1.4884808586777853,1.4900465341158031,1.646018644535929,0,1
2016-02-10 16:00:00,0.0,1.3806491,1.7340083,2.5430422,0.9611044998840312,1.2810278455288149,1.0515859349228052,1.1499509902050544,1.8180900135131568,1.8073760724485677,0,1
2016-02-10 17:00:00,0.0,0.7304125,1.5286022,3.1544712,0.9898219941864007,1.1708660643668805,1.0186607069889508,1.233160080544975,1.6990376883141858,1.8162189341545005,1,1
2016-02-10 18:00:00,0.0,1.0550529,0.43430394,1.5925461,1.0553714347634824,1.257494854262378,1.086095150008102,1.0012476488369038,1.7541166528850474,1.8609070833935502,1,1
2016-02-10 19:00:00,0.0,1.4481407,0.5258858,0.57829654,1.0778686503014847,1.0194865750927578,1.0975712289190906,0.4764988905404447,1.1395298500024673,1.6902592730483539,1,2
2016-02-10 20:00:00,0.0,0.8008869,0.73012054,1.1874119,1.1013601484313442,1.0455910713088727,1.1147297182931322,0.46953956451205375,1.0543037708346825,1.6353405626427533,1,2
2016-02-10 21:00:00,0.0,1.2785147,0.79400504,1.1905984,1.1758474500506444,1.1156094424070633,1.109102992342657,0.7256642341061571,0.9765341492253871,1.5928835400665546,0,3
2016-02-10 22:00:00,0.0,0.63436127,0.7877065,1.3739187,0.9045876332717983,0.9912281417866414,1.136127993657728,0.5956645856566143,0.6995893996762143,1.5717635023065757,0,0
2016-02-10 23:00:00,0.0,0.7361338,0.48769116,1.1220123,0.8830033022293989,0.9921817253303716,1.081523894848626,0.580455334340932,0.7660290760738575,1.461024916180762,0,0
2016-03-10 00:00:00,0.0,0.8839244,0.36271107,0.47779357,0.751473184354709,0.9636603172026762,1.1105775857325269,0.4322738020524635,0.7785988525886963,1.4533570021970896,0,0
2016-03-10 01:00:00,0.0,1.0625267,0.33185267,0.5352376,0.8941950108268527,0.8993913220493255,0.9594389485710418,0.3337667637989679,0.6417771850668035,1.0311181725017127,0,2
2016-03-10 02:00:00,0.0,2.06163,1.9885193,2.2356253,1.336027066377331,1.109515184303365,1.0775531278061188,1.1445209726464471,1.0178990542908468,1.152006322351515,0,1
2016-03-10 03:00:00,0.0,1.4905022,2.8142462,4.300225,1.5382197153478838,1.1448464498512962,1.1302279461291795,1.8850660617042891,1.412648686783256,1.3770359045105356,0,0
2016-03-10 04:00:00,0.0,0.43382415,1.2750913,3.9358122,1.3286522032935337,1.1114236070601933,1.051325874423417,1.6600874776465735,1.4103278912406512,1.2806141326547473,0,0
2016-03-10 05:00:00,0.0,1.6135994,1.4304657,2.5640595,1.179308614856699,1.2576678406170152,1.1249247829736932,1.0073899494288867,1.645431443819846,1.4431883258796845,0,0
2016-03-10 06:00:00,0.0,1.5986514,2.1477585,3.2951252,1.2153583558993963,1.37678903562364,1.1702246764131583,1.3995861855223586,1.8544817510826006,1.5842395486773782,0,0
2016-03-10 07:00:00,0.0,1.4994606,2.0637467,3.6846836,1.5705705096760394,1.4496113564847866,1.1745013392670558,1.7940325683728229,2.012478656870071,1.7325335378332407,0,0
2016-03-10 08:00:00,0.0,0.76973796,1.4810945,3.142105,1.2892833705216533,1.2342959926891763,1.1719055884962706,1.417624899178174,1.4548538899079941,1.7044248897676042,0,0
2016-03-10 09:00:00,0.0,1.5080733,1.1771168,1.9512326,1.259090591082634,1.2372244734910158,1.1910354616711556,1.2608169995265488,1.528592252807683,1.7773748884865186,1,0
2016-03-10 10:00:00,0.0,0.47090405,1.4703919,2.5298624,0.9162383945441072,1.243404452110073,1.1774140295851332,0.9215636432851566,1.5542286697571186,1.7746878599778835,0,0
2016-03-10 11:00:00,0.0,0.4689996,0.60288465,1.8620538,0.8159922897871413,1.0526378301543973,1.1551528353857061,0.9665844354911817,1.4382769422003912,1.7770711469281013,0,0
2016-03-10 12:00:00,0.0,0.26618624,0.40567154,0.9068127,0.40202996012727615,0.8305602756049552,1.1036746556142976,0.4079814473230578,1.1240370048139758,1.7575039251581934,0,0
2016-03-10 13:00:00,0.0,0.6484536,0.5487025,0.8008058,0.4612131383195192,0.6887257664318132,1.0691685614582997,0.42680745270230164,0.8654796199928115,1.666228595382289,1,0
2016-03-10 14:00:00,0.0,0.8255706,0.9950821,1.4362732,0.580070157697257,0.6980312237421994,0.9661636082156876,0.6350552733424606,0.9949207289218326,1.4352575748020067,0,0
2016-03-10 15:00:00,0.0,0.7041329,0.40184093,1.0848306,0.7260523714939708,0.5640411658106236,0.9006328196508198,0.659479714825186,0.6637465489595852,1.4313375337350263,0,0
2016-03-10 16:00:00,0.0,0.7939509,0.95066756,1.1111501,0.7745514413009779,0.6178822898102486,0.9306433709601609,0.6192718978757927,0.6854012619138099,1.460447340274983,0,0
2016-03-10 17:00:00,0.0,1.6004152,1.3687274,1.8325442,1.0328329647285914,0.8064515612129242,0.9295446956836606,1.1524660998842269,1.0683289745575875,1.503390526173307,3,0
2016-03-10 18:00:00,0.0,0.47766247,1.354165,2.5095725,0.9573428449244515,0.8416976082092111,0.8361289419070833,0.9300148231087211,1.0778542187205782,1.4112509808359712,0,0
2016-03-10 19:00:00,0.0,0.714992,0.7745536,1.7287024,0.9310232435093998,0.8527873424051889,0.770756554418501,1.0636458562585136,1.054493091902567,1.249426127861133,2,0
2016-03-10 20:00:00,0.0,0.8181191,0.69795245,1.1911821,0.6702579064203441,0.8515454355744679,0.7747883296583336,0.5668471021162402,1.0724505929650499,1.271474541557264,0,0
2016-03-10 21:00:00,0.0,2.6036005,2.5186322,3.027915,1.3789039313106444,1.1681233881175486,0.8660822769640859,1.6583498669166714,1.7935510332274083,1.558107584467953,5,0
2016-03-10 22:00:00,0.0,0.35170838,2.5388556,4.772829,1.2578093840078395,1.0944163137586196,0.8561493017844342,1.6235832066085605,1.7782829040513966,1.5358784378171888,0,0
2016-03-10 23:00:00,0.0,1.3888122,1.3430884,3.7646384,1.4480404227770756,1.05914916459871,0.9328003629058174,1.9504383547349644,1.5259965523490928,1.6120377695638652,1,0
2016-04-10 00:00:00,0.0,2.7212284,1.8373973,2.3826592,1.4872496978525953,1.4330768145816202,1.1373872113954158,1.5912463504647703,2.116971501154535,1.9531116887429016,3,0
2016-04-10 01:00:00,0.0,0.5612702,2.41377,4.080534,1.5571036506055245,1.4074565173066822,1.1301219298559355,1.458371076836995,2.1007436209872203,1.9213651712314592,0,0
2016-04-10 02:00:00,0.0,0.4417296,0.5910668,2.6274264,1.2414094074015967,1.3447249150893361,1.0981351753319022,1.5292560937214243,2.0903164915347134,1.8918067361210607,0,0
2016-04-10 03:00:00,0.0,0.27730036,0.30495164,0.68499315,0.4267667121183902,0.9570082049854925,1.0625657965515203,0.39523394815501994,1.2834445136357528,1.8586337883949633,0,0
2016-04-10 04:00:00,0.0,1.0652639,1.0615602,1.263913,0.5947645900320905,1.0759341203188078,1.0851752170387137,0.6841791729858779,1.4841238076032324,1.87571091786041,0,0
2016-04-10 05:00:00,0.0,1.7981821,2.185123,2.7829096,1.0469154366413893,1.1441624220214928,1.1016557933101012,1.4005346967115273,1.527156363797243,1.8486587687789096,2,0
2016-04-10 06:00:00,0.0,2.2591894,3.0656703,4.9692974,1.7075450826028373,1.0671558973606141,1.250116355971117,1.9102778989327565,1.614063397091327,2.1513179710473023,4,0
2016-04-10 07:00:00,0.0,0.34737757,2.0178216,4.970673,1.4682496615579261,1.0315071257950081,1.2194818215508452,1.8805429790551067,1.576628205602259,2.129101146132129,0,0
2016-04-10 08:00:00,0.0,0.4027443,0.38909024,2.1518662,1.003103721066213,1.025009578853801,1.1848672469715686,1.2848405504111464,1.5865979224343734,2.1420598932346806,0,0
2016-04-10 09:00:00,0.0,1.0400177,0.8964337,0.9873744,0.5967132194612272,1.1521291510320324,1.0545686780087629,0.583341338875467,1.6704125020208231,1.7126947730486337,0,0
2016-04-10 10:00:00,0.0,2.103188,1.6614532,1.6955236,1.1819834163982794,1.325116538978103,1.2005253296484553,1.1759162243513555,1.9921649657617322,1.9379419591291909,1,0
2016-04-10 11:00:00,0.0,2.6360242,2.3381174,3.2548172,1.9264101502879263,1.4647569356770698,1.3044596788492817,1.7114987704099356,2.1157829733828977,2.208522833120696,6,1
2016-04-10 12:00:00,0.0,2.4690614,2.0609071,3.6146653,2.402757973291631,1.4997355963764283,1.2834457468685212,1.9976621301696291,1.829008433305182,2.1199058844095235,3,1
2016-04-10 13:00:00,0.0,1.68703,1.9480479,2.9705667,2.264038534310322,1.723010975354301,1.3772590505746547,1.7441493964146613,1.9222103477954113,2.2020605085079223,1,4
2016-04-10 14:00:00,0.0,3.0565543,3.112976,4.13134,2.4042151650371455,2.165312657662536,1.5951611182581684,2.300652194924961,2.5157223529929182,2.4423718068924547,2,0
2016-04-10 15:00:00,0.0,0.5272677,3.093556,5.6998725,1.7569506582646102,2.0798543157781206,1.6159917334050762,2.0984918716245766,2.5012170013325448,2.432661234734911,0,0
2016-04-10 16:00:00,0.0,0.8817969,1.1094661,3.8401635,1.4885396635351167,1.87628909892272,1.600702818950411,2.1005580789797267,2.306355507606578,2.4142649746401927,1,0
2016-04-10 17:00:00,0.0,0.6534209,0.5543514,1.6211392,0.6874951730223281,1.5458551690297369,1.5053060523534034,0.6858294831611712,1.9662571935544353,2.1554163758765057,0,0
2016-04-10 18:00:00,0.0,1.0212617,0.9440516,0.9072622,0.8521598190540276,1.3045552386593187,1.4021454175178734,0.7527220923448715,1.83193721481177,2.0813528002542956,0,0
2016-04-10 19:00:00,0.0,0.50884134,0.8684509,1.5675678,0.7278412936339443,1.108190478584531,1.4156007269694157,0.6966952820222849,1.734654024275438,2.1073660588478216,0,0
2016-04-10 20:00:00,0.0,0.29690972,0.40032312,1.1131566,0.6090042179917363,0.648249695507032,1.4067811765847837,0.5951027605357613,0.8206086577998586,2.1073163335257843,0,0
2016-04-10 21:00:00,0.0,1.1072913,1.0244114,1.2514257,0.6376807309285054,0.7449202749912665,1.4123872953846934,0.6852092114997876,0.9557123796096305,2.2092541590115236,0,0
2016-04-10 22:00:00,0.0,0.94365764,1.3039677,2.1809757,0.7826195145746819,0.7552304041043131,1.3157597515135164,0.8640587636917245,1.0049739822069677,2.105362363583729,1,0
2016-04-10 23:00:00,0.0,1.5832222,1.5121732,2.708622,1.211390274848718,0.9101972464202271,1.2280262077249817,1.2691356119852344,1.257382613073675,2.018668924159354,1,0
2016-05-10 00:00:00,0.0,0.83911556,1.0759845,2.401561,1.1219983924282049,0.8798395616783551,1.092197400168837,0.9375843872419799,1.0743158334895324,1.8504423999893498,1,1
2016-05-10 01:00:00,0.0,1.5171272,1.3117204,2.0395918,1.3131548500340182,1.0478871823043503,1.0780388304444406,1.2613206908278771,1.3413949922481132,1.8289915055623176,1,1
2016-05-10 02:00:00,0.0,2.3254402,1.2310318,1.2544138,1.5605609221145345,1.3859755984816267,1.0171126469943288,1.2079198857879592,1.6504077011997957,1.6114347984433914,4,1
2016-05-10 03:00:00,0.0,1.0999539,2.2378612,3.215739,1.6475070509236116,1.3847527216759086,1.0648364983335874,1.2820206038775928,1.5652169610474016,1.6156839301621753,0,0
2016-05-10 04:00:00,0.0,1.002109,0.43603486,2.4291344,1.4758343545856702,1.3944946023098441,1.0748625032070787,1.3770273077355355,1.5537312004745365,1.5446578991305948,0,0
2016-05-10 05:00:00,0.0,0.49425858,0.6382676,0.6198456,0.8654404741535038,1.213000698134019,1.0615989722771235,0.48714054230155435,1.2502753722201398,1.499728623138272,0,0
2016-05-10 06:00:00,0.0,0.5300134,0.37596694,0.730573,0.6754602979059383,1.1614836744147754,1.020661618046565,0.48125083903369226,1.189618530676721,1.3983519492017926,0,0
2016-05-10 07:00:00,0.0,0.43255022,0.4981407,0.74603504,0.4856074022867153,0.9807208784361927,1.0143040303702713,0.36906074324011584,1.1398036986382838,1.394625631259121,0,0
2016-05-10 08:00:00,0.0,1.7688079,1.3734978,1.4983811,0.9104571040073823,0.8879487890804428,1.1369621937810344,0.9556879465913194,0.9039126955599984,1.4880769415117365,0,0
2016-05-10 09:00:00,0.0,1.0982093,2.130424,3.279238,1.0998557275735892,0.8876580127397637,1.1362053672078363,1.2613973920812651,1.0446537651520407,1.4641994335539084,0,0
2016-05-10 10:00:00,0.0,0.86764705,0.8282305,2.8276038,1.2448879897733995,0.8652476960300576,1.1298711491699505,1.3208177889744477,1.0561736572818154,1.4340149810653482,0,0
2016-05-10 11:00:00,0.0,0.8059396,0.86137676,1.0764415,0.9239319768322862,0.9171945404198343,1.0650976192769266,0.7398126158128502,1.15707828916572,1.2821838751865526,0,0
2016-05-10 12:00:00,0.0,0.63070095,0.58541685,1.3657844,0.7680958772517464,0.9339758024126678,1.0477297384137216,0.5562929342314358,1.1799923765104199,1.254329573689306,0,1
2016-05-10 13:00:00,0.0,0.95856154,0.9304453,1.1609752,0.7984007068518093,1.021644348312604,1.0011826133743982,0.7412460833139523,1.3864823868934077,1.3318261437333248,0,0
2016-05-10 14:00:00,0.0,2.4254766,1.6980957,1.5972298,1.338246414396377,1.1310891956143314,1.0095189923473873,1.2521646850883992,1.365017903812962,1.461729840352494,3,0
2016-05-10 15:00:00,0.0,1.7240672,3.5229013,5.0368004,1.7027018015156885,1.2353988393837174,1.0615284260617412,2.0049053036014266,1.6652801237903254,1.6418966181918262,0,0
2016-05-10 16:00:00,0.0,0.47314423,1.6297535,5.0802035,1.5408960403518894,1.169648373601849,1.0174480348159531,2.073554609635327,1.5654577114712844,1.6379478509318384,0,0
2016-05-10 17:00:00,0.0,1.7061676,1.6432382,2.98388,1.3011263090489495,1.3196863617226633,1.118440451071249,1.6772051518620759,1.9983617345799132,1.9309673115726982,1,0
2016-05-10 18:00:00,0.0,0.6902278,1.2590923,2.6927838,0.9565132221790453,1.3296075118473671,1.1317916571300175,0.998940027811297,1.9969917134398378,1.935779775233045,0,0
2016-05-10 19:00:00,0.0,0.96365047,0.877253,1.9409971,1.12001530324626,1.3304556717990743,1.176050010055839,1.071755700686288,2.1340849983450174,1.97123691854189,1,0
2016-05-10 20:00:00,0.0,0.58657926,0.48778096,1.1790613,0.7468191982136837,1.0239727536313166,1.0775309746228243,0.601095143164452,1.4346825999966222,1.779077271014768,0,0
2016-05-10 21:00:00,0.0,1.2901398,1.2295742,1.4025956,0.9467898266279595,0.9516515244035024,1.0935251818936098,0.9108709433041241,1.2369325347409248,1.7866193960173622,0,0
2016-05-10 22:00:00,0.0,0.9702098,1.3802016,2.5042331,0.9489762585300789,1.0344957808881694,1.1020720772450092,0.8878257160851531,1.3078235048760118,1.8320021004465357,1,0
2016-05-10 23:00:00,0.0,1.2380314,0.7341159,1.5136491,1.1661270134221098,0.9564731058178968,1.1380797337702802,1.0373920895781286,1.112096125768932,1.931556151579305,2,0
2016-06-10 00:00:00,0.0,1.5889848,1.3005522,1.6515286,1.2657420185810613,1.1062659226045097,1.2179367172259385,0.9093954379034391,1.1140871064494873,1.976426511928147,0,2
2016-06-10 01:00:00,0.0,0.5553196,1.481049,1.9423269,1.1274453012286167,1.038210779879348,1.184333225839211,1.065115575285376,1.1453827133085865,1.962616334266713,0,0
2016-06-10 02:00:00,0.0,0.73443127,0.65537286,1.6629391,0.9595785392456342,1.062852776333872,1.0434127649825944,1.109750508854025,1.2648962287426566,1.5055863682332873,0,0
2016-06-10 03:00:00,0.0,1.523154,1.5247413,2.0287626,0.9376349236030956,1.1016884710920785,1.0266699977477904,0.9982286293379344,1.30702515483124,1.4276129599714567,0,0
2016-06-10 04:00:00,0.0,0.6292687,1.1761214,2.3415504,0.9622846398490715,1.044864970538844,1.039680375713507,0.9409873891946133,1.313451979074602,1.4311555774233655,0,0
2016-06-10 05:00:00,0.0,0.49649793,0.56816804,1.6021817,0.8829735353764034,0.9212760373110189,0.9388745715644577,0.8711970970447985,1.2050097302107394,1.2814681815287539,0,0
2016-06-10 06:00:00,0.0,1.0002514,0.8894448,1.3112875,0.7086727127828559,0.8231538181929761,0.9647098703987429,0.6998593403701491,0.9220358799509817,1.2983674577970674,0,0
2016-06-10 07:00:00,0.0,2.4756494,1.7870027,1.507229,1.3241328786880062,1.1432087592685392,1.0907097695739432,1.3871515094285407,1.2700269544963554,1.5511238332079023,0,0
2016-06-10 08:00:00,0.0,0.27693966,2.3399754,4.068602,1.2509467966365548,1.066960166006479,1.0649064711701757,1.3801962825796386,1.2620334887061437,1.5547859148861085,0,0
2016-06-10 09:00:00,0.0,0.4609521,0.363624,2.6879065,1.071180329574777,0.8899265211788168,0.9958074961354477,1.4668548868508056,1.2402908120912317,1.4524418535909833,0,0
2016-06-10 10:00:00,0.0,1.1627313,0.8351731,0.83059925,0.6335409569567834,0.9788369178223953,1.0118509441806198,0.5961988468149202,1.4256085059285601,1.575200183742866,0,0
2016-06-10 11:00:00,0.0,0.66341585,1.3399558,2.096183,0.7623663605974529,1.0066565786170036,0.9639663079640114,0.7859397137437739,1.544106049723943,1.47199081093376,0,0
2016-06-10 12:00:00,0.0,0.26475242,0.50136435,1.7468814,0.6969664785322583,0.8840734040535179,0.8536136111232469,0.808924165441999,1.483823579672389,1.2882452895300078,0,0
2016-06-10 13:00:00,0.0,1.6742834,1.5695474,1.834756,0.8674839141431255,0.7505124355499547,0.9468605974092469,1.1315207375438094,1.1741471502786731,1.4407762030554048,1,0
2016-06-10 14:00:00,0.0,2.1145768,3.1702905,4.4066987,1.3512042029959705,1.0567852817967114,1.0618727239015955,1.9071955350982983,1.7225079221634716,1.62652592338193,3,0
2016-06-10 15:00:00,0.0,5.823636,6.58909,8.991085,3.204165406652954,1.9505659425926063,1.4202462318857116,4.6570565190234525,3.523073757644435,2.721932520200212,6,0
2016-06-10 16:00:00,0.0,2.342994,3.9914777,10.268529,3.427068973359916,2.147276443751521,1.563056680786958,3.803819886549156,3.531465029040285,2.802672997602189,3,0
2016-06-10 17:00:00,0.0,3.7265618,4.936395,6.332899,3.964397119816755,2.6578006614063634,1.8322286200116837,4.6798766205345155,4.656525302869597,3.629598732995106,5,1
2016-06-10 18:00:00,0.0,0.4811938,3.4376612,8.078937,2.1835830522361337,2.6938742294445435,1.7889738167490308,2.936656934553455,4.632459610368446,3.6211206547669623,0,0
2016-06-10 19:00:00,0.0,0.25456196,0.37429127,3.2724924,1.487438985311165,2.4572539793355412,1.603883207442748,2.1181492379980584,4.199145281141022,3.5077299737158616,0,0
2016-06-10 20:00:00,0.0,0.41040277,0.270769,0.58875024,0.38205285831817637,2.1732249890674655,1.6150051354320887,0.2859893926572281,3.65865903103045,3.5043050381550596,0,0
2016-06-10 21:00:00,0.0,0.57341844,0.49680662,0.5809689,0.4127943788259169,1.2981887155310254,1.6243773290618164,0.3558488290392565,2.3226574320976465,3.5272041368629417,1,0
2016-06-10 22:00:00,0.0,1.0548952,1.1998314,1.5975817,0.6795721060010508,1.0835055456561078,1.6153909947038152,0.7160392665848616,1.9263805429875969,3.4989298767107786,0,0
2016-06-10 23:00:00,0.0,1.8245351,1.9303459,2.9469328,1.1509495686232467,0.7665012134707115,1.712150937438537,1.3885597923793034,1.0924150341868135,3.5851539249341466,0,0
2016-07-10 00:00:00,0.0,0.91424865,1.4491963,3.153773,1.2645596458999413,0.838677012362929,1.766275620903737,1.2402668465254305,1.1402692648077217,3.595837622931962,0,0
2016-07-10 01:00:00,0.0,0.7389503,0.70404327,1.9391193,1.159244712122201,0.919408409061626,1.6883311941985837,1.0733192926498274,1.1696599608811717,3.4685589271684862,1,1
2016-07-10 02:00:00,0.0,1.4657992,1.6592422,2.0518856,1.0396660364691315,1.0953078025461893,1.634266395806828,1.0539541825743175,1.4517171694292617,3.2611965295492245,1,1
2016-07-10 03:00:00,0.0,1.7498318,1.7716031,3.3632596,1.318193765165945,1.2913767055329437,1.2947827105319847,1.3538328657851442,1.5894820154924996,2.4578545576399664,0,1
2016-07-10 04:00:00,0.0,0.70947844,1.6547687,2.699437,1.3083698015673924,1.2338072568447964,1.158656401250452,1.3380361171839827,1.5265919496569702,2.1484954053268153,0,0
2016-07-10 05:00:00,0.0,1.1001368,0.9189548,2.3221812,1.1864823540862455,1.1130741952776886,0.9397877043741998,1.1385333974421488,1.2252767072248612,1.3311538041516415,0,0
2016-07-10 06:00:00,0.0,1.6259592,1.1447546,1.4169672,1.1451914253775333,1.2316925952717395,1.0351848038173344,0.9692752128950974,1.4504790393294762,1.4993538217736901,0,0
2016-07-10 07:00:00,0.0,1.7977535,2.0869212,2.9402192,1.50794975662651,1.4081597790969511,1.1637840940792883,1.3388615153652133,1.614376549262174,1.6591525742484792,0,0
2016-07-10 08:00:00,0.0,0.8369412,1.444197,2.7837799,1.4202178881484242,1.303350121117335,1.199328961831762,1.3972959180482245,1.5193854886572233,1.6805404289099384,1,0
2016-07-10 09:00:00,0.0,1.7260652,1.5952334,2.5348625,1.4535866779256736,1.2993890516516033,1.2953828785922732,1.3924122708742608,1.4217488230744153,1.7862913985755102,1,0
2016-07-10 10:00:00,0.0,1.4906061,1.8730346,3.1635249,1.3512042902512456,1.4295770234388776,1.3316921401418376,1.353346312148636,1.5850928821271368,1.765668932645617,1,0
2016-07-10 11:00:00,0.0,1.1172831,0.82682586,1.9653414,1.4446516366819433,1.4324347624151839,1.272754478846436,1.2069190846234408,1.6158907306156283,1.614158160780982,1,1
2016-07-10 12:00:00,0.0,2.018221,1.4643897,2.0483396,1.5420368482690856,1.4978117630973795,1.3647521791845594,1.0960458796701933,1.680050538895493,1.789826286772828,0,2
2016-07-10 13:00:00,0.0,0.6707368,1.6973329,2.8341138,1.2687470056916936,1.3099756479714697,1.3590677135342106,1.12282288240839,1.4048129069137667,1.7611542920648546,0,1
2016-07-10 14:00:00,0.0,1.3481174,0.95216167,2.1003048,1.3456917381297742,1.395171687405859,1.3492609042615968,1.438639917211814,1.621375754967694,1.7550008281424567,1,1
2016-07-10 15:00:00,0.0,1.2646822,1.3088812,2.1861222,1.0945121237957718,1.318274486032429,1.3088317688420164,0.8245209709136181,1.405540897913455,1.66580288858061,1,1
2016-07-10 16:00:00,0.0,1.5560113,1.6485063,2.7816083,1.3896036169309187,1.3291753113113065,1.3793761673750924,0.9691887875155524,1.3889162472317056,1.716702782350904,1,1
2016-07-10 17:00:00,0.0,0.63909036,1.5586743,3.070348,1.1532612583113973,1.2494764982205857,1.3409556303178851,1.1749265443615968,1.353726531322497,1.6919115876943167,0,1
2016-07-10 18:00:00,0.0,0.4693942,0.5453629,1.9223979,0.8881652735610495,0.9913386986784104,1.2445752308878957,0.9618707498924252,0.9932709132321528,1.5704555441575447,0,1
2016-07-10 19:00:00,0.0,0.8077414,0.6037245,0.9791389,0.6387420209716246,1.0141728189512718,1.1620742334613707,0.5592289456598046,1.14303910560319,1.516056920538391,0,1
2016-07-10 20:00:00,0.0,1.3381828,0.73547894,0.7488329,0.87177282788987,1.0125170431006336,1.2038443652532465,0.6560957614937628,1.1899786713956244,1.552673475972473,0,1
2016-07-10 21:00:00,0.0,1.1594123,0.91015315,1.4311141,1.101778885472885,0.9949720795169679,1.156623282774698,0.6527515557240237,1.0599242153455262,1.3764451327290967,1,1
2016-07-10 22:00:00,0.0,1.1234809,1.004548,1.6942742,1.2070253734805156,0.9228836972260701,1.1260295042686883,0.803400402642011,0.8077319937409786,1.3216917089759048,1,3
2016-07-10 23:00:00,0.0,0.50013405,0.75379467,1.3649229,0.9276757926470106,0.89972431026844,1.074600404244513,0.7209912768133642,0.7615307240066486,1.2869763873450473,0,1
2016-08-10 00:00:00,0.0,0.43240005,0.47099212,0.7458114,0.6853383535746401,0.8935586195237627,0.9424486591010865,0.6405564079598823,0.8520149744368986,1.1132399566085998,0,0
2016-08-10 01:00:00,0.0,0.4117014,0.35387546,0.8048275,0.4480785089738042,0.8275519412271601,0.9208623800892157,0.332011872696075,0.8800792206873347,1.1297690923248433,0,0
2016-08-10 02:00:00,0.0,1.1579496,0.96025336,0.86192536,0.6673503328630915,0.7975130627550506,0.9050150529278419,0.6902257554425422,0.9008531702766466,1.0923395837648793,0,0
2016-08-10 03:00:00,0.0,1.214205,1.7743071,2.5498605,0.9279519869617002,0.8066451702681703,0.9008086248925689,1.0758451850955082,0.963783702728319,1.1358413158180753,0,0
2016-08-10 04:00:00,0.0,0.6759816,1.106432,2.7129662,1.0160453794653095,0.7320619442195568,0.8274728207228135,1.1680856238608344,0.9545138949045817,0.9689158575008165,0,0
2016-08-10 05:00:00,0.0,0.66521007,0.72353405,1.6128198,0.8517989148936171,0.7595746238783543,0.8296494670733976,0.8699452573627331,1.0414881905648044,1.0050519447788802,0,0
2016-08-10 06:00:00,0.0,1.0295606,0.91678196,1.3936106,0.7902508045954305,0.8591013957785653,0.876330007651164,0.6670546760736726,1.0969593020734283,1.072031692679054,0,0
2016-08-10 07:00:00,0.0,1.7074854,1.8644471,2.3091323,1.1340854264279525,1.075065402946631,0.9513086720868955,1.2241370962519396,1.4747756280137068,1.3619912467598612,2,0
2016-08-10 08:00:00,0.0,0.47008795,1.6126934,3.346609,1.0690446815083974,0.9604217982010075,0.8789674304780294,1.2096572290418208,1.309401391385118,1.307052760846936,0,0
2016-08-10 09:00:00,0.0,0.1820861,0.39742872,1.833867,0.7865531487797515,0.788401976687591,0.7975235734778806,1.0321438351982999,1.073431327483182,1.244244871993616,0,0
2016-08-10 10:00:00,0.0,0.33070436,0.2942088,0.6327018,0.32762611628237753,0.7308557713551651,0.7314588577873611,0.3540596722983111,1.0716278157469648,1.193580643983317,0,0
2016-08-10 11:00:00,0.0,0.7190837,0.74212706,0.9585664,0.410624731271318,0.7398347063898575,0.749704665134106,0.4724417881576626,1.1687404155133272,1.258352430155849,0,0
2016-08-10 12:00:00,0.0,0.570527,0.58884275,1.177577,0.5401050356923343,0.663329092236043,0.761215244007304,0.4976160259360105,1.0308195429521363,1.2262230200410649,0,0
2016-08-10 13:00:00,0.0,0.39965278,0.35837913,0.41023672,0.5630878474761447,0.4453569818792609,0.760211192412946,0.46307408828351604,0.5203499386076619,1.2270577471871718,0,0
2016-08-10 14:00:00,0.0,1.4619181,1.3335923,1.5961888,0.8106993057498543,0.6106620185105861,0.7855419083557966,0.7724084709339032,0.8034415421354179,1.2529415605934744,0,0
2016-08-10 15:00:00,0.0,1.0200576,1.3796285,2.475884,0.9605428810662227,0.7503239583792787,0.7693629675334346,0.9812603827939537,0.912306404923679,1.1675786066609548,0,0
2016-08-10 16:00:00,0.0,0.6944909,1.1754868,2.1823878,1.0588222598561052,0.810955053666125,0.770905412510645,1.1874421725459685,0.9928592791550317,1.2070951648036825,0,0
2016-08-10 17:00:00,0.0,0.25585636,0.6800939,1.757621,0.6568016817494012,0.733750493749628,0.7367926000697427,0.7443751628986056,0.9362865297581795,1.1719268242995726,0,0
2016-08-10 18:00:00,0.0,0.55137163,0.4140948,0.950644,0.5005729939636214,0.7305579375149224,0.6969435148754823,0.5626490607579564,1.0134746964120807,1.1618913817206573,0,0
2016-08-10 19:00:00,0.0,0.99749196,0.9659478,1.1873424,0.6015732993344098,0.8301977795952575,0.6377773807372591,0.6372974197102419,1.198061265309908,1.0025000694079054,0,0
2016-08-10 20:00:00,0.0,0.2675227,0.8996973,1.8205769,0.6054620773429774,0.6311318795461892,0.6208969490283874,0.6379390068609508,0.932253491870154,0.9924157301924305,0,0
2016-08-10 21:00:00,0.0,0.3879807,0.19725268,1.0672677,0.5509984267656088,0.5257857103646152,0.6380548343719469,0.576728588009968,0.7030761318231743,0.9958205075139817,0,0
2016-08-10 22:00:00,0.0,0.5114835,0.27721646,0.36626753,0.38899564902281114,0.49528447417861055,0.6531197639223677,0.21636169719941042,0.5819099066601108,0.9946892400408259,0,0
2016-08-10 23:00:00,0.0,0.32463235,0.3197304,0.50079167,0.4080321906295191,0.5067471339862483,0.6202488138679378,0.23173056495693792,0.5881256820688241,0.9436047563410366,0,0
2016-09-10 00:00:00,0.0,0.34658733,0.20588608,0.41716093,0.39423438834130714,0.4726164075534579,0.6015871725341903,0.2386219419175124,0.5209544597826739,0.9419663769584292,0,0
2016-09-10 01:00:00,0.0,0.43117294,0.2655322,0.39503798,0.3674642072975831,0.3782299281601971,0.6042138538777274,0.19635884325104927,0.26103223586629276,0.9299440773079102,0,0
2016-09-10 02:00:00,0.0,1.6169688,1.4592702,1.5076591,0.7982430466088029,0.6031376186191609,0.6171347490826751,0.911979130437622,0.7379498385163451,0.9681882430579327,3,0
2016-09-10 03:00:00,0.0,0.49623987,1.4982362,2.8477995,0.8481272142404986,0.6211808012909029,0.573483255827759,0.9397929876989604,0.7411192972243438,0.9064644429374952,0,0
2016-09-10 04:00:00,0.0,0.68952745,0.6515747,1.9310292,0.9342453704085183,0.6508547888530506,0.5730696315158305,1.1061621667379484,0.8633760760845074,0.8988740967246863,1,0
2016-09-10 05:00:00,0.0,2.3528812,2.5199609,2.9851127,1.179549486051296,0.9888962663300493,0.7478217001581489,1.551149803335471,1.6481403955891996,1.381524366352672,3,0
2016-09-10 06:00:00,0.0,1.7592918,3.0689292,5.4116635,1.6005667426624466,1.2243469784514724,0.8484816930024651,2.0896225405535716,1.8121480831546422,1.5085025617555203,2,0
2016-09-10 07:00:00,0.0,2.1359513,3.2036262,5.8539853,2.0827079362553893,1.5084766533319545,0.9433532907460755,2.732320747590484,2.342254351954084,1.7646760016924288,1,0
2016-09-10 08:00:00,0.0,0.9858807,2.751483,5.8428016,1.6270410685009182,1.4032952772761074,1.0032164479476335,2.0181436885078785,2.22000476284848,1.8049301221359826,0,0
2016-09-10 09:00:00,1.0,4.053376,4.312408,6.925463,2.391735989563476,1.9961513661129617,1.3086660837019322,2.605989437830664,3.0882107100773473,2.4537461303663117,5,0
2016-09-10 10:00:00,1.0,2.162024,2.4401124,6.4652653,2.4004270001066974,2.2415674681810427,1.4462111285170471,2.4602494669146417,2.990763021439162,2.503392847307359,2,0
2016-09-10 11:00:00,1.0,4.3763013,2.5113955,4.61063,3.530567229006258,2.5788041487535875,1.783850207541818,1.779080407996942,2.7383565907862675,2.8332600144375024,5,5
2016-09-10 12:00:00,1.0,5.845032,3.3804047,2.8676164,4.127785643913979,3.2597608167387273,2.2420538975951,2.59428417435983,2.8378120092532124,3.3412208222165387,5,5
2016-09-10 13:00:00,1.0,11.9362335,6.2983036,5.04344,7.3858557184371145,4.893141359271906,3.20080900630193,4.945859128148375,4.826347133736089,4.770032122790975,6,5
2016-09-10 14:00:00,1.0,13.67679,3.3626375,7.3900375,10.4860186486298,7.00829293881803,4.205794108047067,4.7886507761075485,5.497723950110652,5.692428329124733,7,5
2016-09-10 15:00:00,1.0,11.075073,4.379052,7.1713195,12.22936602585515,8.178575834884565,5.087363600498764,2.739618466282201,5.676729453318923,6.089609598931417,6,5
2016-09-10 16:00:00,1.0,4.7314377,7.8387365,9.535394,9.827767338432187,8.606811528434646,5.424189498307845,6.191341647020411,5.445148154334611,5.9480988459557755,5,6
2016-09-10 17:00:00,1.0,3.2101014,2.9930928,7.560173,6.338871277845994,8.412444963237899,5.495624555995744,5.38304135728017,5.8311079189425525,5.704017650190168,2,6
2016-09-10 18:00:00,1.0,1.7659578,2.2310214,2.1688333,3.2358326271170794,7.732599326486111,5.49618007161242,2.459238353840028,6.6997241352428185,5.582232219067225,1,1
2016-09-10 19:00:00,1.0,1.1020253,1.2901398,2.7746532,2.0260282951895228,5.926897816810854,5.410019588041379,1.7708581649557529,6.684978767484479,5.7152104625578595,3,1
2016-09-10 20:00:00,1.0,1.9114779,1.2115546,1.8892419,1.5931536565935418,3.966012467219768,5.4871527030189,1.258550356217628,5.187467048058803,5.902264975112625,4,4
2016-09-10 21:00:00,1.0,1.6771382,0.5954626,1.5692341,1.5635471010456998,2.3996898640813895,5.289132849482977,0.8515976504504866,2.7224026077962624,6.162690475812978,3,4
2016-09-10 22:00:00,1.0,2.0596218,1.6947308,1.9586818,1.8827459541049525,1.9543871246472384,5.280599326540944,1.1276669969951563,2.1742805542128014,6.390922617112202,2,2
2016-09-10 23:00:00,1.0,1.776199,2.4855185,2.9437406,1.837653009056551,1.7154033328250458,5.0639241480314725,1.7361004509872997,1.8091505199692763,6.651574386714915,4,2
2016-10-10 00:00:00,1.0,1.3225567,1.7923111,3.935498,1.7194592036301815,1.6415031523379402,4.687051239412029,1.8500496444746815,1.7974045640800966,6.772869441610493,1,4
2016-10-10 01:00:00,1.0,0.58050376,1.1599047,2.1467662,1.2264198833821895,1.554582918743571,3.740740367777213,1.2102954740976517,1.8326611937454165,6.185071862447679,0,2
2016-10-10 02:00:00,1.0,0.8069685,0.7157488,1.4000454,0.9033430090182174,1.370498009037384,2.668255238128576,0.9800361085168943,1.8274691857291592,4.63039102022156,0,0
2016-10-10 03:00:00,1.0,1.598199,1.1143401,1.1982933,0.9952237400763926,1.357341471853287,1.8785156679673392,0.9022899411880292,1.8175829361171256,2.8406994370268412,2,0
2016-10-10 04:00:00,1.0,1.7025644,2.8290093,3.766409,1.369243934437408,1.2978319089097992,1.6261095167785182,1.6680486573778888,1.9601925893814778,2.5669565103152943,0,0
2016-10-10 05:00:00,1.0,1.3123105,0.68659914,3.4318273,1.5376912300540817,1.2205171195361497,1.4679602261805982,1.6096859652534077,1.652150725306936,2.218928450143302,0,0
2016-10-10 06:00:00,1.0,2.1301591,2.2434065,2.1762164,1.7150112938741855,1.355117516975289,1.4983103346566145,1.5010079575484303,1.8641325451599389,2.4248734800534613,1,3
2016-10-10 07:00:00,1.0,1.8404392,2.4847138,4.4206133,1.7609696354525433,1.5651067849449767,1.5598448518442736,1.95182668439,2.009313277900992,2.517600784767182,1,0
2016-10-10 08:00:00,1.0,0.9503359,1.9674156,4.130921,1.6403114536792216,1.589001341866652,1.4797496754520183,1.9176438683788124,2.2111329713988277,2.467457577312321,0,0
2016-10-10 09:00:00,1.0,3.2220726,2.3542554,3.2518935,2.004282685495868,1.859646989685027,1.6084942307691568,2.2909762137089023,2.731740665020136,2.885910105859079,4,0
2016-10-10 10:00:00,1.0,4.8205004,1.6954215,1.6388321,2.9976362925379147,2.3793029639952277,1.838567436452514,2.049172250503439,3.1911413596951475,3.1704480501536416,5,2
2016-10-10 11:00:00,1.0,6.9402194,2.990177,3.9791498,4.994264320569013,3.3172878871241176,2.2689025033301333,2.296526046915999,3.7017964621030344,3.5712178374505683,10,5
2016-10-10 12:00:00,1.0,3.9399648,3.9593987,6.1752176,5.233561857095859,3.618922271295864,2.4870198941355763,2.4646918291244018,3.1322648197923373,3.549071752686374,4,5
2016-10-10 13:00:00,1.0,7.0074916,4.2029257,7.5197306,5.962558888082564,4.480097590310238,3.0226021876276077,3.7828800695102296,3.369358539815855,4.03858888873444,5,5
2016-10-10 14:00:00,1.0,6.644117,2.0582101,5.065627,5.863857920566885,5.429061120567948,3.5090312312173,2.78992193593174,3.2715482331663934,4.314660423487727,5,5
2016-10-10 15:00:00,1.0,1.3284271,5.8170905,6.3886256,4.993345116398472,5.113453486747166,3.4865502382160956,3.7060896383037187,3.7461035751957876,4.106524096047899,0,4
2016-10-10 16:00:00,1.0,1.7280674,1.9478157,6.2278824,3.233537221800096,4.598048054941331,3.4886755094682806,4.153649333769154,4.367170642887442,4.04713272392106,0,0
2016-10-10 17:00:00,1.0,1.6818433,2.2391257,3.6149037,1.5794459380338721,3.72165192930038,3.5194699082122494,1.7806169264074485,4.03085635844051,4.096352874413944,0,0
2016-10-10 18:00:00,1.0,2.0629108,1.7607323,3.0941033,1.824273886002037,3.4088095012002535,3.51386588624806,1.8000284417443648,4.51344249585209,4.087009376267434,2,0
2016-10-10 19:00:00,1.0,0.47163847,2.0869105,3.436522,1.4054641690386767,2.3195006954193866,3.3997991428648127,1.4777252419336484,3.8037056389660204,4.035403823828565,0,0
2016-10-10 20:00:00,1.0,0.93737626,0.77725226,2.7024496,1.157308557381458,1.368377247707665,3.3987191841378075,1.4327547009039934,1.8416994265449078,4.102818235289107,0,0
2016-10-10 21:00:00,1.0,0.64984435,0.8774103,1.6329321,0.686286409991945,1.255280147996991,3.1843668173720783,0.5811388477626701,1.6176787931122516,4.183520416406193,0,0
2016-10-10 22:00:00,1.0,1.6216081,0.9946892,1.5662552,1.069609615772472,1.2375368924055739,2.917792473673453,0.9441406822790734,1.6708898114015125,4.26056562170351,1,1
2016-10-10 23:00:00,1.0,0.611517,1.1969119,2.1573954,0.9609898415244884,1.0591491994529734,2.390400564376676,0.7472218967867551,1.4549728305209582,3.781679736373882,0,1
2016-11-10 00:00:00,1.0,1.3375195,0.9992334,1.8491803,1.1902149317742894,0.9382506708831174,2.1735300860416857,1.0185958195410778,1.0198881767929022,3.862160954365574,3,1
2016-11-10 01:00:00,1.0,1.1542292,1.2877076,2.0157568,1.0344219945236683,1.0520158051480704,1.6857582502837283,0.8912110028682687,1.1116681747193804,3.2433183364572544,0,1
2016-11-10 02:00:00,1.0,1.1360604,0.5832482,1.1921899,1.2092698013516916,1.08512982143809,1.2267535345728775,0.9807653574089148,1.0391884174355985,1.9112153394534344,0,1
2016-11-10 03:00:00,1.0,2.4213197,2.6823525,3.0857608,1.5705364568794304,1.38037569432686,1.3178279211619255,1.6181662458842638,1.7423480066240475,1.9191704668693848,0,0
2016-11-10 04:00:00,1.0,2.981056,3.6483328,5.802653,2.1794787549633496,1.606950374743509,1.4222436335745419,2.6838826862637672,2.4332338577048134,2.3534016659733643,3,0
2016-11-10 05:00:00,1.0,1.4026065,2.6904404,5.599803,2.268327416193332,1.7387986087725116,1.3989739041127423,2.4144835728512253,2.5125384108775357,2.301683646074,0,0
2016-11-10 06:00:00,1.0,0.72083414,0.98971117,3.374759,1.7014989123303832,1.6360176846049066,1.2871341777440117,1.7096731443819806,2.24179535156028,2.1144584720724717,0,1
2016-11-10 07:00:00,1.0,1.5553033,1.3666483,2.112046,1.2262480031430918,1.7028633790532202,1.3774395921006453,1.157388735344664,2.426040285254264,2.285951038592084,0,0
2016-11-10 08:00:00,1.0,10.2604,9.460468,9.867336,4.178845771713769,3.223586593953551,2.1543582076958194,5.753722252851417,5.189799241472956,4.41363255216331,8,0
2016-11-10 09:00:00,1.0,5.1239414,11.687895,20.920418,5.646548417873277,3.6740236651018305,2.527199679714345,7.220806510508191,5.907570530853218,4.925825009765233,10,2
2016-11-10 10:00:00,1.0,4.590581,4.260568,15.724725,6.658307751908421,3.9422778775257568,2.774614126134633,6.279425416962484,5.430959283088921,4.921090094277735,6,5
2016-11-10 11:00:00,1.0,10.064115,6.449563,6.4652743,6.5928793472358915,5.38586255947483,3.562330584123671,5.593316649450849,6.212339249339393,5.6418308451105545,6,6
2016-11-10 12:00:00,1.0,20.25335,11.326734,8.232836,11.63601484182323,8.641281629848256,5.138649657226579,8.788520528207295,8.877656409184942,7.887150297305696,13,6
2016-11-10 13:00:00,1.0,57.76279,40.48904,31.897276,29.360085467744568,18.009196609826496,9.856029994439856,26.948506951116922,22.77877906329379,18.24773738090024,19,10
2016-11-10 14:00:00,1.0,6.0671673,56.148243,95.94286,28.027769638138427,17.310324492687162,10.266955543320353,30.219853793861517,23.32679346513934,18.478601734809402,12,13
2016-11-10 15:00:00,1.0,5.467259,5.3179326,56.1056,23.099073110650256,17.36754397623675,10.52078382066929,33.67213104061136,23.744793969029445,18.734030377567734,6,4
2016-11-10 16:00:00,1.0,4.5401235,5.3165207,9.760398,5.358183054192768,17.359134260968666,10.650706069247212,4.288800915844385,24.3178667856457,18.802695646034287,8,5
2016-11-10 17:00:00,1.0,0.8599011,4.220782,8.59466,3.622427729774576,15.825098683956503,10.605480621715666,3.970001526262897,25.087983159477638,18.827148418858755,0,1
2016-11-10 18:00:00,1.0,0.63945377,0.4840155,4.339007,2.013159317542914,12.556116214096587,10.59869892197242,2.5228246071747233,25.281562925171645,18.82681851958157,0,1
2016-11-10 19:00:00,1.0,0.9523143,0.767371,1.0681609,0.8172230200513534,3.087703037122062,10.548449823474279,0.5763017196679416,3.934492398230514,18.846733983883432,1,1
2016-11-10 20:00:00,1.0,1.3416404,1.0664917,1.3109679,0.9778027852432646,2.3001152575089203,9.80521987509804,0.8228499681204352,3.092376706224399,18.745160570295486,1,0
2016-11-10 21:00:00,0.0,7.732336,7.0987563,7.581033,3.342096870194604,2.677628093868759,10.02258603505275,4.458166054685997,4.542608521721224,19.06327622342193,5,0
2016-11-10 22:00:00,0.0,5.7145333,6.335443,12.754735,4.929503284356698,2.873363152204025,10.116248706586347,4.8281651842442335,4.199522288240131,19.121571733704908,5,1
2016-11-10 23:00:00,0.0,2.8446944,4.752719,6.7741623,5.43052134586505,3.204162065554158,9.514630374755326,5.048750846520967,4.423430247016625,19.233743848638344,0,2
2016-12-10 00:00:00,0.0,1.1829087,2.4092627,5.6792817,3.2473788669389143,3.29473786856676,7.925427041331673,3.3285452516786793,4.466442875059173,18.818842178115254,0,3
2016-12-10 01:00:00,0.0,0.9809486,0.842494,2.527181,1.6695171970143414,3.2995102406855197,3.1936066389037894,1.5979318055030125,4.37630801385516,4.786077745943429,0,0
2016-12-10 02:00:00,0.0,1.2854134,1.2467567,1.4070603,1.1497568450687639,3.290139095466908,2.795127176487914,1.0344751889417279,4.406361969708451,4.352339955496977,0,0
2016-12-10 03:00:00,0.0,2.158084,1.447992,2.3422377,1.4748152477008856,2.3610970573199,2.519362575594329,1.2578520880004382,2.835868105566013,3.9673429040717387,1,0
2016-12-10 04:00:00,0.0,2.1694076,3.1103485,4.007635,1.8709682770652787,1.7702427370398097,2.321802944621918,1.8904363900443288,2.071660850717881,3.8210167815145373,2,0
2016-12-10 05:00:00,0.0,1.1602356,1.8591411,4.8721833,1.8292423279055523,1.4894995864871583,2.3468308260206583,1.9575598065646063,1.7756338056281924,3.8528969297179776,1,0
2016-12-10 06:00:00,0.0,1.9336213,1.5498586,2.8005176,1.7544215038230342,1.6146183757619603,2.454678122164359,1.7608467017377605,1.8906485383026022,3.8496955921886604,2,0
2016-12-10 07:00:00,0.0,0.59726757,1.5905187,2.8530195,1.2303748082660055,1.5506715426656419,2.4250908916755805,1.1201734849902372,1.8611566174941812,3.8265885901024075,1,0
2016-12-10 08:00:00,0.0,0.94781154,0.470929,1.8572018,1.15956681602462,1.4944045719650867,2.3922718337159967,0.9562867472006296,1.8342494981029542,3.7982126055589513,1,1
2016-12-10 09:00:00,0.0,1.2127334,0.76996815,0.77544427,0.9192708876920408,1.3368461957575377,1.8489716265387184,0.5619348989794795,1.4410035494806797,2.5918834185144455,1,1
2016-12-10 10:00:00,0.0,1.6536102,0.909466,1.5282121,1.2713850760927639,1.2508799421793846,1.510561339609597,0.6496617172873456,1.0298730855256828,1.93352606773227,1,1
2016-12-10 11:00:00,0.0,3.498857,2.8358786,3.56064,2.121733554191084,1.6406501851078514,1.5650748857975052,1.7607181631069517,1.6305676454083047,2.0861014151891486,5,2
2016-12-10 12:00:00,0.0,5.1807733,3.7694607,3.1108565,3.4444134484198403,2.18184216805594,1.8982302719089499,2.970031733532718,2.5078916723472555,2.686390672613548,5,2
2016-12-10 13:00:00,0.0,3.236458,6.689514,9.684744,3.9720294315963773,2.621707253844571,2.086189398255106,4.237712059220802,3.361233892708542,3.1351235317653647,4,2
2016-12-10 14:00:00,0.0,3.179349,2.2764328,8.604974,3.865526727611102,2.993630140901093,2.2440173564330896,4.516280726103421,3.7697573492751304,3.323182396344411,4,1
2016-12-10 15:00:00,0.0,2.4068553,3.655046,4.60276,2.94088751223221,3.1926504803260256,2.2647483380417817,2.7942335170843835,4.188754067616312,3.378228363483457,6,1
2016-12-10 16:00:00,0.0,0.7495086,1.9044933,5.224517,2.111904384708035,3.0419669081522063,2.1464234251657954,2.30189993016944,4.171399573857379,3.282426196239628,0,1
2016-12-10 17:00:00,0.0,1.1064824,0.9327111,2.571818,1.4209488579528282,2.6432377927819655,2.1419439889449086,1.2314825367642843,3.9824028526246833,3.263850422242882,0,1
2016-12-10 18:00:00,0.0,0.65232503,0.5424777,1.3363575,0.83610537546676,1.8884964438494858,2.035169305952713,0.5890347153855213,2.2984519305427,3.2125168908375894,0,1
2016-12-10 19:00:00,0.0,0.6622738,0.40891558,0.7418129,0.80702708890074,1.4594657368043875,2.0405864953244794,0.4353437046167149,1.797684752247772,3.2033317038245737,0,2
2016-12-10 20:00:00,0.0,0.4456934,0.39362863,0.70533353,0.58676410560974,1.0038564817812838,1.9987433113411883,0.33014425148200566,1.0389671779838774,3.1966023023783494,0,1
2016-12-10 21:00:00,0.0,1.7214447,1.5194383,1.8033662,0.9431373343953832,0.8896213549310716,2.041135917628549,0.9867061330642956,1.0280945394008945,3.5250492776021405,2,0
2016-12-10 22:00:00,0.0,1.6145393,1.5413916,2.716571,1.2605591540298686,1.033793121465304,2.037880014808755,1.2162964346842864,1.2173248308223783,3.6654460416618515,0,0
2016-12-10 23:00:00,0.0,0.66652226,0.99140406,1.8557384,1.33416875868552,0.9604664321476301,1.801852112464797,0.9976550481582706,1.0722628528716316,3.4875879519370625,0,0
2016-10-13 00:00:00,0.0,0.7103293,0.24981596,1.145862,0.9971302562296686,0.9701337953125257,1.4293151195810059,0.6324514454531026,0.9868285603115666,2.3237154253013013,0,0
2016-10-13 01:00:00,0.0,0.5549595,0.5500456,0.59621054,0.6439369852643806,0.9522480696471245,1.2058569032257558,0.36068697454764315,0.9524307895082909,1.9203576064437013,0,0
2016-10-13 02:00:00,0.0,0.847784,0.450469,0.86925745,0.7043575937720963,1.0192631762288082,1.011559829005046,0.40391886327004956,0.9286200058218645,1.3694281308091008,0,0
2016-10-13 03:00:00,0.0,5.0919013,4.6930118,4.658692,2.1648816125700474,1.5810059343998581,1.2353136446654647,2.8234987316425775,2.0475031359182676,1.8443375415059968,4,0
2016-10-13 04:00:00,0.0,0.64303434,4.9302807,9.443908,2.1942398926287634,1.4190884389465719,1.2264407802059378,2.9515777213704744,2.134218168131018,1.868533329463651,0,0
2016-10-13 05:00:00,0.0,0.3888798,0.45103747,5.0320644,2.0412718020989082,1.3728146979355023,1.1666405650415663,2.9249750257288536,2.187648472687786,1.8064017296480686,0,0
2016-10-13 06:00:00,0.0,1.2116358,1.3120089,1.5502733,0.7478499768745334,1.4563657947222903,1.2132497950174082,0.8271903249797627,2.3677548848932934,1.8989958216389349,0,0
2016-10-13 07:00:00,0.0,0.9420479,1.7124434,2.9311762,0.8475212312210864,1.5208805619249248,1.2365643157860247,1.0862879716848055,2.4867620436927065,1.9539144803545898,0,0
2016-10-13 08:00:00,0.0,0.83895874,0.98757464,2.5017169,0.9975475511716588,1.5194096766352834,1.269336426432046,1.2108747703463214,2.5516088050171453,2.006532104860236,0,0
2016-10-13 09:00:00,0.0,0.6882239,0.95193803,1.4783677,0.8230769010167635,0.7854634389456483,1.1832346866727537,0.8509009153051202,0.9963153360083341,1.9929508992735647,0,0
2016-10-13 10:00:00,0.0,0.326832,0.64794964,1.3382088,0.6180048751121696,0.7327630531666283,1.0759257460565999,0.6829989773181355,1.0248666421008028,1.9431819116869105,0,0
2016-10-13 11:00:00,0.0,2.0338547,1.8310347,2.2541432,1.016303525515955,1.0069255383438065,1.189870118139654,1.1684807750615,1.5570956425395026,2.29657164341798,3,0
2016-10-13 12:00:00,0.0,2.7332244,3.3712273,4.8449006,1.697970332677904,1.2605236168473344,1.3584447057848124,2.1863488498989057,2.0908397533914655,2.690278467839697,3,0
2016-10-13 13:00:00,0.0,0.41341493,2.5351799,5.768939,1.726831321274819,1.1724180981934949,1.3466493300592095,2.1799483936439783,1.9017230691834157,2.7014004696682794,0,1
2016-10-13 14:00:00,0.0,0.26174736,0.3124844,2.6162243,1.136128863300366,1.0762161944081605,1.297812935521722,1.5049115255412635,1.698892280141085,2.6985967994753612,0,1
2016-10-13 15:00:00,0.0,0.7378696,0.63131434,0.81964254,0.4710106391643379,1.084490485921121,0.9349769624333845,0.4204399364707141,1.735351363734241,1.634063869127112,0,0
2016-10-13 16:00:00,0.0,0.6556296,0.7818552,1.217512,0.5517488505986474,1.139290085936733,0.9360265695516805,0.5443968410272889,1.7265283794666761,1.6234378978590203,0,0
2016-10-13 17:00:00,0.0,0.85577005,1.0936539,1.7305857,0.7497564259149017,0.9429426446076341,0.9749340914757204,0.7706478922987471,1.5076667249154994,1.6612725550887955,0,0
2016-10-13 18:00:00,0.0,2.6337519,2.0072124,2.441782,1.3817172046372208,0.9263639219007795,1.0934437693740564,1.6558698604994049,1.3775662056885236,2.0158284259746733,1,0
2016-10-13 19:00:00,0.0,0.6612125,2.852589,4.8111253,1.3835781912474254,0.9676635209230364,1.0700408095582654,1.6527162851188666,1.4817592212486888,2.006295329492221,0,0
2016-10-13 20:00:00,0.0,0.24280316,0.6698547,3.2578773,1.1792558861679028,0.9645061560414021,1.0203611752247812,1.7260922478274618,1.5048924625773907,1.9889108217247733,0,0
2016-10-13 21:00:00,0.0,0.3971921,0.26681572,0.80942553,0.43373591656501864,0.9077265606011196,0.9961085232611206,0.4632577849072497,1.489761502604824,1.988958993407773,0,0
2016-10-13 22:00:00,0.0,2.3535388,2.3659887,2.569966,0.9978446078100045,1.1907113995287149,1.1650007427327236,1.3812412640916687,2.0058215587570283,2.3740978797184127,4,0
2016-10-13 23:00:00,0.0,0.9170905,1.6909819,3.8321562,1.2226070378251739,1.2009314619965383,1.0719370533020864,1.3602321064410716,1.9962130340057276,2.142322021388983,0,0
2016-10-14 00:00:00,0.0,2.0650313,1.681603,2.7980206,1.7785533832746208,1.10614464991982,1.0162542859102996,1.8165773692134188,1.5555035571929223,1.9514493806558904,2,2
2016-10-14 01:00:00,0.0,1.2293941,3.0022752,4.602265,1.4038385444527401,1.200841576131372,1.0842525485272043,1.6672589365365964,1.8511056299238313,2.0260731105193757,0,0
2016-10-14 02:00:00,0.0,1.9462944,2.182928,4.620803,1.7469064317668006,1.4847567347959874,1.2246314454186948,2.4809880096634767,2.2194653071637362,2.2491753271683264,0,0
2016-10-14 03:00:00,0.0,1.4042988,1.2692863,3.202852,1.526662328240068,1.6526078557573445,1.2801672081792321,1.3633441093065897,2.277243811007724,2.309212663964658,0,0
2016-10-14 04:00:00,0.0,0.556576,1.4788754,2.0252728,1.3023896433839774,1.3531140939183584,1.271912746723537,1.1968329277075904,1.9404534646609215,2.2451974227406213,0,0
2016-10-14 05:00:00,0.0,0.4019254,0.5008147,1.8419422,0.78760007915652,1.2672532554616605,1.2340923587290988,0.8837583129963292,1.9530551081115581,2.2119045865507934,0,0
2016-10-14 06:00:00,0.0,0.43832532,0.4924049,0.865356,0.46560893002893416,0.9961356291345006,1.05114013952716,0.42962072538575397,1.2495419168945296,1.7898494978572115,0,0
2016-10-14 07:00:00,0.0,1.2432716,1.1067564,1.3828942,0.6945074588848708,0.9984485511344237,1.0996450636328983,0.7140852301900321,1.0690180578755284,1.8244736105697095,0,0
2016-10-14 08:00:00,0.0,0.92753565,1.2175728,2.1117747,0.8697108661741975,0.8286554726653586,1.1567061037306732,0.8383525154629905,0.9431005816279062,1.8635869133705298,0,0
2016-10-14 09:00:00,0.0,0.8105827,0.8785168,2.0082254,0.9937966669763687,0.7297027985026512,1.191155327129998,0.8610290825102757,0.8033343331172259,1.8696133519509475,0,0
2016-10-14 10:00:00,0.0,0.91711646,1.146123,1.9204655,0.885078312279435,0.789792885582153,1.071453489750256,0.9268591054339677,0.9960485572587272,1.728591814336668,0,0
2016-10-14 11:00:00,0.0,0.72336704,1.1904709,2.2941086,0.8170220999065436,0.8433664830403707,1.055309869251015,0.7463853249488046,1.022481047982987,1.736976658443018,0,0
2016-10-14 12:00:00,0.0,1.215524,0.8207891,1.094245,0.9520025182531852,0.9728995926147769,0.984517610874639,0.9849055888105199,1.1456286898797117,1.3400251846256335,1,0
2016-10-14 13:00:00,0.0,4.059669,4.2361126,4.479576,1.9995199137888697,1.4422991130341525,1.220373832084288,2.558166760295776,2.2300424413107995,2.0939396110761566,7,0
2016-10-14 14:00:00,0.0,1.6942749,2.4851317,6.6749907,2.3231558557192558,1.5700889778128995,1.199372225239129,2.324034587061435,2.1325775400694655,2.0460983987154133,1,0
2016-10-14 15:00:00,0.0,0.41118947,1.567724,2.2383676,2.0550443452209084,1.5035234317370467,1.1166131151198493,2.0942314354327185,2.141383670617108,1.9192176718684277,0,1
2016-10-14 16:00:00,0.0,1.003176,0.77268106,2.2595935,1.0362134112934416,1.517866662541155,1.1538297740616543,1.2376255556066489,2.1700277198138185,1.9581152147129657,0,1
2016-10-14 17:00:00,0.0,2.6540072,1.8482332,1.4597813,1.3561242657752286,1.8396400607472427,1.3415032718938062,1.3325084201884176,2.5270311895932656,2.2030111758156905,2,1
2016-10-14 18:00:00,0.0,2.7087667,1.3918167,2.0568764,2.121983339344719,2.0885138422828136,1.530706717448796,1.3630775234977812,2.6179785899991805,2.39427566192784,4,3
2016-10-14 19:00:00,0.0,1.7267468,2.5148587,3.5165462,2.3631736608426306,1.6996935360680363,1.570996324551094,1.7255966637810196,2.0046954367304015,2.460365181959396,0,1
2016-10-14 20:00:00,0.0,0.9900812,1.2136226,3.4395323,1.8085316091454622,1.5823279374603454,1.5762084576366227,1.7094886035365702,1.628576735145508,2.4605417787708577,1,1
2016-10-14 21:00:00,0.0,1.0254028,0.7679449,1.4681406,1.2474102817957813,1.6846968105702507,1.594110121153649,0.893627930258624,1.6775477761556739,2.4963310712027416,1,1
2016-10-14 22:00:00,0.0,1.3848662,0.81286097,0.98601514,1.133450060279354,1.7483118605609924,1.6330892615510741,0.7557139248659409,1.862436330184463,2.49977493312825,1,1
2016-10-14 23:00:00,0.0,1.7931939,1.9108295,2.4225044,1.4011542617161805,1.604842935430822,1.7222414980890315,1.2582734851451782,1.9147321708953864,2.5671729655563262,1,1
2016-10-15 00:00:00,0.0,0.5047085,1.6249683,3.2990518,1.2275895333085816,1.2374999075521818,1.663006874917498,1.276110213961112,1.2387842496827546,2.471639534240055,0,1
2016-10-15 01:00:00,0.0,0.47575825,0.39954495,1.9073651,0.9245535359111463,1.02900179809525,1.3643476670816432,0.9941147044762147,1.094338106430989,1.9031373393380446,0,1
2016-10-15 02:00:00,0.0,0.5112609,0.42907968,0.7462394,0.49724256664400285,0.9491984141800915,1.2657631758202186,0.353576991373737,1.069602288973513,1.6332838987375249,0,0
2016-10-15 03:00:00,0.0,1.8919529,1.4659023,1.539428,0.9596573356970773,1.0936234345028297,1.38916012253654,0.9532513929324972,1.2087492071904846,1.742067629512284,1,0
2016-10-15 04:00:00,0.0,0.7081744,1.857146,3.20423,1.0371293927322442,0.9808414643216954,1.3645766624413438,1.0931129309957897,1.0533887716231842,1.7527318341340499,0,0
2016-10-15 05:00:00,0.0,1.871162,1.4407573,2.7864575,1.4904297856741067,0.993836176159055,1.2993395557949385,1.5443145322016698,1.245431460998837,1.759006998466128,0,0
2016-10-15 06:00:00,0.0,1.6276736,1.7448232,2.844068,1.4023366919479816,1.1809970138225294,1.2092484606873557,1.2081667636690518,1.4785524257853366,1.4861739987917555,0,0
2016-10-15 07:00:00,0.0,2.0864003,2.8682876,4.5537643,1.8617452411238256,1.449437316928035,1.239219557511643,2.0473951260530137,1.7417462508096906,1.5887127949960147,4,0
2016-10-15 08:00:00,0.0,0.83978456,1.8981922,4.549037,1.517952741099821,1.504191263386964,1.2266948387835277,1.7019275104222644,1.7280793955990696,1.5853077245791696,0,0
2016-10-15 09:00:00,0.0,1.4645847,1.304796,2.867833,1.4635898003308647,1.4329632461394233,1.2632933403211264,1.6193891093406922,1.805029642033623,1.7017333775064414,0,0
2016-10-15 10:00:00,0.0,0.9336804,1.8021145,2.5763447,1.0793499313064483,1.4705475862151367,1.2256945252684162,1.2300026399767472,2.007045362650177,1.7125898863325018,0,0
2016-10-15 11:00:00,0.0,0.9205043,1.1965961,2.927829,1.1062564892403486,1.3121046151700846,1.1529703956645698,1.2730627724138848,1.8993944824113018,1.7012237125224632,0,0
2016-10-15 12:00:00,0.0,0.9792511,1.24029,1.9104868,0.9444785799053929,1.2040341901181284,1.192515601970329,1.0545067118807556,1.80892577772014,1.8331404513593,0,0
2016-10-15 13:00:00,0.0,1.4198784,0.7259445,1.349684,1.1065445170107053,1.092947224158577,1.2711922705433059,0.9549757235745981,1.446220406208011,1.9329390836325526,0,0
2016-10-15 14:00:00,0.0,0.7967329,1.5357533,2.0501351,1.065287394360501,1.085771941800425,1.2949816025936942,0.9398697061168021,1.418283151547492,1.93379460312413,0,0
2016-10-15 15:00:00,0.0,1.1731933,1.2022012,2.427944,1.1299348449524693,1.0372067124289313,1.2350849792841767,1.3232722784648012,1.2543434652062986,1.9186045889987327,1,0
2016-10-15 16:00:00,0.0,0.6577289,1.3290094,2.4003513,0.8758850675639143,0.99121479228731,1.2308811892512233,0.921493581100616,1.1699774367258962,1.9318185694631576,0,0
2016-10-15 17:00:00,0.0,1.0868163,1.3927833,2.55049,0.9725795540343122,1.0189334741974065,1.1655190446837458,1.2858749183381877,1.4936791781108498,1.9408547390597448,1,0
2016-10-15 18:00:00,0.0,0.48092315,1.1761206,2.4473844,0.7418228213666468,0.9358788331595577,1.0699565116388434,0.9314115254853532,1.4510692955812843,1.796826074424474,0,0
2016-10-15 19:00:00,0.0,0.47165772,0.70247614,1.8093858,0.6797990865969045,0.7778420770804095,0.935394650619493,0.8104859430055936,1.0748253139716726,1.4490915022495863,0,0
2016-10-15 20:00:00,0.0,0.42425117,0.53139746,1.019305,0.45894400508311367,0.7157617795587128,0.9007668606795689,0.535053882753156,1.0295981519076578,1.4413175063489607,0,0
2016-10-15 21:00:00,0.0,0.30704483,0.41316152,0.87316805,0.4009845690895256,0.5714036952280861,0.8043052038285085,0.3754672232360055,0.7747450250956449,1.2662547495066567,0,0
2016-10-15 22:00:00,0.0,1.7570838,1.5212876,1.6979551,0.8294599511847159,0.7546295188908103,0.8729221555890601,1.0129323062407083,1.1284662236892882,1.3227548430590566,1,0
2016-10-15 23:00:00,0.0,21.435726,20.326965,19.71842,7.8332845114556795,4.146114258269397,2.582523866233401,12.167423594017421,8.940884287242973,6.85711656825523,10,0
2016-10-16 00:00:00,0.0,18.531317,3.649875,23.817375,13.908041981674225,7.1545132753818725,4.045196054270717,11.318014780321441,10.55644556380576,8.417118855857554,9,5
2016-10-16 01:00:00,0.0,2.6833634,15.901238,14.100842,14.216801874767004,7.523130912975858,4.150486495028137,10.427065090006044,10.217245054539553,8.21305798473632,3,5
2016-10-16 02:00:00,0.0,1.2670598,3.1942604,14.568591,7.493913552550686,7.663599032003185,4.189680405780949,10.16399674877047,10.263908900160505,8.253205110568922,1,0
2016-10-16 03:00:00,0.0,2.12026,1.486803,4.2749395,2.0235611067757833,7.965801544225003,4.268602619726543,2.256842623814919,10.470884591519939,8.424997462250172,0,0
2016-10-16 04:00:00,0.0,1.4214913,2.3058114,3.5248117,1.60293703673088,7.909869455748939,4.332249487319877,1.4386534360792778,10.739574894110058,8.492480428201203,1,0
2016-10-16 05:00:00,0.0,0.35878292,1.2207282,3.2645974,1.300178064591579,4.397045808571133,4.271580033420265,1.5144292528463408,8.085330917837316,8.370474442024351,0,0
2016-10-16 06:00:00,0.0,0.8707895,0.7426736,1.7450947,0.8836879410565565,1.4536245239161698,4.304068899649023,0.7826167160787725,2.026798278156065,8.403952539884328,0,0
2016-10-16 07:00:00,0.0,1.03755,0.631062,1.2786251,0.755707474749892,1.1793222557403862,4.351226584358122,0.6143963266425014,1.271537831072432,8.402744855241483,0,0
2016-10-16 08:00:00,0.0,0.33651683,0.8761466,1.0757811,0.7482854469720807,1.02423175578183,4.343915393892507,0.6176049547858843,1.2675487694497243,8.375299215953445,0,0
2016-10-16 09:00:00,0.0,1.6578871,1.5465776,2.2180598,1.0106512724837946,0.9471696067701756,4.456485575497589,1.2201228844223344,1.2498685724300418,8.697257018865674,1,0
2016-10-16 10:00:00,0.0,0.90535915,0.9865994,2.4555566,0.9665876701065836,0.8611475724282379,4.385508514088589,0.8704223513839302,1.0494180599126899,8.69821704898317,0,0
2016-10-16 11:00:00,0.0,0.6729521,0.75031155,0.97504604,1.0787327474438,0.9135090972079404,2.655277452889537,0.8735143164507476,1.1219973439412818,6.374632817665507,0,1
2016-10-16 12:00:00,0.0,1.5673825,1.5380929,2.155228,1.0485646080278952,1.0296079402558447,1.2416162320860074,1.0695422005246664,1.3529637076915808,2.081048530654187,0,0
2016-10-16 13:00:00,0.0,1.6123867,0.8082893,2.1099377,1.2842404307337754,1.1254140504201793,1.1523681530802827,1.0130517847891,1.230769535483018,1.5717361588253167,0,0
2016-10-16 14:00:00,0.0,0.46949705,1.242428,1.5117961,1.216422084608788,1.1475774160262942,1.085904585904062,0.8530260774617624,1.2213242882001651,1.5504850761877753,0,0
2016-10-16 15:00:00,0.0,1.4111208,1.1283536,2.2978232,1.1643348029997291,1.106449705513812,1.0268096561419937,1.007497611154757,1.1862068758835027,1.448213320991609,0,0
2016-10-16 16:00:00,0.0,2.0756772,1.9694762,2.5352015,1.3187649724097512,1.301502701571763,1.0813251370000008,1.2966779593922382,1.465174769330282,1.5904080926598991,2,0
2016-10-16 17:00:00,0.0,2.855221,2.0503142,3.2370512,2.114006274530047,1.6652141795694175,1.2893616383886792,1.8554040937427996,1.8452573604321179,1.9077722646379285,5,0
2016-10-16 18:00:00,0.0,3.2658944,3.0081844,4.487957,2.7322640447257376,1.948299423862733,1.4889536820592888,2.16955133783804,2.280268189754275,2.2518774462983804,5,3
2016-10-16 19:00:00,0.0,1.2188278,2.5230818,4.8892307,2.446647635260463,1.882706303835107,1.504060177127643,2.1225808222901157,2.0853297846773655,2.194297773789327,0,4
2016-10-16 20:00:00,0.0,0.49445468,0.8795526,2.028259,1.659725531982871,1.8868659032564588,1.5172216596413768,1.7474772034112294,2.092037993812168,2.1838317440940034,0,0
2016-10-16 21:00:00,0.0,0.316399,0.36365286,1.0188421,0.676560505806122,1.7044122752659296,1.4054309903898707,0.6387791173756956,2.0791002356681743,2.016707657135005,0,0
2016-10-16 22:00:00,0.0,0.8073137,0.56423885,0.73094743,0.5393890790328442,1.4930183571466535,1.3972605293592084,0.45662210517188906,1.9593202922512647,2.00212797304442,0,0
2016-10-16 23:00:00,0.0,0.35489252,0.5228491,1.0398678,0.49286836295806796,1.0762969474704698,1.3707555635199433,0.3574325612250617,1.5441716879599765,1.9920522350708578,0,0
2016-10-17 00:00:00,0.0,0.6757954,0.3766417,0.8482384,0.6126671695436285,0.6446138376748751,1.2964566307688041,0.40299183712224096,0.6705592263342525,1.939882544244387,0,1
2016-10-17 01:00:00,0.0,1.1847259,1.2729459,1.5464449,0.7384712182133378,0.6389301486230909,1.2608182262290992,0.7653298351779322,0.7285418420522759,1.8293445918233395,0,0
2016-10-17 02:00:00,0.0,0.55702966,1.2230798,2.2839646,0.8058502785315512,0.6493593207448096,1.2681126120006345,0.9090229625889239,0.8110630495793292,1.8319218990253419,0,0
2016-10-17 03:00:00,0.0,0.83523667,0.69608456,1.8703396,0.8589973667852648,0.7358322681644466,1.2201222717151878,0.9564859317573392,0.9069281608494042,1.7982479781163903,0,0
2016-10-17 04:00:00,0.0,0.9586559,1.1210574,1.4649862,0.7836407621814365,0.7610559901973871,1.1270371736720204,0.8212801015881743,1.0651543675826494,1.6947959298866,0,0
2016-10-17 05:00:00,0.0,0.8899024,0.83619595,1.5280355,0.8945983388908334,0.8502243087111921,0.9632606280908308,0.8285504371213678,1.175634566840807,1.4892147544553698,0,0
2016-10-17 06:00:00,0.0,0.5994091,1.1008321,1.859847,0.8159891478748912,0.8374932573300781,0.7410535475024768,0.7937216223632938,1.066392570954992,1.0335614762760132,0,0
2016-10-17 07:00:00,0.0,0.88926965,0.9471438,1.9908397,0.792860344966265,0.7882505535738507,0.713590351098471,0.8373853315909706,1.0111127477075064,1.064387851184074,0,0
2016-10-17 08:00:00,0.0,1.6666373,1.097525,0.9516867,1.0517719657863795,0.9731851523386066,0.8112722365417082,1.000585141111378,1.2296971409373845,1.2875571308753924,0,0
2016-10-17 09:00:00,0.0,2.0173302,2.3803422,3.4034898,1.5244124480097891,1.1702007979423406,0.9530165330533932,1.4578245866743509,1.4398995965651862,1.5648263057351393,3,1
2016-10-17 10:00:00,0.0,0.6253159,2.1208274,3.6869652,1.4364279212489683,1.114644133107617,0.9378500616525018,1.6680068220942132,1.4194605134721416,1.554976444342602,1,0
2016-10-17 11:00:00,0.0,0.60309386,0.52781755,2.341958,1.0819134660440786,1.0668427159152294,0.9585335123132108,1.374402430548755,1.4914850467067222,1.5600926422798918,0,0
2016-10-17 12:00:00,0.0,0.8821084,1.2284766,1.4496514,0.7035061140538819,1.1139592810318355,0.9757262691809567,0.816513682169338,1.625599758274834,1.5630200261802913,0,0
2016-10-17 13:00:00,0.0,0.5266425,0.91988885,1.948261,0.670614985005469,1.0535214531272186,0.9208860033505345,0.8408210562584203,1.6640625653483176,1.4566955686104974,0,0
2016-10-17 14:00:00,0.0,2.1030242,2.2229383,3.0074854,1.170591685240426,1.1262525756422526,1.0497188639904296,1.6294564044102096,1.990705403024955,1.8556265508828542,1,0
2016-10-17 15:00:00,0.0,1.4299186,2.149472,4.152206,1.3531950275778224,1.028350570815852,1.0992756843790963,1.5117019493755612,1.5507891813060202,1.846389954947727,0,0
2016-10-17 16:00:00,0.0,1.9616092,1.8149549,3.7495756,1.8315172633409005,1.2510661241731846,1.182855128640401,1.718263669415798,1.705639311116121,1.9288974281829907,0,0
2016-10-17 17:00:00,0.0,0.41638544,1.5752065,3.0057018,1.2693043967420643,1.2199480409912453,1.1433953784532371,1.2674070361386578,1.6172728177221563,1.9311756293290927,0,0
2016-10-17 18:00:00,0.0,0.2657173,0.52027756,1.6154187,0.8812373248260708,1.1172161762019464,1.1155877286168911,1.0201259930094648,1.462567431482651,1.916304528548115,0,0
2016-10-17 19:00:00,0.0,0.2275709,0.27986243,0.7288306,0.3032245362347151,1.067370899787808,1.060446176457513,0.3596039132621444,1.4776285240901788,1.9155431420704108,0,0
2016-10-17 20:00:00,0.0,3.0013986,2.8240163,2.9165494,1.1648956642463149,1.2171000304941895,1.171676303068221,1.690555180676495,1.963621540647915,2.059711015174652,3,0
2016-10-17 21:00:00,0.0,0.7845021,2.9947236,5.7295547,1.3378239134624421,1.1095306191442564,1.0689405949800543,1.8199670544067763,1.9024546834628169,1.9651482255836292,0,0
2016-10-17 22:00:00,0.0,1.1379559,1.2049919,3.7974825,1.641285564231975,0.972255050233345,1.111660587203265,2.119066315357602,1.6928948949071,2.000343178446102,1,0
2016-10-17 23:00:00,0.0,0.86344653,1.4884473,2.4118488,0.9286347955558792,1.0467652299010968,1.1333566354461715,1.1234273162972146,1.8363400065415687,2.0865422983461204,0,0
2016-10-18 00:00:00,0.0,4.7832303,3.9795241,4.289401,2.2615442472196263,1.7996840803410339,1.4584501282714903,2.9188699439137054,3.3531139781943224,3.0604879307667017,9,0
2016-10-18 01:00:00,0.0,2.8377893,5.503957,9.0154705,2.828155401717527,2.2347204829747516,1.6510456913812792,3.2646041864014315,4.0015180484419055,3.2425730646742803,2,2
2016-10-18 02:00:00,0.0,0.7996588,2.5349844,6.454843,2.8068928067214736,1.8677638011386763,1.5424319158164332,3.5174137959951435,2.989965376465947,3.1269734982741326,0,0
2016-10-18 03:00:00,0.0,1.704645,1.8861159,3.7613554,1.780697673467256,2.02112096034344,1.5653257897438482,2.223735951417624,3.219159918043495,3.075269927764634,0,0
2016-10-18 04:00:00,0.0,0.9365164,1.7625656,3.0717192,1.1469400824170188,1.9875477420672738,1.4799013961503091,1.363695641633038,3.0264303790428353,2.986101053032245,0,0
2016-10-18 05:00:00,0.0,1.301237,0.8443781,2.5067663,1.3141328221656101,2.060512814443541,1.5536390221723198,1.1104609081253805,3.1019776334449425,2.987401563358028,0,0
2016-10-18 06:00:00,0.0,1.5044966,1.0740478,1.5112596,1.247416696835722,1.5140571851514886,1.6568706327462615,0.8258547992233256,1.988798039471719,3.0428915807267014,0,0
2016-10-18 07:00:00,0.0,2.2526712,3.167061,3.9869108,1.6861349174512783,1.416537499934149,1.8256289914544503,1.9041911654517032,1.6925221990049049,3.199014101852027,2,0
2016-10-18 08:00:00,0.0,3.132325,2.6362302,5.3653297,2.2964976496389635,1.8053152359022862,1.836539518520481,2.4294987839240645,2.0243670260001134,3.263643291852357,4,0
2016-10-18 09:00:00,0.0,1.5912987,2.2040246,3.497183,2.325431688338434,1.7864241925870779,1.9037725764652593,2.0427206240765536,2.1938395794172716,3.3119922284155567,1,0
2016-10-18 10:00:00,0.0,1.8564093,2.3865793,3.467576,2.193344396624793,1.9397396570380352,1.9636436995526547,2.280689367777916,2.4314879170426655,3.459981898173453,1,0
2016-10-18 11:00:00,0.0,1.3293368,1.7309214,3.8459663,1.5923482319201925,1.944422940779578,2.0024678776115596,1.7030385256050307,2.5237271079210513,3.5308416873570323,0,0
2016-10-18 12:00:00,0.0,1.4882482,1.1747227,2.7820597,1.5579980682150352,1.941714878276735,1.7278860317141114,1.064800733983112,2.295779221829405,2.6860645592951844,1,1
2016-10-18 13:00:00,0.0,0.74065787,1.2765467,2.2069614,1.186080914834606,1.6897126557296995,1.5531250778319239,0.963213304555032,2.062380461406875,2.224694777205009,0,0
2016-10-18 14:00:00,0.0,0.7078044,0.46414423,1.6370555,0.9789035132081166,1.2856258725641543,1.5454705542332206,0.7704735560041587,1.403357555931844,2.1410956626864683,0,0
2016-10-18 15:00:00,0.0,0.38127315,0.55687654,0.8825293,0.609911813636873,1.0839549409259543,1.4351895667565164,0.42123532021612975,1.0337482054127316,2.116331365631319,0,0
2016-10-18 16:00:00,0.0,1.4416237,1.2096775,1.488879,0.8435670711181638,1.0148239929763851,1.4772818250072104,0.8446547082603034,1.0254983212039084,2.1226062278067315,0,0
2016-10-18 17:00:00,0.0,0.3410873,1.3027828,2.3920972,0.7213280247251249,0.8501157689666207,1.3972693548730994,0.8012742191646045,0.9433318291906576,2.084006956926246,0,0
2016-10-18 18:00:00,0.0,0.388416,0.3275869,1.3784615,0.7237089758319324,0.6668103947344028,1.3042626365055687,0.8349871917702137,0.7789223821300529,1.9722868464626921,0,0
2016-10-18 19:00:00,0.0,0.90258795,0.6013342,0.5718746,0.5440304174056378,0.6937987442619007,1.1917556999958003,0.4669949509230474,0.8718657459821462,1.7655306265915311,0,0
2016-10-18 20:00:00,0.0,0.5019373,0.5971965,1.1828265,0.5976470991236936,0.6594875619244094,0.9725567172442818,0.43818252323656776,0.8245609571424006,1.3215145720908108,0,0
2016-10-18 21:00:00,0.0,0.39100167,0.28642982,0.5926909,0.5985089956079537,0.661108985719943,0.8725319633229486,0.4274730869916754,0.8131901968290546,1.1420919406531675,0,0
2016-10-18 22:00:00,0.0,1.7122235,1.5077194,1.6996481,0.8683875167703328,0.7062089670879853,0.8605164800321853,0.8516405913290681,0.794173550626712,1.2151519931008359,1,0
2016-10-18 23:00:00,0.0,0.51841193,1.4694675,2.8340652,0.8738790518062591,0.7357630754649764,0.7929394222157986,0.9637641905350254,0.8245716127389756,1.159946820523691,0,0
2016-10-19 00:00:00,0.0,0.5766913,0.28433517,1.6299201,0.9357755968388696,0.7671422962234117,0.7169763454789073,0.9261889439326059,0.8487485002917907,1.0306839785130992,0,1
2016-10-19 01:00:00,0.0,0.64361346,0.6110478,0.81810373,0.5795722500894431,0.7239798834298881,0.7088893138458944,0.4217736269282659,0.8839043739753103,1.0499187538479808,0,0
2016-10-19 02:00:00,0.0,2.2705085,2.4455268,2.840648,1.1636044778450212,1.0187417648256405,0.8391146633750247,1.541174592843862,1.656393645218292,1.4777105858771071,3,1
2016-10-19 03:00:00,0.0,0.9980445,1.712067,4.1033363,1.304055551011371,1.1199155739251205,0.8905122798225318,1.4038378712758917,1.6509713170537852,1.4927853290794897,0,1
2016-10-19 04:00:00,0.0,0.3065705,0.9070941,1.5921043,1.1917078870901499,0.8856400685897966,0.7959245178388908,1.2987081123125912,1.2261283233184967,1.2953012171163278,0,0
2016-10-19 05:00:00,0.0,0.37819946,0.31366527,1.1471354,0.5609381849787582,0.8622713314118896,0.7990172034384332,0.582042125081886,1.2340691301706,1.299497003562569,0,0
2016-10-19 06:00:00,0.0,0.5680704,0.5678651,0.75819504,0.4176134778598531,0.8608345144356118,0.8139884053295117,0.37456705267055546,1.240577679221619,1.324221800782994,0,0
2016-10-19 07:00:00,0.0,0.9015147,0.9000113,1.2803245,0.6159282151618175,0.9038180511259838,0.8138989672779359,0.6563445920811457,1.2741822147457524,1.3714279375903473,0,0
2016-10-19 08:00:00,0.0,0.2665134,0.86584705,1.6877227,0.5786995165701878,0.5698188507744729,0.7942803078000565,0.6118311359948435,0.7855993022610064,1.3741959520889757,0,0
2016-10-19 09:00:00,0.0,0.3267017,0.43417695,1.0892537,0.49824326345609626,0.45792837065797465,0.7889219722915471,0.6204851503804093,0.601574044844456,1.4115806202884422,0,0
2016-10-19 10:00:00,0.0,0.8017234,0.5925107,0.71485627,0.46497949148501644,0.540453853323417,0.7130469609566069,0.4921036939962031,0.7160944061265162,1.2417003072390786,0,0
2016-10-19 11:00:00,0.0,1.7016504,1.2679509,1.1781567,0.9433584558985526,0.7610289862343703,0.8116501588231303,0.92282994528118,1.0292718506209488,1.4296441155690964,0,0
2016-10-19 12:00:00,0.0,0.557965,1.550345,2.7424126,1.0204462331572328,0.7593447483066644,0.8100896313711385,0.9556454954588168,0.9832694785675216,1.4005700055973438,0,0
2016-10-19 13:00:00,0.0,3.2088957,3.0174842,4.2766285,1.8228370701405674,1.143908280812792,1.0238631659693878,2.4453764925124806,1.8826377155469665,1.953662554944236,5,0
2016-10-19 14:00:00,0.0,0.8283498,3.1274807,6.1243377,1.5317368900465975,1.2375476729725745,0.9036832618735237,1.8977481269614005,1.9370896065427328,1.656754874329009,0,0
2016-10-19 15:00:00,0.0,0.3671225,0.669717,3.1294844,1.468122716100139,1.2442844746286856,0.8511064226433304,1.932243515558293,1.938777643110438,1.5236829340174844,0,0
2016-10-19 16:00:00,0.0,0.87404615,0.88370734,1.4394432,0.6898394530611444,1.2563382616008558,0.8983960574621367,0.791323581133223,2.09926136704977,1.6619703322885533,0,0
2016-10-19 17:00:00,0.0,0.53268856,1.18881,1.9524866,0.591285717920671,1.0615113039836341,0.9112701451090021,0.7848069753258695,1.6921754231184651,1.6588227285874964,0,0
2016-10-19 18:00:00,0.0,0.20789725,0.44923028,1.5859556,0.5382106504734903,1.003166683286815,0.8812557157967394,0.7028596618090915,1.6815604731204816,1.650122579084953,0,0
2016-10-19 19:00:00,0.0,1.5056424,1.405896,1.7072159,0.7487427492435231,0.7192911011523336,0.9315996909825629,0.9443379895238802,1.12118344210789,1.835313256527884,1,0
2016-10-19 20:00:00,0.0,1.2196196,0.68374324,1.7899629,0.9777197522948351,0.7845027351077531,1.0110252040401637,0.8717644037823268,1.1472625761650035,1.928579508545485,0,0
2016-10-19 21:00:00,0.0,1.3565228,0.5706658,0.8062403,1.3605949389106353,0.9494027946920628,1.0968436346603747,0.6066088140620044,1.2034171435964398,2.014065239881409,1,3
2016-10-19 22:00:00,0.0,0.8745969,1.876319,2.2216733,1.1502464255013416,0.9494945873724321,1.1029164244866438,1.0999225524793828,1.150750104665628,2.017436858548111,0,0
2016-10-19 23:00:00,0.0,5.995633,6.31366,8.124461,2.742250686112144,1.8599852192034902,1.4607482615935623,4.309928129530857,3.304336350950353,3.315337393030518,5,0
2016-10-20 00:00:00,0.0,1.1244344,6.174507,12.330671,2.6648878690038416,2.012741403957239,1.5079540436220267,3.943161613463183,3.461345696889793,3.3370637860671724,0,0
2016-10-20 01:00:00,0.0,0.8125874,1.125639,7.0602436,2.644218041067907,1.8972322332846245,1.308261667218479,3.8147608885706012,3.499067440926621,2.8115857001345868,0,1
2016-10-20 02:00:00,0.0,0.7262487,0.74761146,1.7706375,0.8877567888484353,1.81500373748029,1.2997532362940212,0.7878020659764239,3.40744699152723,2.7749013859395264,0,1
2016-10-20 03:00:00,0.0,1.3823283,1.2080947,1.680685,0.9737214410248664,1.8193046550143548,1.3843537248532087,0.8206905811672651,3.146048710174804,2.8523951951505393,0,0
2016-10-20 04:00:00,0.0,0.6133442,1.4183389,2.4396794,0.9073070446281836,1.775762542848046,1.3626285651102386,0.9168714299838407,3.1365305467723243,2.7780804193308626,0,0
2016-10-20 05:00:00,0.0,0.641595,0.73150295,1.9747369,0.8790891678062208,0.8834229783273281,1.3717040987654092,0.9804344300054615,1.0244709149823217,2.7729469867352052,0,0
2016-10-20 06:00:00,0.0,0.9644615,1.046177,1.6997805,0.7398002158952705,0.8567608284600685,1.4347511162086535,0.6156304509013447,0.9827117695308349,2.772338573013945,0,0
2016-10-20 07:00:00,0.0,1.4681387,1.9621681,2.812011,1.0247317088548822,0.9660193767415326,1.4316258050130781,1.1532964030047967,1.2010043151381706,2.8423640439388174,0,0
2016-10-20 08:00:00,0.0,1.3501315,0.9804593,2.3905306,1.2609106195181814,1.0699998936622013,1.4425018155712461,1.2784600073076324,1.289613656984573,2.875431624721131,0,0
2016-10-20 09:00:00,0.0,2.7161908,3.15076,3.986264,1.8448203810647377,1.2923102984800043,1.5558074767471792,2.0685330121240897,1.594493576573357,3.0934239771244574,3,0
2016-10-20 10:00:00,0.0,2.2160263,3.7263465,6.5750475,2.094116240093596,1.5594239744742384,1.6675932586611422,2.771573517440778,2.2446283878229987,3.5041791123086274,3,0
2016-10-20 11:00:00,0.0,2.2346263,2.2710137,5.6388,2.388947752921796,1.8249291862199888,1.3541760822736586,2.648521713607812,2.5995206100349026,2.186620619808469,3,0
2016-10-20 12:00:00,0.0,1.3767698,2.239785,3.1670582,1.9424741052654246,1.893647243165081,1.3752040358125748,1.8866013450010306,2.760161200908427,2.238198968312106,0,0
2016-10-20 13:00:00,0.0,0.6092677,1.1936606,3.1114097,1.40688791116812,1.7505020756308578,1.3582607261861952,1.5153027520674833,2.6027730152941335,2.208514923080649,0,0
2016-10-20 14:00:00,0.0,0.2361056,0.46900555,1.3393639,0.7407143686490547,1.5648310607854254,1.3174154772238131,0.7789285505707022,2.3301458924483702,2.189059836881329,0,0
2016-10-20 15:00:00,0.0,0.2841088,0.22078042,0.60595113,0.37649402714915103,1.1594840662072878,1.225897182343646,0.2985153342828447,1.6379045182100378,2.1229073316022267,0,0
2016-10-20 16:00:00,0.0,4.3238997,4.1715274,4.2001805,1.6147047714830194,1.5107963413255696,1.5351101578999042,2.4532299689770634,2.397922593125775,2.689830726204144,5,0
2016-10-20 17:00:00,0.0,2.1853857,4.9865623,8.799528,2.2644647266300644,1.5025895476395592,1.663759366929774,3.106977464344639,2.543892029598996,2.8148278959684547,2,0
2016-10-20 18:00:00,0.0,1.5248876,2.0010722,5.7699437,2.678057662895806,1.5272758450224784,1.7104615440937803,3.3279290352852646,2.5863600357624654,2.8676241018626203,3,0
2016-10-20 19:00:00,0.0,0.38594836,1.239366,3.17048,1.3654071508580663,1.490055961170543,1.6202790184007005,1.427852976817319,2.5548168687428596,2.813038815545452,0,0
2016-10-20 20:00:00,0.0,0.40113023,0.31417766,1.4214085,0.7706553896270131,1.5175600581285387,1.541195559456982,0.7532340667956614,2.537855215348404,2.7009896413921477,0,0
2016-10-20 21:00:00,0.0,0.5417166,0.32496282,0.38558418,0.44293170408949306,1.5604946834926496,1.3599893748499685,0.30040644322158505,2.5144032798895655,2.2658250205565342,0,0
2016-10-20 22:00:00,0.0,0.33681014,0.49520203,0.74733245,0.42655228416065644,0.8959797175093616,1.2033880294174657,0.3165969156555874,1.129041166330477,2.1285098185752833,0,0
2016-10-20 23:00:00,0.0,0.6450211,0.5462042,0.9114483,0.5078492502898406,0.6392523199584268,1.0709209337989936,0.487755715150458,0.7114733330893636,2.0238611649681824,0,0
2016-10-21 00:00:00,0.0,0.4505252,0.5207309,0.9550342,0.4774521396611853,0.4601919218753391,0.9937338834489088,0.3708357511392166,0.41758447428606654,1.9454292691202466,0,0
2016-10-21 01:00:00,0.0,0.4768455,0.35310382,0.76094306,0.5241305865203127,0.4753414353404845,0.9826986982555139,0.38473205719904535,0.43845729682614193,1.9304714725773389,0,0
2016-10-21 02:00:00,0.0,0.5263281,0.4050659,0.60584146,0.4845662417317456,0.4962077460107931,1.0068839020696656,0.3269867199388079,0.46780257868308966,1.9374801708882743,0,0
2016-10-21 03:00:00,0.0,1.3693261,1.3944992,1.7894286,0.790833217487985,0.634142678574585,1.0973186810336173,0.8392993756397151,0.7422455558825893,2.001381290904732,0,1
2016-10-21 04:00:00,0.0,0.6720762,1.1351243,2.3533788,0.8559101532267425,0.6900203698735276,0.7930000436914446,0.8873996013602787,0.7853484750355175,1.0909128129479129,0,1
2016-10-21 05:00:00,0.0,0.35822883,0.56767094,1.1500772,0.7998770904002955,0.6422216660660207,0.6407369930122236,0.8230301208784883,0.7637441417347086,0.8711317533086245,0,0
2016-10-21 06:00:00,0.0,0.6530893,0.6386801,1.1267505,0.5611314657958706,0.6759823416419275,0.5680871317586333,0.572387297163708,0.8958455594005991,0.7756447605701635,0,0
2016-10-21 07:00:00,0.0,1.8040943,1.8754684,2.3527913,0.938470883581015,0.8971905184038786,0.6862659768721817,1.2081651357818666,1.1551904336068144,0.9931547081824769,2,0
2016-10-21 08:00:00,0.0,0.59806913,1.5713437,3.092346,1.0184176504381732,0.9091473704192345,0.7026775582150139,1.183795667011808,1.130744377572109,1.0342070565552253,0,0
2016-10-21 09:00:00,0.0,2.019437,1.9952524,3.0428264,1.4738668647721427,1.0174991652840069,0.825820921929296,1.85446016369421,1.5085709440331148,1.3556573409124228,2,0
2016-10-21 10:00:00,0.0,1.1219281,1.161298,3.0735254,1.2464780340100572,1.092474458795536,0.8912474143345317,1.147212890924232,1.5264808352761592,1.3911136849909165,1,0
2016-10-21 11:00:00,0.0,0.5462213,0.98737293,0.8937747,1.2291954311125626,1.1238065407753677,0.8830141034206941,1.071643165089838,1.5720598593252855,1.3617746743048107,0,0
2016-10-21 12:00:00,0.0,0.37099978,0.34981367,1.1223278,0.6797163875138115,1.0767916261429775,0.8763869838924522,0.6479017591357957,1.4845323756251512,1.3586596188972309,0,0
2016-10-21 13:00:00,0.0,0.54046506,0.46696472,0.74467635,0.48589540658627633,0.8661867202981671,0.8816886193510229,0.33642015072861375,1.0266558497900802,1.3529253087609443,0,0
2016-10-21 14:00:00,0.0,2.3194036,2.4465215,2.814047,1.0769562764344158,1.1530758537734889,1.031111612096362,1.4376221586327702,1.7045003830532188,1.7595524189392453,3,0
2016-10-21 15:00:00,0.0,2.4071743,4.069717,6.475387,1.7556810901313478,1.21769873882258,1.1175989520532932,2.4935392096173885,2.0831571713087236,2.169417681957483,5,0
2016-10-21 16:00:00,0.0,0.67648596,2.5879369,6.5518785,1.801021385159684,1.1434583958729803,1.117966427334258,2.6052665491365996,1.9552931429984965,2.2497137166725794,0,0
2016-10-21 17:00:00,0.0,0.41964868,0.70672774,3.174076,1.1677696168343847,1.1223629466344003,1.1230847437048843,1.5496397861263815,1.9668270689278478,2.241129798879928,0,0
2016-10-21 18:00:00,0.0,0.6483463,0.6409395,1.0245454,0.5814936486559145,1.1685873693936315,1.1226894977683044,0.669789731930802,2.1009060138679407,2.241260053894459,0,0
2016-10-21 19:00:00,0.0,1.1341808,0.6357903,0.8155294,0.7340585429410565,1.2675399640503704,1.0668633421742681,0.6392693842943684,2.2612570864565855,2.1104625599280826,0,0
2016-10-21 20:00:00,0.0,0.5506041,0.67317146,1.2600262,0.7777103482364982,0.9727399825354416,1.0629079181544652,0.45144804318379955,1.4981666696049394,2.0942161750121415,0,0
2016-10-21 21:00:00,0.0,0.7533862,1.0535955,1.0142865,0.8127236561723371,0.6971086524141256,0.9574036956183526,0.8253888465633757,0.8238584528423306,1.860969541529538,0,0
2016-10-21 22:00:00,0.0,0.8406525,0.8249461,1.7306823,0.7148809670230379,0.7244697549820472,0.9339640754275137,0.8167254973193689,0.8276894632404943,1.795716392318902,0,0
2016-10-21 23:00:00,0.0,0.5826172,0.7592325,1.3035707,0.7255520399515708,0.7516311940940342,0.9369970703642175,0.6461189471248937,0.9009256187684276,1.8454615118210678,0,0
2016-10-22 00:00:00,0.0,1.1048692,1.1094409,1.6478529,0.842713006048629,0.8277183311104828,0.9981528502520574,0.8356261449446457,1.1037006496502602,1.9366750155157901,2,0
2016-10-22 01:00:00,0.0,0.9313732,0.4484151,1.3636612,0.8729531672963636,0.7939170671597007,1.0307285156050354,0.6973483980580406,0.9778447652682097,1.962622212279327,0,0
2016-10-22 02:00:00,0.0,0.36625528,0.7853864,0.8801577,0.8008324973444428,0.7631922686480067,0.8679661255917238,0.59169398051811,0.8335016573377135,1.4211448852351658,0,0
2016-10-22 03:00:00,0.0,1.0534327,0.8888897,1.5641584,0.7836870299473988,0.8132000179980136,0.7551543352060699,0.8875241035567529,1.0121084272326692,1.186138127665573,0,0
2016-10-22 04:00:00,0.0,0.4707352,0.8472826,1.6177131,0.6301410652446038,0.7515471162704837,0.7380084356262654,0.5939351988330727,0.9124138205892716,1.1108967959965423,0,0
2016-10-22 05:00:00,0.0,0.3745012,0.2993504,1.0128489,0.6328896964742998,0.7168610969093715,0.734246145501703,0.5455186268850227,0.8361876671847559,1.1097630657082158,0,0
2016-10-22 06:00:00,0.0,0.8812803,0.8684436,0.9821527,0.5755055341339688,0.6795962820406837,0.7536573065755833,0.5922046929176776,0.9082741710871837,1.1204231765840047,0,0
2016-10-22 07:00:00,0.0,1.1168492,1.2624046,1.8438724,0.7908768854108493,0.7105089753277268,0.7522130212437136,0.8755513994456509,0.8995578301813908,1.131698829890896,0,0
2016-10-22 08:00:00,0.0,1.5758339,1.7398002,2.7458358,1.1913211098772856,0.9121054031757929,0.8376488359118999,1.3616845692203408,1.1069780133789837,1.2533633746170099,0,0
2016-10-22 09:00:00,0.0,0.40651006,1.2800229,2.9369898,1.033064381043327,0.8042849575886482,0.8087424877933308,1.0971251596653742,1.1034216346793917,1.2047421602340649,0,0
2016-10-22 10:00:00,0.0,0.78813314,0.6021294,1.7816751,0.923492375619895,0.8571846305153723,0.804365873392928,0.9756121662549867,1.2248916760073512,1.2170568981350633,0,1
2016-10-22 11:00:00,0.0,0.49137542,0.8237474,1.3854334,0.5620062514368706,0.8766636806570782,0.7967623887832248,0.5093378875888704,1.2123973136933615,1.1783608494835107,0,1
2016-10-22 12:00:00,0.0,0.97120345,0.87703145,1.5825087,0.7502373574256368,0.891650869234482,0.785623575637583,0.7943486540646275,1.1864563001834594,1.1490024707508295,0,1
2016-10-22 13:00:00,0.0,2.8039212,1.9290704,1.4801348,1.4221667383665824,1.172829556993239,0.941669266160483,1.4788719889761108,1.7213933232302663,1.4178155484300332,4,1
2016-10-22 14:00:00,0.0,0.7020908,2.8005862,4.5936775,1.4924051896916017,1.0272057205642355,0.9696555618700142,1.5504344066833997,1.3825669545692565,1.4380696754211786,0,0
2016-10-22 15:00:00,0.0,1.4547819,1.1097817,3.6602035,1.6535979821519293,1.2019176697887828,1.0031013136887157,2.033209167933702,1.6134271361101808,1.491005684821825,0,0
2016-10-22 16:00:00,0.0,0.8736456,1.1388375,2.000438,1.01017272696639,1.2161697326664864,1.0366771815909295,0.8060848267829046,1.6420934580932114,1.5206705183407634,1,0
2016-10-22 17:00:00,0.0,1.108204,1.1719646,1.656833,1.1455437976653982,1.3189744936784997,1.0978190871677889,1.1303561278078067,1.7479048772184707,1.591010715208777,0,0
2016-10-22 18:00:00,0.0,0.4885858,0.84295434,1.7634972,0.8234784781271567,1.238538230139543,1.0650945496870121,0.8088798766461753,1.7787412752549172,1.5849614899668978,0,0
2016-10-22 19:00:00,0.0,0.51079655,0.56358963,1.1985565,0.7025287771758281,0.8563507520711091,1.0145901545321738,0.6943187378849267,0.9866219619872001,1.5724426159059446,0,0
2016-10-22 20:00:00,0.0,0.2938755,0.34521195,0.8634304,0.4310859282882013,0.7883148629767998,0.9077602917705178,0.38971806998696745,0.9886867938994118,1.438398932445354,0,0
2016-10-22 21:00:00,0.0,1.2314167,1.126215,1.3393064,0.6786962408231226,0.7510873594751397,0.9765025146319611,0.699324227382565,0.9872199679365794,1.5268969209222576,0,0
2016-10-22 22:00:00,0.0,1.028411,1.3560147,1.988613,0.8512344118070633,0.7768815944914457,0.9965256635789658,0.9235805387235511,1.0236891217293829,1.615988335685575,0,0
2016-10-22 23:00:00,0.0,0.26842,0.93647546,2.2260325,0.8427492556902293,0.6369175919892154,0.9779460428338577,0.9103712655476478,0.8137085657399601,1.6185030415113377,0,0
2016-10-23 00:00:00,0.0,0.69522727,0.6544147,1.4844425,0.6640194321686108,0.6713578364958669,0.9549480333177051,0.7417852207345516,0.8395537068573646,1.6278850914940757,0,0
2016-10-23 01:00:00,0.0,1.542309,1.2909254,1.624821,0.8353187645279125,0.8432765881674883,0.8498136701192985,0.9111683812242196,1.1630047372884054,1.2228636259385857,0,0
2016-10-23 02:00:00,0.0,1.2925373,2.2674313,3.286376,1.1766912079504315,1.0097202318203309,0.8990175473985654,1.3993992868185423,1.3694951596416134,1.3770758560349365,0,0
2016-10-23 03:00:00,0.0,1.4462897,2.2332525,4.381821,1.4270453372215102,1.0455323846950606,0.8983098720851003,1.8864108689067725,1.5395723575678928,1.4388034014543525,0,0
2016-10-23 04:00:00,0.0,0.898316,1.8201429,3.9871745,1.2123810272781441,1.0238498959030282,0.9003657451972371,1.5574999795829731,1.6066850325854671,1.4955374365663199,1,0
2016-10-23 05:00:00,0.0,0.5874933,1.1093522,2.7240713,0.9773663570713941,1.0770287825109128,0.8569731872500643,1.228827124950049,1.6091622277680637,1.4545061997687625,0,0
2016-10-23 06:00:00,0.0,0.65900326,0.81737065,1.8780409,0.7149375653534822,1.0709914512874963,0.8711746438916814,0.7897595313901392,1.6292058129594043,1.46768769429014,0,0
2016-10-23 07:00:00,0.0,7.2573,7.1557417,7.599858,2.834598684767401,2.0234898560227728,1.4333832220951304,4.314165530478245,3.7145187697920434,3.0677229809626483,8,0
2016-10-23 08:00:00,0.0,2.4089582,5.454263,12.497361,3.4417535375936903,2.2095599473325427,1.6096400895764365,3.953029809802702,3.511095375740386,3.1293329359102917,0,0
2016-10-23 09:00:00,0.0,1.2074989,1.4198653,4.5985436,3.624585400328035,2.1697614828407583,1.6076469337679093,3.628497432737649,3.286837289489144,2.9905763056918113,0,5
2016-10-23 10:00:00,0.0,1.1504625,0.5359372,1.780025,1.588973078715017,2.211785881741209,1.6178178888221195,0.9330346368205649,3.1142106060708,2.927700883813761,0,5
2016-10-23 11:00:00,0.0,2.2900908,1.3079201,1.3996227,1.549350691659019,2.495552114626355,1.7862904485686348,0.9417916810342465,3.3172610882642775,3.1091555652903025,1,5
2016-10-23 12:00:00,0.0,1.5703529,0.80018324,2.0922935,1.6703020577137802,2.6474437290209076,1.859217590154202,0.7169718083770593,3.159142923103066,3.096632037300356,0,5
2016-10-23 13:00:00,0.0,1.7604799,1.7363404,1.7071033,1.8736411834381235,1.731307131076569,1.8773984935496715,1.3428476967978098,1.4798409599469946,3.0421989738108817,0,0
2016-10-23 14:00:00,0.0,0.4602356,1.4447687,2.9181702,1.263689471346118,1.4065200815025685,1.8080400144175557,1.189938168794097,1.2531845456859145,2.904326694141311,0,0
2016-10-23 15:00:00,0.0,0.45140123,0.550552,1.8244526,0.8907055854379419,1.280503821575861,1.72513265220831,1.0600938336052175,1.285682939511507,2.7703019916849807,0,0
2016-10-23 16:00:00,0.0,1.1803752,0.9492743,1.2563804,0.6973374288134001,1.285489306125761,1.7486375939334846,0.7186715343748374,1.4031583888158101,2.686658991202249,1,0
2016-10-23 17:00:00,0.0,2.173545,1.9010091,2.1856048,1.2684405389676852,1.2660650051569016,1.8808085598916289,1.3128927914496347,1.3708877701485476,2.747548015299813,0,0
2016-10-23 18:00:00,0.0,3.0016336,2.5337434,3.6259902,2.1185179502548035,1.5046117678463717,2.07602774843364,2.0242274777537834,1.8542619797540931,2.727601037133382,3,0
2016-10-23 19:00:00,0.0,0.77897376,2.2313402,3.8770106,1.9847174242371017,1.3410274265252509,1.5361672788009104,1.7323137559435855,1.6912046144769162,1.6660149967563336,0,0
2016-10-23 20:00:00,0.0,0.39067024,0.45569956,1.8596438,1.390425870244581,1.329433204606133,1.367976643054351,1.458987999419785,1.6920830689561046,1.5973467355507378,0,1
2016-10-23 21:00:00,0.0,0.48454478,0.23335716,0.6251362,0.5513962936375445,1.3349571219461733,1.3077304717610176,0.30790285473073914,1.6300708769382934,1.5658980005326997,0,1
2016-10-23 22:00:00,0.0,0.2782637,0.38142583,0.58926636,0.3844929226320945,1.1846051734345984,1.2350472397801797,0.23681052231859176,1.4588466445692732,1.573889366734774,0,1
2016-10-23 23:00:00,0.0,0.40003812,0.20278144,0.5508316,0.38761554118415625,0.8890207057143683,1.0775428554356352,0.22328960502343662,1.1578170916303483,1.4532405970275504,0,1
2016-10-24 00:00:00,0.0,0.49591756,0.19352299,0.32133272,0.39140646521337313,0.47140137942545884,0.9880065736359157,0.1774571291876236,0.3317301289594599,1.4259692919408389,0,1
2016-10-24 01:00:00,0.0,0.5418824,0.38768515,0.5220919,0.4792793733858876,0.43188614800899094,0.8864567872671208,0.25541097725086576,0.27780749618217687,1.3041411232984417,0,1
2016-10-24 02:00:00,0.0,0.88109535,0.92481345,1.2490239,0.639631773028106,0.5136236571061311,0.9215284308561321,0.6028714384373062,0.5129711425014802,1.389033479164061,0,0
2016-10-24 03:00:00,0.0,1.359235,1.729827,2.4532673,0.9274042735784925,0.6594053693959329,0.9971812456710533,1.12204173645586,0.8305022869148542,1.4725433874766212,0,0
2016-10-24 04:00:00,0.0,0.6809294,1.1124172,2.7933624,0.9737532982285549,0.7265163358072213,0.9555607546209096,1.0665530853579754,0.8842741975137516,1.4313059594919713,0,0
2016-10-24 05:00:00,0.0,1.1177946,0.97317195,1.5452993,1.0526530804544416,0.8461424267412738,0.8675815662278211,1.027970195097052,1.0877616127716105,1.433754583904888,0,0
2016-10-24 06:00:00,0.0,1.2709514,1.4592934,2.3843277,1.023225170979888,0.9753147222791905,0.7233580508523246,0.9594980058224344,1.3254655798654056,1.0731235181478838,0,0
2016-10-24 07:00:00,0.0,1.1020612,1.3145744,2.5862477,1.1636024331257306,1.068677865677143,0.7502820068430669,1.0689891756635737,1.3747395978503283,1.105049965981758,0,0
2016-10-24 08:00:00,0.0,0.52265596,0.76126486,1.8742756,0.9652228582995862,1.008937969377014,0.7612808132415725,0.8361319598652726,1.14322135301694,1.1096197065530078,0,0
2016-10-24 09:00:00,0.0,0.67566794,0.5863758,1.0258783,0.7667950779436945,0.8950101244617913,0.7772077469288621,0.7100438757422368,0.9795913094612996,1.1606320537770431,1,0
2016-10-24 10:00:00,0.0,2.651152,2.5405207,3.0447564,1.2831586004625608,1.2233805167941456,0.9749484263006836,1.5521464423342242,1.5038054287791534,1.4805848303091727,5,0
2016-10-24 11:00:00,0.0,0.8813622,2.3413348,4.230338,1.4027273508651583,1.1839751045823725,1.0150587656618228,1.6328136426406743,1.496958866580725,1.5034577037542924,0,0
2016-10-24 12:00:00,0.0,0.5152327,0.6573277,2.5779414,1.349248908122859,1.0580219930332764,1.0166683576562334,1.5262581471094518,1.371710184153533,1.5183647792018238,0,0
2016-10-24 13:00:00,0.0,0.87360764,0.71687293,1.1479583,0.7567341895816944,1.0199463950221275,1.0443121303496352,0.5935495491216964,1.2835367483532134,1.49458792520947,0,0
2016-10-24 14:00:00,0.0,3.0138195,3.2070503,3.6861682,1.4675532581946589,1.4351403045299085,1.2220391369534611,1.913386423463362,2.1169371149515963,1.9448031955807068,5,0
2016-10-24 15:00:00,0.0,4.8180885,6.576088,9.319485,2.901838498498146,2.1255437033105022,1.5102769138861474,4.144302990079458,3.604984052623547,2.868251884104317,5,0
2016-10-24 16:00:00,0.0,1.516583,3.9274352,10.074145,3.1161636042146035,1.9364488968981486,1.579914706846147,3.796991258059333,3.059983488110026,2.8754164186251896,0,0
2016-10-24 17:00:00,0.0,0.9416755,0.9285744,4.0754466,2.425448979115494,1.9465011186550762,1.5652381116187242,2.4560811207610134,3.0362513079485636,2.8296804894335224,0,2
2016-10-24 18:00:00,0.0,1.2725949,1.2027569,1.4958296,1.243617869298348,2.0727281838982474,1.5653750884657616,1.0868437664322939,3.198469545425081,2.8368084003340597,0,0
2016-10-24 19:00:00,0.0,1.6376728,1.1688173,2.0815575,1.283981086636095,2.200072345425349,1.6100093702237386,0.9610873113347562,3.2934495365853134,2.8795866939435326,0,0
2016-10-24 20:00:00,0.0,1.1269507,1.3768742,1.8252354,1.3457394635950233,1.8855942213552583,1.6603672629425836,1.148482299760307,2.529635429130647,2.946933197924092,1,0
2016-10-24 21:00:00,0.0,1.7263696,0.9916939,1.9162811,1.496997643959963,1.3703077566291555,1.7479257299698292,1.1896187057344247,1.5166536011042664,3.0866581120727026,3,0
2016-10-24 22:00:00,0.0,2.6736002,3.5641365,4.186967,1.8423068176074202,1.5631439521217567,1.7497964245099533,2.0927431155603373,1.9791963296241806,3.182643679903163,1,0
2016-10-24 23:00:00,0.0,1.2210981,1.5932643,4.98874,1.8736892787440929,1.6097143711695578,1.7781077449123168,2.0110273696513716,1.95934672800579,3.2241804663179416,0,0
2016-10-25 00:00:00,0.0,8.385624,7.473707,8.731489,4.093440687271916,2.7952191656159395,2.433973674757093,4.750148184449584,4.419607859394114,4.885028682179894,10,3
2016-10-25 01:00:00,0.0,1.7308803,6.955364,14.33608,3.7792006710436543,2.810753744325537,2.505413044875443,4.276769526473493,4.192362817182429,4.874362155574171,3,5
2016-10-25 02:00:00,0.0,0.7657249,1.6530534,6.0729327,3.627409620485507,2.7505494496147995,2.3180718354850294,4.548365394446117,4.149296520882213,4.283587116864419,0,1
2016-10-25 03:00:00,0.0,0.8488545,0.6199715,2.0939891,1.115153171196936,2.604296929234426,1.9873023429317906,1.1029317432679149,3.687668326208748,3.4638618974351583,0,1
2016-10-25 04:00:00,0.0,0.65343606,0.90418845,1.2140883,0.7560051572076292,2.2676029141256406,1.9153734331236985,0.6552820731935176,3.570942916253637,3.3931839832914132,0,0
2016-10-25 05:00:00,0.0,0.8788049,0.5437516,1.2737033,0.793698505772361,2.210554063128934,1.910134217149245,0.6279313069847827,3.669803854209629,3.367259192648009,0,0
2016-10-25 06:00:00,0.0,0.8380646,0.70248175,0.9214666,0.7901018791964691,0.9526275251967025,1.8739233454063218,0.544468677160479,1.1533224596717686,3.3384814637222067,0,0
2016-10-25 07:00:00,0.0,0.56895125,0.92041546,1.4647895,0.7619402673160439,0.7589727122618366,1.7848632282936867,0.6026617501516306,0.7645350228760629,3.2668963520569294,0,0
2016-10-25 08:00:00,0.0,0.40426433,0.41927993,1.221976,0.6037600514728958,0.6987292786226281,1.7246393641187139,0.5943691163842448,0.6890649232921255,3.227038376388383,0,0
2016-10-25 09:00:00,0.0,0.66745424,0.48137426,0.759196,0.5468899104523096,0.6684958948243893,1.6363964120294086,0.3872568398222098,0.6433207814420864,2.99944012156555,1,0
2016-10-25 10:00:00,0.0,0.44759068,0.50520265,0.9130985,0.5064363947842998,0.634188331050172,1.450895622587906,0.373023740956308,0.671580520660702,2.8118817626312196,0,0
2016-10-25 11:00:00,0.0,1.0025641,0.79828554,1.2766129,0.7058696397232767,0.6548148455980862,1.4326844543635104,0.536256876499109,0.727021136502414,2.8062281587043647,0,1
2016-10-25 12:00:00,0.0,1.2966074,1.5748117,2.182629,0.9155873379849669,0.7312386242186384,0.8419330747076706,0.9475715283270555,0.808933855208426,1.0586223040251983,0,0
2016-10-25 13:00:00,0.0,1.3291575,1.4754243,2.59534,1.2094429316749984,0.8579396632296491,0.8084561877457427,1.2523147194399264,1.0086167969307316,0.9558232900024959,1,0
2016-10-25 14:00:00,0.0,1.7066466,2.0235612,3.0320551,1.4441371150044353,1.075003377363856,0.8868663279932422,1.5381235544976326,1.2573822737203202,1.124167128736582,1,0
2016-10-25 15:00:00,0.0,1.2814702,1.2866484,3.2779205,1.439091435687933,1.1773393868364503,0.9229176408304195,1.1975376853032424,1.276144376646462,1.1391168113654138,0,0
2016-10-25 16:00:00,0.0,0.528242,1.2760793,1.7584788,1.1721195974702132,1.190781264572606,0.9124847978113887,1.0861467798388036,1.3547447566310262,1.1547668607019852,1,0
2016-10-25 17:00:00,0.0,1.4499832,1.3527611,2.5374777,1.086565145302996,1.2653511301537161,0.9600829878759012,1.362922329467247,1.711925155621414,1.4135588734826063,0,0
2016-10-25 18:00:00,0.0,0.7308302,1.425867,2.5664954,0.903018491318016,1.1710549635029746,0.9511467938608065,0.9733175018366876,1.5590228341302632,1.379752651074249,0,0
2016-10-25 19:00:00,0.0,0.40996552,0.6081681,1.5987589,0.8635930291090146,1.017856313289614,0.9378979882596317,0.9506350513812485,1.3789839670990107,1.3843029862430163,0,0
2016-10-25 20:00:00,0.0,1.0987386,0.97906804,1.3734397,0.746511466556886,0.9165383059299412,0.9957708416468988,0.8252371618353569,1.3806071041778687,1.5583345179663288,0,0
2016-10-25 21:00:00,0.0,2.0125444,2.6942804,3.5521002,1.1737494822657537,1.0383839867918843,1.1078616868141677,1.5961144394406703,1.691087970879455,1.7799265742939816,4,0
2016-10-25 22:00:00,0.0,0.72136706,2.0378792,4.465927,1.2775499815948836,1.070571505351949,1.1306763849622774,1.738755043638944,1.7285150008912555,1.8006523282172036,0,0
2016-10-25 23:00:00,0.0,0.4345606,0.78160036,2.5712273,1.0561573500848203,0.9013344083208531,1.0833427692372843,1.2227178762589106,1.3948237230498879,1.777691925505247,0,0
2016-10-26 00:00:00,0.0,2.4048095,2.1108596,2.8015146,1.1869123620599265,1.1803309221628397,1.1756929428329073,1.5065025959823812,1.8931088209008349,1.942583215794926,0,0
2016-10-26 01:00:00,0.0,0.65153617,2.260238,4.204243,1.1636353938646513,1.2205926877297673,1.1192245005096908,1.3839269658458866,1.9257471302304174,1.8827926415477643,0,0
2016-10-26 02:00:00,0.0,0.46150047,0.6052693,2.3710284,1.1726153465541187,1.1143863483194691,1.0154623271247052,1.44965927593268,1.621114437924337,1.7056705257494582,0,0
2016-10-26 03:00:00,0.0,2.0086875,1.965805,2.3078659,1.0405747639027283,1.1137435629813275,1.076063774886606,1.3511024462099352,1.652672632190738,1.9484482871130941,0,0
2016-10-26 04:00:00,0.0,0.65128917,2.0713358,3.753582,1.0404924227699113,1.102063908317281,1.086317706834615,1.3168572104399399,1.6456990199735133,1.9285635324796586,0,0
2016-10-26 05:00:00,0.0,0.5657688,0.6008686,2.357979,1.075248512560158,1.123931929557138,1.0126331689389956,1.3103440419046293,1.6658617674304774,1.8366655880440286,0,0
2016-10-26 06:00:00,0.0,1.2365174,1.2674717,1.7464836,0.8178584148936426,0.9292165893981857,1.0547737557805128,0.8409621663144405,1.377338141051859,1.868478085396709,0,0
2016-10-26 07:00:00,0.0,2.620233,2.545586,3.1909447,1.47417312340081,1.2573327730853607,1.2389627304075643,1.7448067521140234,1.9787777702364515,2.2805359835084222,5,0
2016-10-26 08:00:00,0.0,1.3672632,3.0350373,5.3305144,1.7413379136591636,1.4082932131096606,1.2613397807145648,2.09451825241398,1.9955928694698952,2.2422146930023583,0,0
2016-10-26 09:00:00,0.0,0.5705082,1.3569816,3.9694293,1.519334868902153,1.168596641897898,1.1411701024396128,1.9749613829490384,1.784512978075327,1.984528699083887,0,0
2016-10-26 10:00:00,0.0,3.6374092,3.3157115,4.3618703,1.858393577040232,1.6662833502205212,1.3841736292689015,2.398340581812662,2.865421219942405,2.5178552244710635,4,0
2016-10-26 11:00:00,0.0,3.092427,3.2948203,5.9204373,2.4334482239204975,2.08739306878983,1.6056624991734845,2.524930014210831,3.2201381981203587,2.6926616448113103,2,0
2016-10-26 12:00:00,0.0,1.7127758,2.4318168,4.3005867,2.814204086663542,2.166769477782847,1.5479930335905165,2.4233168939119194,3.056881983327265,2.6812603598000213,0,3
2016-10-26 13:00:00,0.0,2.6573768,2.3819132,3.5837338,2.487526553721139,2.172960065380686,1.715146419233023,2.4655268027338537,2.888888175517961,2.8467822595454626,2,0
2016-10-26 14:00:00,0.0,0.41316986,2.4831328,4.2593656,1.594440826190533,2.0139445250555146,1.7111188690825876,1.7582028552203866,2.7144981084269304,2.847707166589275,0,0
2016-10-26 15:00:00,0.0,0.7031219,0.7699055,2.9772723,1.257889516919395,2.0360468017914686,1.6023217218446832,1.590470015347993,2.688430422197449,2.691684715824158,0,0
2016-10-26 16:00:00,0.0,2.4194329,2.1574004,2.4198763,1.1785747968744134,1.8330506752977767,1.7496670127591487,1.3670276365306755,2.5616437371158445,2.8900677273221596,4,0
2016-10-26 17:00:00,0.0,0.60591036,2.4295416,4.3327765,1.242821601897493,1.4186312140440132,1.7530121414169215,1.4928353383083635,2.0244017430334478,2.9108101399713004,1,0
2016-10-26 18:00:00,0.0,0.3646201,0.3543319,2.646406,1.129987676489342,1.1939385967043683,1.680354037243608,1.4306117611471967,1.87811552153013,2.870293568340406,0,0
2016-10-26 19:00:00,0.0,1.3427205,1.3222816,1.4837357,0.7710836167368527,0.9748292068056326,1.5738946360931594,0.8799619218783425,1.50829828498073,2.576830961568739,0,0
2016-10-26 20:00:00,0.0,1.0343862,0.6023422,1.8004533,0.9139089135242298,1.0783652577108613,1.546154891383188,0.8138784944744817,1.5680835932913475,2.5949776779308573,0,0
2016-10-26 21:00:00,0.0,0.38432854,1.189904,1.4809277,0.9204783855687352,1.0252330310290383,1.530639916410253,0.8372788704144004,1.5937856717226573,2.5969622448723446,0,0
2016-10-26 22:00:00,0.0,0.58471566,0.7533953,1.812069,0.6678101220625885,0.7194468693997207,1.2762487723487486,0.9387977480942623,0.9975430379250585,2.272395720365869,0,0
2016-10-26 23:00:00,0.0,0.7701313,1.1792583,1.8916028,0.5797251989715311,0.7468170562478805,1.082724135145947,0.7875681536673105,1.1261481645569216,1.9247558696559948,0,0
2016-10-27 00:00:00,0.0,2.0404184,2.2971258,3.2018163,1.131755183309603,1.026116784439169,1.110027690571769,1.6378416369311302,1.6952145548879953,2.086790090260076,0,0
2016-10-27 01:00:00,0.0,0.74422455,1.4451367,3.6366982,1.1849248219208564,0.9263674719917224,0.9505983393986775,1.2955937461482625,1.5223929545736252,1.7784940969184722,0,0
2016-10-27 02:00:00,0.0,0.53004193,0.6910461,1.3664333,1.1048949892126616,0.8423100940920966,0.9603376759014787,0.995855052528973,1.251842940265656,1.7835517669719392,0,0
2016-10-27 03:00:00,0.0,1.7548337,2.0124407,2.6123827,1.0097000674552614,1.0707276253824325,1.0479803282057354,1.3750757063420396,1.6046383648592322,1.8937176280529724,3,0
2016-10-27 04:00:00,0.0,0.9040435,2.0816653,4.006721,1.0629730294441646,1.1239489256825108,0.9216978975411156,1.37975119386522,1.6267199664071095,1.607401256464804,0,0
2016-10-27 05:00:00,0.0,1.7541777,1.6900051,3.1015165,1.4710182421738076,1.2879566156932347,1.0173868359705573,1.8145163339443522,1.8348528744534038,1.7541599299763078,4,0
2016-10-27 06:00:00,0.0,0.23561288,1.6309786,3.2094307,0.9646113075014987,0.9871556874783799,1.0066362359587744,1.1181502895642927,1.504300869338289,1.7465413153895468,0,0
2016-10-27 07:00:00,0.0,1.2131745,1.0708665,2.638512,1.0676549685591707,1.0653139990016678,0.995840735496695,1.4243455167115462,1.6258883824547838,1.7932762576082315,0,0
2016-10-27 08:00:00,0.0,0.9287952,1.3285252,2.2255323,0.7925275268348778,1.1317728845043424,0.9870414892982193,0.8636437500933863,1.6912176847523144,1.7037978455670162,0,0
2016-10-27 09:00:00,0.0,1.0481843,0.7261606,1.4486307,1.0633847056771857,1.0139980065893417,1.042362815985887,0.9936908653931745,1.316133437242029,1.7560031165677024,1,0
2016-10-27 10:00:00,0.0,0.558652,0.77111894,1.3731947,0.8452105423438501,0.9564327554515103,1.0401908405670106,0.584961057455719,1.2739475773549933,1.7407358140895575,0,1
2016-10-27 11:00:00,0.0,1.1441121,0.93566656,1.3476439,0.9169827958440557,0.8547551613394667,1.0713558885163503,0.8760018237265981,1.0562199025514194,1.7338376013693806,0,0
2016-10-27 12:00:00,0.0,0.6977323,0.8317273,1.653728,0.8001654014890869,0.9317750535831363,0.959465370530758,0.6077680753448644,1.061633994199017,1.511297918053852,0,0
2016-10-27 13:00:00,0.0,0.34246236,0.48896655,1.0595421,0.7281022001632738,0.7866563712535622,0.9259851851276153,0.6377625482129288,0.7711992803205768,1.419825729486934,0,0
2016-10-27 14:00:00,0.0,0.39032584,0.22068039,0.6001803,0.4768401370882981,0.6969114664661771,0.9143421754852598,0.35835253102729736,0.7240387196021374,1.4146317523007577,0,0
2016-10-27 15:00:00,0.0,0.56610566,0.34748405,0.39388835,0.4329646081117593,0.616565004800423,0.8152815056948828,0.26491760600938047,0.5858260096182174,1.1701403009945694,0,1
2016-10-27 16:00:00,0.0,1.1250188,1.0189077,1.0639946,0.693816785416631,0.7109594927899529,0.8336961241207314,0.6522177592224515,0.745862013762164,1.1480854734233457,0,0
2016-10-27 17:00:00,0.0,1.5208733,2.0270886,2.897698,1.070665996539084,0.7737530668136906,0.8142541140765786,1.2999653140584286,1.0181003554563854,1.1979163754310895,1,0
2016-10-27 18:00:00,0.0,1.4538964,1.5597962,3.3761022,1.366596271295882,0.8997804397038208,0.9157777466434784,1.4043923230159372,1.1757058975435775,1.2720659736034652,0,0
2016-10-27 19:00:00,0.0,0.5678098,1.208584,2.1231647,1.1808599061465779,0.9373383457816046,0.8619973585175831,1.1631772723468572,1.2185434516760973,1.1644332320961377,0,0
2016-10-27 20:00:00,0.0,0.26244268,0.55347997,1.4054774,0.7613829833700422,0.9160244899545629,0.8064679782103699,0.8432175448253209,1.2394816280285679,1.1593291323203265,0,0
2016-10-27 21:00:00,0.0,1.1599385,0.9455901,1.3308923,0.6633969788132088,1.014996625054545,0.8157808149274842,0.7768155860860589,1.3228061389407826,1.168858121234499,0,0
2016-10-27 22:00:00,0.0,1.0678412,1.5725662,2.3592894,0.8300741139135261,1.0054670100300518,0.8582132514100023,0.9757194764395835,1.3139758132437942,1.2419931102347745,0,0
2016-10-27 23:00:00,0.0,0.56063694,0.62208074,2.0779564,0.9294722125370126,0.8454275979535276,0.8095903323836089,0.9149095064478849,1.038382659935926,1.2050281253444117,0,0
2016-10-28 00:00:00,0.0,0.70478845,0.6889593,0.87283325,0.7777555684659493,0.7205762736395789,0.8101783566716999,0.628869000581255,0.9155699431651615,1.1972557002982145,0,0
2016-10-28 01:00:00,0.0,0.55680275,0.63438964,1.0867786,0.6074094259525707,0.7187417699330485,0.8280400578573263,0.5330245146904734,0.8209111509446736,1.1900369840785812,0,0
2016-10-28 02:00:00,0.0,0.35500184,0.5364728,0.95085675,0.5388643889116991,0.7341683007243557,0.8250963953394592,0.5080123265070385,0.8580701680308253,1.1876982472490871,0,0
2016-10-28 03:00:00,0.0,1.1421268,0.98246187,1.4280999,0.6846438587391707,0.7311997136025599,0.8730981693285527,0.694843413517275,0.9105261276339369,1.2677776204733695,0,0
2016-10-28 04:00:00,0.0,0.4300457,1.1846329,2.1061025,0.642391507333699,0.6249004666431347,0.8151837383365936,0.697771630615567,0.8027378770463343,1.1937692608217412,0,0
2016-10-28 05:00:00,0.0,0.41400263,0.39687023,1.5084469,0.6620584111262513,0.6004614000189751,0.7229444989862511,0.7293007560382567,0.7540701363855363,1.0062401154138265,0,0
2016-10-28 06:00:00,0.0,0.76888096,0.74580425,1.0933373,0.5376430930766727,0.6111434759079214,0.6658598747737503,0.4940572448521991,0.7868919288642962,0.9843558416195108,1,0
2016-10-28 07:00:00,0.0,1.8014839,2.0173717,2.4723566,0.9947891728421854,0.818590340087942,0.7686660550104952,1.2697254105751106,1.1552593450524609,1.2010200368421264,0,0
2016-10-28 08:00:00,0.0,4.2089963,4.4360228,6.0227532,2.2597870367550246,1.4609227239406382,1.0975455123324969,2.9746157877308246,2.365572607377412,2.0714876474076394,5,0
2016-10-28 09:00:00,0.0,1.333355,2.9712253,6.690895,2.4479450186195972,1.4927940558481347,1.1119968847253474,2.537159748168272,2.23279615313819,1.9914626463231353,0,0
2016-10-28 10:00:00,0.0,0.629241,0.92908865,2.2927303,2.0571973713045297,1.5259932720733576,1.0754468693582464,2.0168198555182917,2.2067411366689598,1.876965648615922,0,0
2016-10-28 11:00:00,0.0,1.1198123,1.0032389,1.481594,1.0274693930526422,1.6436282149038333,1.1220448074614044,1.012027704266969,2.4087645736537793,1.9605931705091253,0,0
2016-10-28 12:00:00,0.0,0.7404944,0.83654743,1.8156561,0.8298492077261529,1.6388971131728751,1.1250202945403982,0.5966508203206373,2.2260388211674917,1.9187788774188075,0,0
2016-10-28 13:00:00,0.0,2.051784,1.4930505,2.0691192,1.3040302156755863,1.680613793490058,1.249602066789,1.212144443785225,2.271428023247763,2.1144338926032287,0,0
2016-10-28 14:00:00,0.0,2.4090302,2.152156,3.0802147,1.7337695366153736,1.3806194648340082,1.420771094387323,1.5588016986215794,1.5524426899402588,2.263665091303437,0,0
2016-10-28 15:00:00,0.0,1.1705126,1.8824546,3.5627122,1.8771089207997373,1.3534790642629455,1.4231365600555403,1.476370160542475,1.4507804886001383,2.2640174067964103,1,0
2016-10-28 16:00:00,0.0,1.4441891,1.3316423,2.4727752,1.6745772905351524,1.4893037531053694,1.5076485125893637,1.536181631408087,1.5441038492206414,2.3362848831788128,1,0
2016-10-28 17:00:00,0.0,2.3402643,2.6071968,3.684157,1.6516553382701664,1.6927124374427704,1.6681703261733019,1.6443508188277607,1.649245533218437,2.456179526291102,1,0
2016-10-28 18:00:00,0.0,2.1598399,2.0390437,3.3265758,1.9814311436277543,1.9292700322137453,1.7840835726933106,2.009171548045558,1.9103152454549603,2.4625162452260985,0,0
2016-10-28 19:00:00,0.0,4.860296,3.0729632,3.4030893,3.120133292007256,2.3973552912712046,2.0389845423806316,2.6537939144026157,2.8085713171849505,2.6068249525446636,5,5
2016-10-28 20:00:00,0.0,1.2335811,3.8806717,6.6770267,2.751238875598193,2.2014471069341788,1.7910332858840938,2.302447070459694,2.7054958578062474,2.3948106602220127,0,1
2016-10-28 21:00:00,0.0,0.53655404,1.0541167,4.1067386,2.2101435742466538,2.095787358937203,1.7246332116000744,2.6223015235801608,2.701744594769362,2.432875815185464,0,1
2016-10-28 22:00:00,0.0,0.66751224,0.66389936,1.5879,0.8125491180435627,1.9663412050254092,1.7278224790653898,0.8218076119900019,2.468546588722046,2.442417561288936,0,1
2016-10-28 23:00:00,0.0,0.77390295,0.7153706,1.1562314,0.6593230661669657,1.7052809708825793,1.6989967041626746,0.4986893505320651,2.2279696373488336,2.4010602961640912,0,0
2016-10-29 00:00:00,0.0,1.6346062,1.253489,1.7870499,1.0253405398471498,1.6177420570469017,1.7735060446303237,0.9059628890292002,2.3933545586039444,2.4436274320220903,0,0
2016-10-29 01:00:00,0.0,0.9409351,1.0452043,2.110103,1.1164815073954475,0.9645153127195052,1.680935301995355,0.7851448166048133,0.9893032178954388,2.3604842685008647,0,0
2016-10-29 02:00:00,0.0,0.72153467,0.3086241,1.0081671,1.099025414886843,0.8791742405269045,1.540310673730542,0.6858789789090581,0.7444792606181205,2.2145398493049036,0,0
2016-10-29 03:00:00,0.0,0.8227485,0.98112273,0.9666999,0.8284060839870886,0.9268733119171192,1.511330335427162,0.6336591019200589,0.8097741770654345,2.203289023271915,0,0
2016-10-29 04:00:00,0.0,1.5869772,1.6767316,2.503118,1.0437534723073056,1.0801174898513766,1.5232293474383929,1.10341900572957,1.1157297044901937,2.1776050588053018,0,0
2016-10-29 05:00:00,0.0,1.5099621,2.0898752,3.4646397,1.3065625824728646,1.202793998679854,1.4540374847812163,1.470764959600484,1.3243869747776016,2.1961419490160217,0,0
2016-10-29 06:00:00,0.0,2.3382676,2.668662,4.214834,1.8117356460801841,1.3200708650336368,1.4689064610402693,2.1044073587645062,1.7821733000992757,2.523693833406995,2,0
2016-10-29 07:00:00,0.0,0.3890076,2.0648496,4.6766386,1.4124124209344822,1.2280829466208933,1.0962991296701994,1.716432510141531,1.782866823921096,1.595276894537925,0,0
2016-10-29 08:00:00,0.0,1.5065409,1.3137134,3.245235,1.4112720714812694,1.3589173269770671,1.119045783751986,1.8303710107154578,2.0429764430197257,1.683870143447225,0,0
2016-10-29 09:00:00,0.0,0.82933384,1.6312538,2.6683097,0.9082941097342904,1.3600148779072376,1.1434440949121782,1.0316477188046909,1.9299480941858589,1.6850503503766499,0,0
2016-10-29 10:00:00,0.0,1.8027645,1.4896669,2.6915314,1.3795464442557361,1.3959794325951094,1.2380484612232427,1.627012475792819,2.0007941919776915,1.807252208361283,0,0
2016-10-29 11:00:00,0.0,1.6549656,1.6420524,2.6632347,1.4290213071977604,1.4201466893395152,1.3114703440096844,1.2241789666082994,1.9687613449726382,1.8369109592485937,0,0
2016-10-29 12:00:00,0.0,1.5271785,1.0286683,1.7045761,1.6616362106554068,1.2849651601948486,1.3025180126142424,1.2393060585997278,1.6039728621205023,1.9317407752111895,1,1
2016-10-29 13:00:00,0.0,1.1274654,1.6308193,2.450568,1.436536460308549,1.4080414522821427,1.3180621994515183,1.1266782641457755,1.6571016210965837,1.9721772887873585,0,0
2016-10-29 14:00:00,0.0,2.293262,1.8935323,2.6449418,1.6493019368522086,1.5391616220249846,1.4490394745010258,1.7500162791750216,1.7386220938555916,2.1950928005235038,1,0
2016-10-29 15:00:00,0.0,0.38090107,2.212977,3.9117525,1.2672094716212579,1.4644228411383324,1.412218859522785,1.3599737368859577,1.758450583307486,2.1769244560013266,0,0
2016-10-29 16:00:00,0.0,0.56712,0.57605857,2.645685,1.0804276899945326,1.2584820751515409,1.3272307538733252,1.4275349844715948,1.588727202824159,2.1387713089437645,0,0
2016-10-29 17:00:00,0.0,1.4230243,1.3725872,1.7531059,0.79034843734107,1.2198251870966392,1.319985938218077,0.9349945879355511,1.7811537863105158,2.139168897616775,0,0
2016-10-29 18:00:00,0.0,1.1147606,1.6748127,2.9642568,1.0349682480405873,1.1510888598309224,1.218027010012886,1.1109464975424708,1.6333447385746116,1.8741576558942084,1,0
2016-10-29 19:00:00,0.0,0.6529722,0.6460445,2.025907,1.0635856538876907,1.0720066719411117,1.2400240621116274,1.0609264031960386,1.5687633175558202,1.887292141049032,1,0
2016-10-29 20:00:00,0.0,0.6590504,0.7822233,1.1156851,0.8089277368127191,0.7996380870768945,1.1693998545509394,0.6243176926430444,1.0039466607084155,1.698427151754633,0,0
2016-10-29 21:00:00,0.0,0.40137136,0.5441028,1.2365665,0.5711313581664857,0.8030498031035366,1.133736322120935,0.5436539287788241,0.9886118164479938,1.711229625041029,0,0
2016-10-29 22:00:00,0.0,0.62343645,0.4745448,0.8547349,0.5612860677190037,0.8124358608033471,1.0354589679774442,0.5211531666035374,1.0197863838310621,1.6281302828523259,0,0
2016-10-29 23:00:00,0.0,0.67448163,0.62759334,0.90581435,0.5664297977297974,0.6876787672712582,0.9537519771839486,0.4414233677287177,0.6471983965377446,1.561862114295181,1,0
2016-10-30 00:00:00,0.0,0.61875856,0.3951066,0.7758673,0.6388922108187609,0.6050117844926232,0.8780503221617729,0.43203596687204987,0.5529807092305664,1.3506911141136657,1,1
2016-10-30 01:00:00,0.0,0.52281016,0.48411322,0.8543234,0.6053501441595492,0.5833181059392767,0.8276623889401945,0.3374750348072845,0.5437149530410584,1.2741469190328478,0,1
2016-10-30 02:00:00,0.0,1.8150991,1.5431842,1.8787538,0.9855559865712896,0.7759928921505432,0.7878154896137187,1.0232046152537182,0.9080928556059182,1.1451149983660092,3,1
2016-10-30 03:00:00,0.0,2.4548862,2.5253522,3.5634773,1.5975984470905757,1.1182453289546685,0.9606475660291024,1.6710643076791618,1.4555195350354466,1.3575631447718324,0,1
2016-10-30 04:00:00,0.0,0.48438805,2.1006117,4.0038266,1.5847910842037598,1.095070614181654,0.9537532374925004,1.6895452262119357,1.4063231522988109,1.361399871882268,0,1
2016-10-30 05:00:00,0.0,2.2913315,2.1076415,4.0547605,1.7435352468993197,1.3645456167353045,1.0261121920032812,1.8081046397702372,1.8799167095629281,1.6078332682519036,1,0
2016-10-30 06:00:00,0.0,0.8485111,2.6774268,4.6494403,1.2080769637387403,1.4028377054146581,1.0039247449536406,1.5855742837419546,2.0039295880499526,1.6923597883295436,1,0
2016-10-30 07:00:00,0.0,1.6387597,1.9240522,4.425145,1.5928674962207117,1.5888292902122358,1.0860736980757562,2.0533064118640203,2.326970664624844,1.8790278239150566,0,0
2016-10-30 08:00:00,0.0,3.3522143,3.1917145,4.4492717,1.9464950017190434,1.8450151243091817,1.310504008229862,2.415215911261151,2.7218621823202285,2.3882655185411235,5,0
2016-10-30 09:00:00,0.0,2.0923946,3.6763859,6.040398,2.3611228569336173,1.7845999103361792,1.4514226196454239,2.5652011785083335,2.660236242208349,2.601678007360463,1,0
2016-10-30 10:00:00,0.0,1.369846,1.4537739,4.4078503,2.2714849977786544,1.9321762469996835,1.5136234305906684,2.3001671964876094,2.7008460493590456,2.598997692505432,1,2
2016-10-30 11:00:00,0.0,2.0600562,1.2908524,2.547418,1.8407657055099418,1.8936303536144927,1.6290879851748985,1.1204132585015918,2.4666093773290383,2.704633120349332,2,2
2016-10-30 12:00:00,0.0,2.1332686,0.7289387,1.5063466,1.8543903239217112,2.107756590427665,1.755297147921161,0.8715575887484036,2.2948173079903125,2.7291760876729727,2,2
2016-10-30 13:00:00,0.0,6.7593994,5.3918643,5.294687,3.6509083024024878,2.9611966500905713,2.275012970151404,3.2996371538309806,3.42539083216762,3.635636110915259,6,3
2016-10-30 14:00:00,0.0,27.584967,22.577042,18.459167,12.159211519255049,6.999988612382495,4.4225018683458375,14.703705194007895,11.351098739083803,9.254603471579001,19,3
2016-10-30 15:00:00,0.0,6.5982246,25.939394,47.959667,13.647530164215405,7.750960244068559,4.767780077202369,15.418432992700932,12.09086121713862,9.663014399085007,13,3
2016-10-30 16:00:00,0.0,4.567328,4.819016,29.363218,12.916839496653504,8.283873899527997,5.10802507326384,16.917161721549217,12.489742300619524,9.9385687070142,7,4
2016-10-30 17:00:00,0.0,7.674535,4.73233,8.515466,6.280029084156625,9.219620301705834,5.556625327660163,4.598685170462859,13.205817391685427,10.352958335313367,13,6
2016-10-30 18:00:00,0.0,4.3290977,4.5287294,7.944532,5.523653487162021,9.585591825688713,5.8466742080581895,3.43582524302946,13.126512962948134,10.312333403373305,3,6
2016-10-30 19:00:00,1.0,3.6668234,1.9224555,4.5098743,5.223485371670298,9.0701624341619,6.015679542126235,3.186278849574905,13.138533387342479,10.13374153029572,3,5
2016-10-30 20:00:00,1.0,4.9801297,5.0834293,6.0189853,4.325350420663445,5.3026897524100365,6.151339182396265,3.5687138066798063,5.179292671836533,10.734728351236352,5,2
2016-10-30 21:00:00,1.0,0.6713053,4.495392,7.4538875,3.1060862711566695,4.314869879159345,6.032915061613951,3.506987045688068,4.769856236166141,10.785132517317862,1,1
2016-10-30 22:00:00,1.0,1.3282894,1.3573784,5.22446,2.326574797778759,3.7750300847245284,6.029451992126263,3.052088877424326,4.812914533166875,10.931735913642072,1,0
2016-10-30 23:00:00,1.0,0.8989192,1.170089,2.4050484,0.9661712045877485,2.645760812625596,5.932690557165717,0.8944232331516715,3.4832024844222227,10.96836394134014,0,0
2016-10-31 00:00:00,1.0,0.55009824,0.6393533,1.5618082,0.9257688608058424,2.0159275659812557,5.8007596958349845,0.7917833074115709,2.985831135000072,11.021657341722314,0,0
2016-10-31 01:00:00,1.0,1.1735814,0.85964197,1.3147702,0.874199553489731,1.6003871756342452,5.335274804898072,0.7283011192023721,2.489412132575226,11.031882076648158,0,0
2016-10-31 02:00:00,1.0,2.0701368,1.6732624,2.0772088,1.264605489673945,1.1153883471308463,3.2090390497704417,1.2045246541084245,1.392490343069838,4.664132391539959,3,0
2016-10-31 03:00:00,1.0,2.571698,1.4161268,2.5916705,1.9384719481782922,1.4321204044920672,2.8734951418257055,1.4559074772367124,1.6321662012951275,4.155374183331798,5,2
2016-10-31 04:00:00,1.0,1.6566093,1.7960938,2.6845388,2.099481259117077,1.4868404063034037,2.6309352455139656,1.3936532365298289,1.4697700403206337,3.9438849893734327,0,2
2016-10-31 05:00:00,1.0,3.5188296,2.9671705,4.0480876,2.582378803590825,1.9234921466323849,2.28462647962899,2.299695080953767,2.0350302364888653,3.510120234836523,2,2
2016-10-31 06:00:00,1.0,1.5911825,3.5501971,6.3184795,2.25554047539684,2.097006211787566,2.0564668888844104,2.2258099317257107,2.1524569194911636,3.2966984943563493,1,0
2016-10-31 07:00:00,1.0,0.93723583,1.629364,4.352394,2.015749334567879,2.057615296842478,1.8290012362383612,2.2549432831339624,2.1719063566739893,2.9918858251381946,0,0
2016-10-31 08:00:00,1.0,0.4580898,0.7688909,2.0265167,0.9955027537810461,1.7889407786859353,1.4521645629083908,1.0101197481595299,2.103389654421796,2.001639230386633,0,0
2016-10-31 09:00:00,1.0,0.46421766,0.37576047,0.9884756,0.6198477593812555,1.437694117389048,1.4349072609405578,0.5599835666209274,1.8359418456933538,1.971542392322541,0,0
2016-10-31 10:00:00,1.0,1.3704815,1.2785182,1.6017281,0.7642629622024224,1.3900061483851511,1.4384232773442776,0.85464313359303,1.8695001680160614,1.870917106741952,2,0
2016-10-31 11:00:00,1.0,1.2024181,1.2375057,2.2790663,1.0123724064364665,1.003937580108756,1.46371486337057,0.9774360819490125,1.1785791577172366,1.880895578733293,0,0
2016-10-31 12:00:00,1.0,14.309369,13.977658,15.046451,5.627422447410203,3.1236351033957295,2.6103206575916476,8.108791612694214,6.031592199255691,5.174173044339336,7,1
2016-10-31 13:00:00,1.0,18.710838,12.38702,23.1915,11.40754134578575,6.085902153994087,4.071758725418283,11.738546814735491,9.677132853708107,7.671267214448148,22,2
2016-10-31 14:00:00,1.0,17.647943,14.825247,26.197481,16.889383316571354,8.95087786150391,5.369909320094923,10.901469073695644,11.89072057708587,9.32852175659451,17,12
2016-10-31 15:00:00,1.0,4.396647,14.5824375,25.879562,13.585143138259259,9.606282792834731,5.52198845511189,12.636443011185763,11.800597194461945,9.351530420336895,8,3
2016-10-31 16:00:00,1.0,2.9458506,4.807903,15.253191,8.330147311348123,9.868844328566938,5.629425238476045,10.065218222838931,12.230487847461058,9.634726239253272,2,1
2016-10-31 17:00:00,1.0,1.2720336,1.9500984,6.440893,2.871510545958632,9.880446931264991,5.442192255686874,2.986727080806351,12.296261852572911,9.673050655109552,2,1
2016-10-31 18:00:00,1.0,1.3773205,1.5362465,2.2777693,1.8650682887779158,7.725105713518587,5.424370408457158,1.8341939805376126,11.365120746415739,9.762428640745208,1,2
2016-10-31 19:00:00,1.0,1.7871345,1.3851202,2.688059,1.4788296015723523,4.904488456460237,5.4951953052271625,1.2523232047692747,7.834138452309928,9.756702978915136,2,1
2016-10-31 20:00:00,1.0,1.298153,1.2584738,1.9083393,1.4875360093687047,2.1795232776636677,5.565200569583791,1.0499841768705003,2.648365079767409,9.736625674998386,1,2
2016-10-31 21:00:00,1.0,1.3931597,1.256275,2.1457708,1.4928157390896215,1.6789420139337683,5.642612403384249,1.1079482909018363,1.7491171601514268,9.715488333490454,0,2
2016-10-31 22:00:00,1.0,0.74128497,1.3231277,2.2730184,1.1441991834316037,1.3115143925019783,5.590179360534458,1.0504108165830643,1.2928315608789895,9.752423632162776,0,0
2016-10-31 23:00:00,1.0,0.68275744,0.6099146,1.5840207,0.9390673439748052,1.2133016766717546,5.546874303968375,0.8609513031090466,1.207639029397113,9.762702289589724,0,0
2016-01-11 00:00:00,1.0,1.2501576,0.997487,1.1287748,0.8914000069838272,1.192107873036724,4.458606793277656,0.8315254625493069,1.2165677090896787,8.557062331242076,1,0
2016-01-11 01:00:00,1.0,0.6913446,0.68581355,1.6326566,0.874753227947093,1.0094762056893487,2.9569823310747934,0.5944441788172388,1.105922038828257,5.870004865693944,0,0
2016-01-11 02:00:00,1.0,0.59948653,0.5268219,0.5832878,0.8469962490308091,0.8930317965028072,1.5362775370832382,0.5891517811886273,0.9590094461118771,2.190165597196238,1,1
2016-01-11 03:00:00,1.0,1.810638,1.5154802,1.8975644,1.0338229996479724,0.9626115033158998,1.320776758624834,1.0707034617897777,1.2001433431247235,1.6764005499628558,1,1
2016-01-11 04:00:00,1.0,2.4068358,2.4472167,3.0350306,1.60565333391436,1.2402032809307268,1.2758588367163528,1.6749346166871697,1.588214022850514,1.6981908320260735,3,0
2016-01-11 05:00:00,1.0,1.0561833,2.367002,4.5415907,1.7578856326860073,1.3024409408584081,1.2578713087650815,1.7830495010798693,1.738211203001958,1.7171706956561121,0,0
2016-01-11 06:00:00,1.0,0.48872328,1.0055238,2.8985956,1.3172474360976318,1.175535217872802,1.1838215454547631,1.5911309862610414,1.6135110220001396,1.6721339442707586,0,0
2016-01-11 07:00:00,1.0,1.5933063,1.4505136,2.3269427,1.0460710141910927,1.3258621740527268,1.1676691898710374,1.1685424035243956,1.8058545637081298,1.7706866841495283,0,0
2016-01-11 08:00:00,0.0,6.4920535,6.7493653,8.050197,2.8580277365994977,2.307956684642752,1.60049424057278,4.112805632174677,3.7564581412641393,3.1426986710967864,3,0
2016-01-11 09:00:00,0.0,25.621252,19.51671,15.543285,11.235537266567816,6.276392351332725,3.619501927324313,13.76395523583432,11.186690723186842,8.38065837308772,15,0
2016-01-11 10:00:00,0.0,7.9365916,25.603706,43.481575,13.349965609131502,7.198018311661299,4.219110796296012,14.576521269695142,11.93123245181266,9.153571953196266,11,3
2016-01-11 11:00:00,0.0,7.6168547,9.233317,33.97864,13.724899369334373,8.291463552966938,4.796952246912672,14.568515103821362,11.784102908596587,9.302043604417666,5,4
2016-01-11 12:00:00,0.0,8.339398,4.5141582,12.448402,7.964281539390741,9.59990940297928,5.3877223104260406,6.187884211926105,11.447343766357196,9.43818928181105,13,4
2016-01-11 13:00:00,0.0,22.392653,18.418741,22.60463,12.782968760404446,13.066467184767975,7.196164679410351,10.573522813180924,13.158853022373764,11.481703121541958,9,5
2016-01-11 14:00:00,0.0,5.69498,23.612934,41.946884,12.142343833253227,12.933621601293801,7.620789142968277,13.144055759151613,14.063029455688204,11.681966501853008,11,7
2016-01-11 15:00:00,0.0,6.5915995,7.4505424,29.226665,11.559744459824266,9.762012999607503,8.019202675470115,15.438614480081654,12.192258282633155,12.436146135750349,5,3
2016-01-11 16:00:00,0.0,2.537528,5.1569524,12.219464,4.941369420584237,8.86216909049434,8.030093701077819,4.615630334794235,11.491806794402844,12.377473563704632,3,2
2016-01-11 17:00:00,0.0,4.5873904,4.9367642,8.004314,4.572172804353867,8.357258318803547,8.32436093588524,4.9540201821699075,12.313887453123872,12.798781684178195,7,1
2016-01-11 18:00:00,0.0,1.9327996,4.3301105,8.917364,3.019239237904067,7.2894918488641665,8.444700625921723,3.2393413096359853,12.298932075173926,12.75773384721124,1,1
2016-01-11 19:00:00,0.0,1.877385,0.78457695,4.7330966,2.799191553674042,3.87028048712914,8.468373835948556,2.5365446808140195,4.859245656028085,12.718733552083028,2,1
2016-01-11 20:00:00,0.0,3.1433396,2.504786,3.0299401,2.3178413010382064,3.4450070526960377,8.18931432699492,1.6053834993631981,4.497631194003478,13.042037707443205,5,1
2016-01-11 21:00:00,0.0,2.146332,4.032932,5.919586,2.3890188400057877,2.704129038954926,6.2330710192812155,2.5175336290477817,3.4940679795448175,10.373609783233904,1,1
2016-01-11 22:00:00,0.0,1.4020727,1.1090424,4.428587,2.2305813986165806,2.5148864761453114,5.688527783319826,2.513424023499334,3.435014821517269,9.973102499457646,1,1
2016-01-11 23:00:00,0.0,1.9605528,0.59582144,1.3314272,1.8363192990547068,2.077080300046457,5.217169309425002,0.8632671694127445,2.3983045941526324,9.937468618064106,1,1
2016-02-11 00:00:00,0.0,1.9510102,0.59556013,0.92230785,1.7712120062867265,2.0801154231462573,4.684803636005211,0.47750435546289066,2.3459834163879463,9.76920344159176,1,1
2016-02-11 01:00:00,0.0,3.6819365,2.3587673,2.5453787,2.5311667333481576,2.380874065982368,3.125577276555755,1.4550885403940155,2.703750355615914,4.491914822066398,3,1
2016-02-11 02:00:00,0.0,2.813062,2.693779,4.8503275,2.815336338644246,2.325827818849477,2.885417435772757,1.7851565633688848,1.6165022638008353,4.06539612992262,3,1
2016-02-11 03:00:00,0.0,2.7098284,2.5736504,4.730477,3.068275680444099,2.4197438433654126,2.5619364411601704,2.329371847237828,1.87623468645271,3.484225069702756,3,1
2016-02-11 04:00:00,0.0,3.887537,1.4603667,3.3193133,3.136809137050695,2.8339879351994264,2.674437205672369,2.071401589385756,2.199298618586211,3.5307405831190337,6,1
2016-02-11 05:00:00,0.0,3.780357,2.50915,2.8130264,3.459240793602906,3.1372885661235754,2.607184433085017,1.9619737752733248,2.311606817648308,3.2030633094272716,6,1
2016-02-11 06:00:00,0.0,1.9610711,2.510447,4.8479295,3.209655028235442,3.13896535433977,2.609540388743014,2.11723091378441,2.285633156993863,3.0544940449535853,1,1
2016-02-11 07:00:00,0.0,3.9221578,2.5264642,4.7757254,3.2211952251570555,3.1790021811038764,2.7799381235431215,2.6858831114849675,2.7924576656253084,3.2206367922381607,5,1
2016-02-11 08:00:00,0.0,5.9548497,3.3423557,4.2888675,3.9460261349667594,3.702633464284832,3.0142306415671545,2.9408056294587404,3.034479553788142,2.926177165338299,8,1
2016-02-11 09:00:00,0.0,2.8411078,4.4347725,7.460438,4.2393716818369,3.7245133550361706,3.0721285992007923,2.9367657894267305,3.1412547000927344,2.9390425394553388,3,1
2016-02-11 10:00:00,0.0,2.6251836,2.8515494,6.4923344,3.807046971596323,3.51412109837669,3.174054516788058,3.850024988428338,3.8198666324960597,3.367555131153985,4,3
2016-02-11 11:00:00,0.0,2.0053215,2.1440506,4.326509,2.490537570672365,3.218281852819561,3.1777852094715686,2.220259897055967,3.534035660027941,3.557089530707677,1,2
2016-02-11 12:00:00,0.0,3.5986345,2.6443157,4.190025,2.7430464485969286,3.491209065216914,3.315087209778342,2.355062378031845,4.078662697928986,3.7524271093759607,5,2
2016-02-11 13:00:00,0.0,2.381101,2.6361487,4.0921197,2.661685490071306,3.2343662308338152,3.2066842059688456,1.9873310385751493,4.028646671603399,3.846125934790443,2,2
2016-02-11 14:00:00,0.0,2.1456547,1.7350167,3.8973846,2.708463251384181,2.5995004110282722,3.151066937656552,1.9622314209480614,2.653922218652744,3.839377726675891,2,3
2016-02-11 15:00:00,0.0,2.3655374,2.150188,2.0910046,2.2974310199661967,2.520238734281562,3.1223760446588673,1.8157516798932867,2.436579683511528,3.9650164874956966,4,1
2016-02-11 16:00:00,0.0,3.1857111,3.7838702,5.6874204,2.5656345683368684,2.6136600292040875,3.063890563790389,2.329200854827163,2.4257560246663177,4.003811087914234,5,1
2016-02-11 17:00:00,0.0,1.8413962,2.6288123,6.106313,2.464215104378582,2.586339177881382,2.902310515350471,2.632896331521643,2.422615880145457,3.8498616492087194,1,0
2016-02-11 18:00:00,0.0,1.4372523,1.4144001,3.3305678,2.1547866572903036,2.22610883862825,2.8586589519225822,1.8901364200863024,2.2824177959349496,3.794799876192235,1,2
2016-02-11 19:00:00,0.0,1.7489924,1.1744845,2.323214,1.6758804229375528,2.1207574956372106,2.6775618632355136,1.0755487597904811,2.2773489165845526,3.5351906078883206,1,2
2016-02-11 20:00:00,0.0,1.3497913,0.85677797,1.9148992,1.5120120617181338,1.9881135830483585,2.2938069970383155,0.8004304105533045,2.2603406295416533,2.6260002608827513,1,2
2016-02-11 21:00:00,0.0,1.2044922,0.61489403,0.9037478,1.4344253762883032,1.7946060167893036,2.157422375535433,0.675188125048028,1.5657378672339044,2.2704250131677934,1,2
2016-02-11 22:00:00,0.0,0.9585985,0.74817735,0.80299485,1.17096072031287,1.4234205716252117,2.018540300414649,0.6397577175787659,1.0362740521304987,2.1462619193855175,1,2
2016-02-11 23:00:00,0.0,0.6917486,0.3744328,0.84145194,0.9516131582936926,1.231812610005913,1.9090758939436476,0.5193934143976918,0.8417922144310774,2.0732683685799276,0,2
2016-03-11 00:00:00,0.0,0.6523897,0.31211302,0.5242836,0.7675789913560004,1.1010021838221515,1.6635555112252007,0.28656282318753906,0.7914141108490425,1.9012572523044964,0,1
2016-03-11 01:00:00,0.0,0.56171244,0.573217,0.7501038,0.6352835920825579,0.9031221561977139,1.5119398259174626,0.4240502511625333,0.6960747598313322,1.8458536014952633,0,0
2016-03-11 02:00:00,0.0,0.44910696,0.50624907,0.93069494,0.554403065795633,0.7530081120446627,1.37056084754651,0.4628590362322146,0.6150890761681287,1.8059010652151921,0,0
2016-03-11 03:00:00,0.0,0.9861971,1.0130582,1.382607,0.6656721766562971,0.7166255840061486,1.2556158003977258,0.6606860212479478,0.7080374504295501,1.499104348599169,0,0
2016-03-11 04:00:00,0.0,1.4561065,0.81839395,0.91026247,0.9638035513937016,0.7995435717381296,1.1114820716816705,0.8779163772836035,0.8835658509286752,1.2172074745341028,0,0
2016-03-11 05:00:00,0.0,2.6371005,3.2644997,3.8453536,1.6931346197343096,1.1237688427649715,1.1777907263854424,1.9083488483788094,1.62289405597958,1.559414350487389,2,0
2016-03-11 06:00:00,0.0,1.3707631,3.1513536,6.3252435,1.8213232590824475,1.243497717869372,1.1722499508457616,2.070211237434173,1.7086702586615272,1.6676756525332657,0,0
2016-03-11 07:00:00,0.0,0.8502505,1.4709288,4.205556,1.6193712214206508,1.291587386407176,1.097354771302445,2.06907229935682,1.7433141235731344,1.610813580140732,0,0
2016-03-11 08:00:00,0.0,1.4631811,1.2761877,2.3508112,1.2280648417045865,1.4605997307194474,1.1068039213820553,1.3024633912536614,1.7076761403486314,1.6053677448083956,1,0
2016-03-11 09:00:00,0.0,0.77153945,1.1605537,2.015505,1.0283236840655863,1.424823471574017,1.070724527790083,0.9679840853957635,1.770707324114848,1.5572876572060308,0,0
2016-03-11 10:00:00,0.0,1.4671623,1.413562,2.0795882,1.2339609793269526,1.426666100373802,1.1131048360559659,1.2653713070965629,1.8150575733527705,1.608985426974175,1,0
2016-03-11 11:00:00,0.0,0.9436618,1.3864231,2.7146504,1.0607878889132107,1.1444263653088982,1.1340976040369348,1.065809013118519,1.4148807595344701,1.662845225456503,0,0
2016-03-11 12:00:00,0.0,1.0434884,0.6442651,1.1895466,1.1514375295095547,1.0898806067875704,1.1666891623284712,1.0132477786176244,1.3598617011944973,1.7147947768361114,0,1
2016-03-11 13:00:00,0.0,2.0092013,1.3965257,1.6408175,1.3321172141955868,1.28303909676127,1.2873132415842228,1.0071398642700027,1.5570782467123943,1.8851261773837584,0,0
2016-03-11 14:00:00,0.0,0.6885198,1.6894454,2.9875314,1.2470698697269011,1.153928879320056,1.3072643050197514,1.0822475524406068,1.3019150831731652,1.8588168814411425,0,0
2016-03-11 15:00:00,0.0,0.7608181,0.6729694,1.7194766,1.152846454687565,1.15214199209856,1.2884827318362886,1.2459237784936574,1.2266024106643654,1.8620919383392562,0,0
2016-03-11 16:00:00,0.0,0.93638444,1.2414192,1.6986159,0.7952408063414065,1.063679010268497,1.2451725553211492,0.8415651163739247,1.2818893365646735,1.7928070582802766,0,0
2016-03-11 17:00:00,0.0,0.93266004,0.98350704,1.7040046,0.8766208962605041,1.0618453829937027,1.1031358741513004,0.9757933356120075,1.376510475413118,1.5002913441403596,0,0
2016-03-11 18:00:00,0.0,0.55598634,1.2200074,1.8706868,0.8083436001196428,0.9805950274036039,1.035237817095587,0.8861130969120563,1.3765082486533997,1.4219556724602083,0,0
2016-03-11 19:00:00,0.0,0.6044781,0.72831666,1.8909891,0.697708153773786,0.7464744800575963,1.0147567884094328,0.8562132327911631,0.9323121093117204,1.4060497159262733,0,0
2016-03-11 20:00:00,0.0,0.35664102,0.5682915,1.1722589,0.5057018165162535,0.6911613563883784,0.9225451178542171,0.4546486072448126,0.8709733165946631,1.3164746909611702,0,0
2016-03-11 21:00:00,0.0,0.34036216,0.25305086,0.6898826,0.43382709780495515,0.621085348962299,0.8866136705304296,0.39064961581719615,0.8040098520105692,1.296548974164834,0,0
2016-03-11 22:00:00,0.0,0.3181607,0.3656921,0.5374523,0.3383879604422887,0.5180480571080374,0.7908635336882675,0.24016962917940252,0.6889764705200642,1.168813960339426,0,0
2016-03-11 23:00:00,0.0,2.2642891,1.9637623,2.013582,0.9742706706158566,0.7399862435660549,0.9009158132798786,1.256901570448947,1.0956521052951609,1.3974390972413262,0,0
2016-04-11 00:00:00,0.0,4.98754,4.92858,5.587757,2.5233298428020494,1.4785784703035019,1.2295867488535535,3.1532973355151643,2.5547302424409075,2.4143254805469256,8,2
2016-04-11 01:00:00,0.0,0.6273102,4.4924717,9.317201,2.626379691271469,1.482383825856879,1.1144291529572374,3.0745272875736998,2.426812256918045,2.214215803413778,0,1
2016-04-11 02:00:00,0.0,0.6037061,0.3088208,4.5828967,2.0728520006868654,1.5235613356513606,1.10736134601987,2.67747363737902,2.4148149003474733,2.206456829221182,0,1
2016-04-11 03:00:00,0.0,2.0889525,2.0631247,1.9973897,1.1066563252306383,1.8149930840163433,1.2180392164893208,1.2493044810596199,3.0340464830275136,2.4949992026836867,4,1
2016-04-11 04:00:00,0.0,0.7408408,1.8390837,3.8633447,1.1444998441904828,1.885439767730976,1.2017439124195068,1.2394004012922293,3.048454531444257,2.4395798392452845,0,0
2016-04-11 05:00:00,0.0,1.6556785,1.4337814,3.1759222,1.495157248857563,1.784004624772214,1.2619954341691346,1.5920593427172185,3.074508819267049,2.576371536430386,0,0
2016-04-11 06:00:00,0.0,0.4374824,1.7191856,3.0536013,0.9446671718203652,1.0256617485255017,1.252120109414502,1.0612211280025021,1.3986410330938526,2.5776896819466657,0,0
2016-04-11 07:00:00,0.0,1.9144839,1.9074271,3.5162594,1.3358815066986123,1.2401906754445473,1.3612872506507128,1.2936500021657713,1.6688223687676107,2.8107977387658254,3,0
2016-04-11 08:00:00,0.0,0.9473105,2.2062967,4.053396,1.0997589426745367,1.2974580957660495,1.4105097157087054,1.4198466111742998,1.6648664051259683,2.8431653871914917,0,0
2016-04-11 09:00:00,0.0,0.7827891,1.2654482,3.2024326,1.2148611284087019,1.0797641501145332,1.4473786170654386,1.582271056123921,1.437592883589282,2.82580955736078,0,0
2016-04-11 10:00:00,0.0,0.8277046,0.8844563,1.8791602,0.852601414555978,1.094241460627295,1.4898406141791352,0.9644578954481147,1.512929973484174,2.9027068149099096,0,0
2016-04-11 11:00:00,0.0,3.0401604,3.2595572,3.982196,1.5502180595426756,1.3249885011086064,1.5544965629404104,1.9243630315633486,2.2137118486305485,3.1788985107875662,5,0
2016-04-11 12:00:00,0.0,1.4179114,3.0987318,6.174995,1.7619255750834228,1.4883933517460628,1.257027550135782,2.1709092160139494,2.3643003398047564,2.0956197571023614,0,0
2016-04-11 13:00:00,0.0,1.5853806,0.70281976,3.5091689,2.0144841768923394,1.4335427957241587,1.336866735584353,1.8261360138399068,1.9726249795134863,2.1260833904863956,1,0
2016-04-11 14:00:00,0.0,4.1821847,3.3321662,3.6481845,2.39515887355782,1.9726884665502478,1.635073281158149,2.0335686903250796,2.7447564770512627,2.556990023815414,8,2
2016-04-11 15:00:00,0.0,1.4359018,3.8232493,6.856447,2.4011556239218397,2.0815405995026315,1.5806523748085823,2.3165522724909304,2.720901012706244,2.4046053688552327,1,0
2016-04-11 16:00:00,0.0,1.7515502,1.9679987,4.97874,2.456545499887926,2.235514838390133,1.664878149508714,2.8944437864556116,2.6937462853358927,2.46703591684063,0,0
2016-04-11 17:00:00,0.0,3.955886,2.7632384,2.7871668,2.381112471085156,2.3881356723214884,1.8565620867150476,2.277738850916917,2.9314331190424308,2.8403616518579913,6,0
2016-04-11 18:00:00,0.0,0.8245542,3.5106108,6.2115097,2.1773299560144035,2.289242789968121,1.8888180708570919,2.054537478665648,3.034783315663694,2.829488889792846,0,0
2016-04-11 19:00:00,0.0,0.42870814,0.73413944,3.346483,1.7363826351409204,2.0964640675144235,1.7650034316192909,2.2488742133293433,3.1293893685457324,2.7192686179527157,0,0
2016-04-11 20:00:00,0.0,0.4026075,0.32001853,0.9636957,0.5519566177941625,1.4665345444396591,1.719611505494954,0.5095384098014191,1.9608016794140104,2.653801517003073,0,0
2016-04-11 21:00:00,0.0,0.9289582,0.7535709,0.8446354,0.5867579384237247,1.3820439472190638,1.7317922733608477,0.5372662938038012,1.942569163454711,2.680447960524778,0,0
2016-04-11 22:00:00,0.0,0.8857533,1.0636706,1.4593757,0.7391062919940068,1.2377444635674637,1.7366296509787984,0.7037501656403047,2.0562585458148406,2.7287319752048202,0,0
2016-04-11 23:00:00,0.0,0.66381687,0.7502285,1.6294461,0.826176076512173,0.6890663471531677,1.5386010097373282,0.763365408387355,0.8295232098473075,2.569137654868036,1,0
2016-05-11 00:00:00,0.0,0.74283737,0.41625613,0.8476448,0.7641358190280171,0.6754468787258708,1.4823448343469963,0.5796570008240763,0.7208086911498425,2.613132585115331,0,1
2016-05-11 01:00:00,0.0,0.8149195,1.1246338,1.4330255,0.7405245543093121,0.7398154231516594,1.418139745333041,0.7137942081463876,0.795148979286176,2.6643915589473015,0,0
2016-05-11 02:00:00,0.0,1.6665831,1.7459722,2.6939595,1.074779956318771,0.9504780164154715,1.2085062804275655,1.3397055817035148,1.142260219055475,2.049069094663085,0,0
2016-05-11 03:00:00,0.0,0.34363383,1.5355428,2.87768,0.9417120901676473,0.8529239545978322,1.1174839509084482,1.0850084583205428,1.0513344639045052,1.9680154213317522,0,0
2016-05-11 04:00:00,0.0,0.264842,0.22931422,1.5083439,0.7583529431854916,0.7494387487474019,0.9935916061574325,0.9341955166122039,1.0287922620969832,1.9225552672563575,0,0
2016-05-11 05:00:00,0.0,0.26821166,0.27643734,0.44668415,0.29222912914987226,0.6835045427343215,0.6862854449437447,0.2315427108041343,1.0112248895676124,1.02323232621972,0,0
2016-05-11 06:00:00,0.0,1.721813,1.5746696,1.7616998,0.7516221212249338,0.8466671056962904,0.7610569922110806,0.978795387490814,1.2752559927283946,1.2096259108208067,2,0
2016-05-11 07:00:00,0.0,1.6329669,2.20935,3.5334735,1.2076637616369086,0.9830083524112001,0.8614118877814295,1.4575519162877848,1.4551590282640148,1.3973881653027225,0,0
2016-05-11 08:00:00,0.0,0.8321195,1.465747,2.8466868,1.3956330396653385,0.8439310844076051,0.8972045504115385,1.508883578919303,1.2202797404465897,1.4731090548048702,0,0
2016-05-11 09:00:00,0.0,0.45443773,0.68064445,1.9663072,0.9731746865907399,0.862398403907837,0.8576611792528345,0.9916396951540167,1.2425624852987758,1.4139535474439884,0,0
2016-05-11 10:00:00,0.0,0.7409622,0.5141189,0.9270497,0.6758398139015559,0.9417517877692321,0.845595268258317,0.551531161286473,1.3270144878738706,1.4325362484132578,0,0
2016-05-11 11:00:00,0.0,2.5804102,2.5284638,2.7943218,1.2586034710074339,1.3271182553363863,1.0053113990353537,1.5265272941009191,1.9383222465793981,1.8270757153693413,1,0
2016-05-11 12:00:00,0.0,0.56813025,2.6031518,4.9918475,1.2965009801325298,1.1348378333616351,0.9907524695289627,1.668391577759213,1.6236430186052473,1.766480421851259,0,0
2016-05-11 13:00:00,0.0,0.6827154,0.518098,2.4128714,1.2770853566869025,0.9764625852942295,0.9797354688527143,1.6908667490212699,1.4904910125196869,1.7676242904309123,0,0
2016-05-11 14:00:00,0.0,0.98688656,0.4767891,0.7610579,0.7459107433543681,1.002257107180901,0.9230940957942534,0.47509441237052386,1.4581438396931634,1.6236164793597452,0,0
2016-05-11 15:00:00,0.0,3.0593474,2.316099,2.2149537,1.5763164373887215,1.4364087087606259,1.149403556334231,1.468002605847561,1.9638514627200871,1.8562443932563304,2,3
2016-05-11 16:00:00,0.0,1.4117808,3.136454,5.1709304,1.8193382585363451,1.5482118076116242,1.244981797690428,1.952137334570857,2.188019468546254,2.0243163548473007,2,0
2016-05-11 17:00:00,0.0,2.1529202,2.9491663,5.6524177,2.2080161656061716,1.47696345448027,1.4020408549083283,2.5581628001635925,1.9341399500270666,2.2568913458326967,2,0
2016-05-11 18:00:00,0.0,1.6297843,0.82818943,3.618138,1.7314951590158933,1.6539057982023078,1.3943718157819716,1.6991555039252098,1.9812621929298817,2.2091793807193567,0,0
2016-05-11 19:00:00,0.0,0.9606289,1.3690329,1.2916515,1.5811111979491597,1.7002247282427523,1.3383436567684912,1.091803309374284,1.9978943300718037,2.144199023106818,0,0
2016-05-11 20:00:00,0.0,0.94638,0.6563227,1.6265386,1.1789310820284107,1.6934736238172914,1.3478653654990962,0.904778189676307,1.993083491613039,2.0697730226256636,0,0
2016-05-11 21:00:00,0.0,0.50280917,1.1630838,1.6344037,0.8032726953395515,1.2673839271777227,1.3518963179691745,0.7827514283977568,1.5378564748241252,2.0659250577279136,0,0
2016-05-11 22:00:00,0.0,1.0100257,0.7448345,1.5897006,0.819738252566789,1.2004247252579745,1.374318266434799,0.8386716960839595,1.361800024704184,2.068678147994191,0,0
2016-05-11 23:00:00,0.0,0.7539918,0.79929096,1.2765849,0.7556088664151114,0.9672699742217611,1.222116714351016,0.6456043865734702,1.1051501577914633,1.7216191480685181,0,0
2016-06-11 00:00:00,0.0,2.6583664,2.2753508,2.790171,1.474127960546394,1.1387003279429724,1.3963030630726403,1.4441515599327508,1.4278553572457382,2.187226443737498,2,2
2016-06-11 01:00:00,0.0,0.81529784,2.0670505,4.2221246,1.4092186960946589,1.1144784743307243,1.407351601286738,1.3849277352736262,1.360620121319368,2.202796740666842,0,2
2016-06-11 02:00:00,0.0,0.48893708,0.54703236,2.133743,1.3208671084911083,1.0382379874531098,1.3658558056352008,1.4096763700408605,1.2311468451315015,2.210166831809973,0,1
2016-06-11 03:00:00,0.0,1.0613235,0.9499243,1.1849465,0.7885194507591871,1.1313237056527905,1.1993538164152564,0.7566373029981078,1.4059532070992786,1.8456750491334184,0,0
2016-06-11 04:00:00,0.0,0.5023144,0.7215532,1.5166332,0.6841916322820146,1.0467051641883365,1.1235649447231555,0.5993846225261378,1.413512371197589,1.646930525606773,0,0
2016-06-11 05:00:00,0.0,1.4063892,1.4627185,2.0276802,0.9900090702942052,1.1554380893926572,1.0613540318072088,1.0915892429941305,1.7545857342948157,1.599592787291896,0,0
2016-06-11 06:00:00,0.0,0.29758418,1.3257984,2.573762,0.7354293145485719,0.7619743826538795,0.9503373552984262,0.9275579351793828,1.0412610633181787,1.5019897422476391,0,0
2016-06-11 07:00:00,0.0,1.5191214,1.3239263,2.570672,1.074364902517513,0.8792782673997636,0.9968783708652442,1.4463573985865834,1.2513989376403143,1.7184799638708321,2,0
2016-06-11 08:00:00,0.0,1.7854915,2.910468,4.1824465,1.2007322231390651,1.0953706467166353,1.0668043170848724,1.6736412458383563,1.4607088839457085,1.8391720760539825,1,0
2016-06-11 09:00:00,0.0,2.3600376,2.700146,5.3388,1.8882166722603502,1.311822993404461,1.221573349528626,2.344974331254848,1.8868047331809696,2.1484280201356762,0,0
2016-06-11 10:00:00,0.0,0.79963034,2.226641,3.8019788,1.648386391662846,1.3613756470901797,1.2040404056392584,1.9196848741245933,1.9773315346012006,2.1529666716621207,0,0
2016-06-11 11:00:00,0.0,1.0257043,0.8206927,2.9084811,1.3951240426412115,1.297928132890138,1.2266831111413974,1.5737152176365292,2.0950812068278193,2.224100722435151,0,0
2016-06-11 12:00:00,0.0,0.3389722,0.8586945,1.308614,0.7214355957237595,1.304826133992055,1.0334002583229673,0.633696413229053,2.1018997092632006,1.7345208181342484,0,0
2016-06-11 13:00:00,0.0,0.6102466,0.46206567,1.2568876,0.658307683532423,1.153347037597635,1.0163126524986992,0.5536833721012958,1.662762141049109,1.6884174335164752,0,0
2016-06-11 14:00:00,0.0,0.38269642,0.2666876,0.7069185,0.4439717320122488,0.9195478873267301,1.0074592670216824,0.2759402436206343,1.243257720088356,1.6678506906419805,0,0
2016-06-11 15:00:00,0.0,0.3365923,0.2210336,0.31702843,0.44317842322637907,0.5823070094750693,0.9470650014397647,0.22074170917751673,0.5447500567295606,1.6594391257058791,0,0
2016-06-11 16:00:00,0.0,0.61003345,0.6244246,0.7414338,0.44310735047098604,0.5507075170017044,0.9560415820459419,0.4070624129794009,0.5824222518432615,1.6570096725883445,0,0
2016-06-11 17:00:00,0.0,2.5406985,2.1974316,2.1686604,1.1624413534685916,0.8032065427404202,1.0505673378152793,1.462758102108264,1.1703269371379796,1.8474383669212022,6,0
2016-06-11 18:00:00,0.0,0.8926722,2.4570823,4.326511,1.3478012777358261,0.8954898504811027,1.1001579922365792,1.5217786520523942,1.2969262695028552,1.9033108977903752,0,0
2016-06-11 19:00:00,0.0,0.9302428,0.33623984,2.4216928,1.4545377191108202,0.9488225347909031,1.0510847861942687,1.4819083982614525,1.3219330150614361,1.6574652696650398,1,0
2016-06-11 20:00:00,0.0,0.8905885,0.8631409,0.99523383,0.9045010946399632,1.0334712240542772,0.9765095556905039,0.6035383232300697,1.3376464437958107,1.415675815860117,2,1
2016-06-11 21:00:00,0.0,0.3525094,0.7361817,1.3806092,0.7244468854509774,1.0361240815934019,0.8092155455342357,0.6474499153964314,1.2934433508645355,1.215251702332382,0,0
2016-06-11 22:00:00,0.0,0.8750091,0.7253952,1.384155,0.7060356919492486,1.0802867055300343,0.8154971112658693,0.7543235843494561,1.409636357461069,1.245573596967775,0,0
2016-06-11 23:00:00,0.0,0.4447333,0.71643335,1.4027158,0.5574172600010683,0.7309591773205156,0.7670828600304676,0.4814599097126235,0.8049524007772645,1.2007128451883433,0,0
2016-07-11 00:00:00,0.0,0.48121497,0.36705568,1.0313046,0.6003190990547765,0.6623829922528769,0.7789364213669899,0.44676745106507826,0.7418301774850268,1.2065668392767361,0,0
2016-07-11 01:00:00,0.0,0.25587887,0.2879761,0.59761655,0.39394235013968887,0.5499890210444687,0.7494057779176859,0.248568856317275,0.592299601437393,1.1702442082056868,0,0
2016-07-11 02:00:00,0.0,0.24320154,0.099707715,0.33456758,0.3267651202865333,0.4420911901438006,0.7377812070990388,0.17888970404975668,0.3953797566248676,1.1452657005179085,0,0
2016-07-11 03:00:00,0.0,2.0238934,1.9220577,1.9806467,0.8409912223177972,0.720655160686287,0.8783896211398446,1.1136892442332325,0.9332261698242555,1.4451816230265955,3,0
2016-07-11 04:00:00,0.0,0.5982209,2.2547846,4.0309734,0.9551052356603386,0.674523792900014,0.8774052492150239,1.350345406242678,1.0702138910400294,1.5427498117394258,0,0
2016-07-11 05:00:00,0.0,1.9597721,1.4691094,3.0134284,1.5272954531294594,0.9270302867079967,0.828994732014256,1.674145464216697,1.3945840728225745,1.359853782929604,0,0
2016-07-11 06:00:00,0.0,0.25600517,1.7944932,3.2146184,0.9379994201978923,0.8894953212578447,0.7759391567553607,1.0118661048745878,1.3440247112618997,1.3126137126634996,0,0
2016-07-11 07:00:00,0.0,0.5603769,0.41933805,2.164821,0.9253847296311211,0.9402449826457299,0.745117001845099,1.1361570049894192,1.4019342936968033,1.2629936140066247,0,0
2016-07-11 08:00:00,0.0,0.70772475,0.807443,1.1504748,0.5080355670742244,1.017665510101842,0.7298783501228212,0.5268840913215083,1.49728917203384,1.244376372150314,0,0
2016-07-11 09:00:00,0.0,0.29968098,0.7164744,1.2093208,0.5225941751885528,0.7302967976932223,0.7254759791897547,0.5807630008273142,1.0171699459582924,1.252190062975353,0,0
2016-07-11 10:00:00,0.0,0.7514463,0.74068326,1.3365645,0.5862840166144437,0.7558343731227822,0.7151790830113981,0.7028977391810287,1.121996020677252,1.2343014742447467,0,0
2016-07-11 11:00:00,0.0,2.6784256,3.0290794,3.5690076,1.243184224939225,0.8756098960067247,0.9013200913573606,1.804535954980428,1.5680836667648186,1.8047482124162775,7,0
2016-07-11 12:00:00,0.0,2.3212574,3.3390062,6.000869,1.9170430551193716,1.2198186151539623,1.0546569682059035,2.353813267584244,1.9598641333870417,2.040307867433485,0,0
2016-07-11 13:00:00,0.0,2.3193524,3.3556795,5.0691395,2.439678402359926,1.5129812094871848,1.2266130960664574,3.047621693600517,2.597530408520853,2.334179398458419,2,0
2016-07-11 14:00:00,0.0,1.406723,3.326554,6.517482,2.0157776236839653,1.629480924311595,1.3235732172067187,2.401673609460938,2.481037849687118,2.3764904016823483,0,0
2016-07-11 15:00:00,0.0,1.4700502,1.9694618,5.285662,1.7320418747000264,1.8245424649097002,1.2774196313014607,2.233601979061533,2.6602214292272435,2.228271281525746,0,0
2016-07-11 16:00:00,0.0,0.45847985,1.2693088,2.9178963,1.1117510162378734,1.7757147092989005,1.265774541210841,1.2282331823458315,2.522587504934478,2.2401715679731438,0,0
2016-07-11 17:00:00,0.0,0.8917608,1.0631744,2.0464492,0.940096972745795,1.4779372982148802,1.1767735971108024,1.2150563191811212,2.310426309196043,2.220965096443815,0,0
2016-07-11 18:00:00,0.0,0.7019294,1.0292928,2.0031772,0.6840566914249746,1.2080492830625007,1.2139339491082313,0.8589021692958654,2.1350556805852716,2.2765098883463124,0,0
2016-07-11 19:00:00,0.0,0.9751145,0.44900525,1.3788866,0.856268215305483,0.9840096157716782,1.2484954126294316,0.7254399633522124,1.5123350822138182,2.3155160391081107,0,0
2016-07-11 20:00:00,0.0,0.41092965,0.83949256,1.0559503,0.6959911248443317,0.8180440487950631,1.2237624865533288,0.5995968231074825,1.204276321613395,2.3059596274754823,0,0
2016-07-11 21:00:00,0.0,0.5431032,0.39471728,1.1397194,0.6430490608758431,0.6635528761504087,1.244047670530054,0.6310641396923318,0.8561828520036515,2.3318057531042857,3,1
2016-07-11 22:00:00,0.0,0.5214287,0.3279114,0.55910045,0.4918205129252015,0.6740443641153422,1.2248795367071206,0.2947822670679001,0.8148762207889032,2.318877888645888,0,1
2016-07-11 23:00:00,0.0,4.397116,4.1852145,4.272276,1.820549296676875,1.2582702107606034,1.3681037544877415,2.482785881525742,2.083352632115046,2.697580220075758,4,1
2016-08-11 00:00:00,0.0,24.421839,20.81291,18.016376,9.780128729580598,5.21158889522822,3.2098190891453586,13.294325585859433,10.09832889504202,8.238991313854154,9,0
2016-08-11 01:00:00,0.0,2.9682517,21.67986,42.072823,10.595736348003792,5.543778430464496,3.2638940231180875,12.465916163204032,9.800986118108622,7.693659358565268,4,8
2016-08-11 02:00:00,0.0,0.5692595,2.8493173,19.396381,9.319784217173842,5.57016675692536,3.1941054028602105,13.362188548472767,9.853113084525525,7.720429474172438,0,1
2016-08-11 03:00:00,0.0,0.95449066,0.84334314,3.606033,1.4973339365991263,5.638731333089861,3.1511421046201336,1.8411940958420066,9.92256616185851,7.546505686334637,0,0
2016-08-11 04:00:00,0.0,0.83628845,0.8333226,1.3248537,0.7866795497021165,5.691207948852954,3.182626156484148,0.6681732408181261,9.888773541674315,7.529113958300862,0,0
2016-08-11 05:00:00,0.0,1.8162171,1.5144835,2.1293068,1.2023321109358673,5.261058164054854,3.2596641874077297,1.0040457324670753,10.252622420208038,7.68501360239008,1,0
2016-08-11 06:00:00,0.0,1.0873626,1.7255158,2.8571303,1.2466227879757006,1.3719783622874138,3.291783628757817,1.2068707390807136,1.9124765937838313,7.6657492071246045,0,0
2016-08-11 07:00:00,0.0,0.67891,0.74482095,2.2725868,1.1941633340904214,0.9904214418962688,3.2670999361803825,1.0853610534391052,1.0637226487448763,7.61343045980645,0,0
2016-08-11 08:00:00,0.0,1.3520191,1.3227936,1.7623185,1.0394306337487726,1.1208813723423205,3.3455240646338402,1.0823855224425987,1.102391606303027,7.703909756952487,0,0
2016-08-11 09:00:00,0.0,0.44155028,1.1271312,2.186392,0.8241598259000189,1.0353913069378597,3.3370613200138624,0.853805020986128,1.1215444008348212,7.679666222762833,0,0
2016-08-11 10:00:00,0.0,1.0095123,0.7597102,1.7516508,0.9343605532682936,1.0642619436793572,3.3777349462661554,1.0048077728742775,1.1926465511816506,7.70238149820052,0,0
2016-08-11 11:00:00,0.0,0.43604213,0.70963806,1.438969,0.6290348938748856,0.8342327638118296,3.0476454639333417,0.499404389434762,1.0209723939369217,7.633124112407757,0,0
2016-08-11 12:00:00,0.0,0.31975362,0.335225,0.8632566,0.5884360173186137,0.7062979216093163,1.0391381419483652,0.5236937838722169,0.8599439356084911,1.6362576230131074,0,0
2016-08-11 13:00:00,0.0,0.64513725,0.39953002,0.6588508,0.4669776834204056,0.7006691183443494,0.8455452801203086,0.37260931289955074,0.8275798791688296,1.0495407666440917,0,0
2016-08-11 14:00:00,0.0,3.3675249,3.1024354,2.9959614,1.4441386857357685,1.0365867898053271,1.0787340810738235,1.879136057777442,1.4898876926719615,1.6304992634163051,8,0
2016-08-11 15:00:00,0.0,1.8585634,4.4088554,7.144886,1.9570752740722717,1.272755645695442,1.1540734763166511,2.5790949803053222,1.9163772605898375,1.8527801282750964,1,0
2016-08-11 16:00:00,0.0,0.99724656,1.1025825,5.336446,2.074445042867346,1.270711363143876,1.1674866534116168,2.631266823738007,1.9755871185894267,1.895459791805846,0,0
2016-08-11 17:00:00,0.0,0.77755296,0.4013434,1.2250545,1.2111209356598516,1.3276298106978097,1.0809312872548198,0.7480825209281533,1.9671958018593527,1.7870072167725901,0,0
2016-08-11 18:00:00,0.0,0.984515,0.98069906,0.9756613,0.9197714590637402,1.4384233665680057,1.0723606440886613,0.6878306654897948,2.157953388173596,1.8756044797252598,0,0
2016-08-11 19:00:00,0.0,0.43688336,0.919495,1.5503235,0.7329837156343952,1.403714379250871,1.05219174879761,0.7328670141672748,2.2103191792267682,1.8808993405092869,0,0
2016-08-11 20:00:00,0.0,2.1252553,1.8313199,2.413524,1.1822178781346673,1.1966694068972594,1.1166280983512935,1.4519228435609386,1.6807916849802345,1.9063596851383782,0,0
2016-08-11 21:00:00,0.0,2.0437555,3.5308337,5.1950493,1.5352980859695025,1.2275347725166217,1.250145209106032,2.1017834244517264,1.7323562539584625,2.076249641773671,0,0
2016-08-11 22:00:00,0.0,0.5793986,2.071159,5.4516664,1.5828031664862272,1.1578934410603112,1.2143024021020936,2.1843298306229926,1.786289079722522,2.094658691509463,0,0
2016-08-11 23:00:00,0.0,1.7028214,1.7086327,3.462935,1.4419919379989978,1.3121049080668328,1.3198673593823214,1.96137106559573,1.939325142700536,2.1755128190799846,2,0
2016-09-11 00:00:00,0.0,0.5715858,1.3196121,2.8776777,0.9512686647608779,1.2432833753651906,1.340853370966598,1.0477997239940167,1.8357358804094532,2.196367390282079,0,0
2016-09-11 01:00:00,0.0,0.6193238,0.6250639,1.8165781,0.964577055861993,1.2736901111741101,1.3387022452124908,1.0014525332288384,1.8679452026499888,2.2158806987821804,0,0
2016-09-11 02:00:00,0.0,2.0444653,1.9959254,2.363941,1.078458291101346,1.260225114550172,1.2284472607237154,1.3392676064458084,1.9538763448571257,1.9978179743932565,3,0
2016-09-11 03:00:00,0.0,1.4029633,2.0787477,3.7864437,1.3555841301641176,1.1534263974624976,1.1904805849895594,1.4720677034503578,1.6013979260348519,1.9063607397904838,1,0
2016-09-11 04:00:00,0.0,0.7664555,0.9814827,2.5301416,1.4046280353026401,1.1846025455823164,1.1712479933213138,1.4044654718992828,1.6323629772525021,1.8933488516666266,2,0
2016-09-11 05:00:00,0.0,1.6327053,1.8771881,2.5812402,1.2673746920717555,1.1729164915865506,1.2425106998266913,1.384580933838716,1.6797634028584982,2.0240111511132395,0,2
2016-09-11 06:00:00,0.0,2.64365,1.5458654,2.9219377,1.6809369847813558,1.5182605574727364,1.3807719664189635,1.6785741081852674,1.838925055718165,2.098277158506823,0,0
2016-09-11 07:00:00,0.0,3.5718055,5.593744,6.963267,2.6160535852894284,2.010340810296035,1.6420154607350728,3.2792763496586286,2.99674990136134,2.952788347759815,5,0
2016-09-11 08:00:00,0.0,0.5923349,3.3835588,8.653108,2.2692634546143355,1.7683190733430452,1.5142720939466092,3.2776500313399612,2.7520286033541357,2.8301998146642373,0,0
2016-09-11 09:00:00,0.0,0.7364333,0.5308523,3.4217558,1.6335245147263977,1.657230749753876,1.4053285736081869,2.153278097988874,2.616560006555794,2.5908974977134784,0,0
2016-09-11 10:00:00,0.0,1.3831569,1.23446,1.6711265,0.903975055874628,1.760014320582029,1.4723084330821727,0.8140587098188937,2.844402202004531,2.749465811558045,1,0
2016-09-11 11:00:00,0.0,0.5613522,0.9716883,2.1207118,0.8936474661709644,1.5814554603926496,1.3771859759896,0.7247586489001088,2.6996759407318693,2.5063603645264547,0,0
2016-09-11 12:00:00,0.0,0.61724144,0.77749974,1.107172,0.8539168297131621,1.2437206722197798,1.3809906148462583,0.8957332002547992,2.039867049769604,2.5136494998284955,0,0
2016-09-11 13:00:00,0.0,0.34432214,0.7906936,1.551008,0.5076385827151948,0.7058068192949112,1.3580738147954734,0.5535638580600825,0.8163092988704415,2.4734752605858596,0,0
2016-09-11 14:00:00,0.0,0.41311988,0.5150051,1.2631147,0.4582278148571969,0.6759376405140807,1.222128356928563,0.5972937182522592,0.854914893077942,2.321492981714219,1,0
2016-09-11 15:00:00,0.0,2.6574993,2.3165383,2.6009197,1.13831378684547,0.9961153082793159,1.3266730290165962,1.4989808834530476,1.5115963693623096,2.5031526158298756,5,0
2016-09-11 16:00:00,0.0,1.3213233,2.5910454,4.540915,1.463980815590286,0.9858096991527404,1.3729120098673846,1.711659596829229,1.4813062891074322,2.49218829913896,0,0
2016-09-11 17:00:00,0.0,1.918966,0.940896,3.0271804,1.9659295601571973,1.2120786875071972,1.3967670739499238,1.7238427873272058,1.6524042735132098,2.4526958318429832,1,0
2016-09-11 18:00:00,0.0,3.3330667,2.8838649,2.9189851,2.1911185715039596,1.6647161791747151,1.4542184256972477,1.8650079318555264,2.2925458380170736,2.3737295973382833,4,3
2016-09-11 19:00:00,0.0,1.1716626,3.1743782,5.791539,2.1412317311249134,1.8026062733575992,1.254206546326255,2.0843489211780146,2.3306455627207865,2.0322953558111716,0,1
2016-09-11 20:00:00,0.0,0.48837715,0.73085344,3.40515,1.6643687490081935,1.8151491545826952,1.2455433975483876,1.934617255003806,2.303606631441616,2.036371291422061,0,1
2016-09-11 21:00:00,0.0,0.9815085,0.5673571,1.1845192,0.8805161080305786,1.5358173397672696,1.2659663240232926,0.5766629779431771,1.8069488348869058,2.0438923284834387,0,1
2016-09-11 22:00:00,0.0,0.4258767,0.63145506,1.1916159,0.6319207797558388,1.3865762554403753,1.1861929772965583,0.39109237238606875,1.7799905884324896,1.905083079993396,0,1
2016-09-11 23:00:00,0.0,0.4951053,0.2528756,0.6627391,0.6341635034529695,1.1492661262305814,1.180672406868889,0.4526043851302284,1.5927827890144919,1.8960207538678135,0,1
2016-10-11 00:00:00,0.0,0.7766482,0.6182628,0.7941522,0.5658767871193062,0.7231964475749425,1.1939563133748285,0.40575799264886114,0.6045943805459624,1.8799576804644371,0,1
2016-10-11 01:00:00,0.0,0.9838558,0.3144144,0.6412974,0.75186978556179,0.6918952826588145,1.2472507780082067,0.46828286922132967,0.5258288926898378,1.9051977624848304,0,1
2016-10-11 02:00:00,0.0,1.8884575,2.2414277,2.505638,1.2163205015741658,0.9252420025135681,1.370195578548131,1.276329979265769,1.095294492891789,2.1515241171889046,3,1
2016-10-11 03:00:00,0.0,0.5100214,1.9687672,4.0584536,1.127444869945301,0.8466608285323038,1.1912390841497869,1.4567653362418966,1.1128078721049401,1.8550394113779023,0,0
2016-10-11 04:00:00,0.0,0.5300814,0.5114665,2.3695085,0.976186749559819,0.8640282675608044,1.1253022615005903,1.2730095487126003,1.1992477059507904,1.8435274876514365,0,0
2016-10-11 05:00:00,0.0,0.8721826,0.51900166,0.7292185,0.6374284408486386,0.9268744712114022,1.0380702987209918,0.4962867249656793,1.2926904446478087,1.8116864636172507,0,0
2016-10-11 06:00:00,0.0,1.1480083,1.4103556,1.6967028,0.850090715517736,0.9887677927315186,0.8559821201532305,0.8550457512706898,1.5080061045836168,1.2649809527814353,0,0
2016-10-11 07:00:00,0.0,0.32830435,0.95261586,2.2945433,0.7828317218649063,0.8795092357123625,0.7857022591855886,0.8869928998238716,1.3506630374751722,1.2327190188879542,0,0
2016-10-11 08:00:00,0.0,0.43893108,0.3405736,1.1886966,0.6384145671894967,0.6379215040190678,0.7815817532663174,0.656089996576091,0.753219660628542,1.2518859986238637,0,0
2016-10-11 09:00:00,0.0,0.9203501,0.53898734,0.62116665,0.5625285473074055,0.7063096314125709,0.7764852299724372,0.4376862839799663,0.793389434243252,1.272789437413385,0,0
2016-10-11 10:00:00,0.0,1.4830123,1.8747405,2.3709443,0.9474312035757088,0.8651314627203075,0.8645798651405557,1.06301777612284,1.130462667075163,1.3981823842243808,0,0
2016-10-11 11:00:00,0.0,0.7514518,1.0050879,2.7416205,1.0516047865249822,0.8450096768572397,0.8859420740343209,1.1495161442506836,1.0647451744147878,1.3838142247968108,0,0
2016-10-11 12:00:00,0.0,0.2641445,0.68504465,0.92063636,0.8328695683210036,0.6976990578142046,0.8432334252728616,0.8477966447436438,0.9375150643420416,1.3911802631196915,0,0
2016-10-11 13:00:00,0.0,1.4528464,1.2748501,1.7250184,0.8228143205213894,0.885122762048549,0.8823159988804556,1.0358642946507202,1.3445273498299222,1.5413618538437561,1,0
2016-10-11 14:00:00,0.0,1.0242387,1.7944268,2.8772666,0.9137432747129212,0.9826740306189521,0.8102977673190099,1.1041253024466846,1.4516009078313656,1.2356476811504282,0,0
2016-10-11 15:00:00,0.0,0.30080968,0.82024026,2.4541178,0.9259649920871784,0.8794172802040909,0.7928634558083307,1.1284479778581817,1.222526346597082,1.229502868300431,0,0
2016-10-11 16:00:00,0.0,0.38843516,0.2318878,0.8942314,0.5711611688417052,0.6969877446815471,0.7810596037009275,0.5513612357113437,0.9722278624820873,1.22043317415327,0,0
2016-10-11 17:00:00,0.0,0.33332202,0.46373266,0.6195503,0.3408555974722143,0.6272994360925677,0.7361545564749037,0.29742214850672544,0.9132792293914745,1.1652855535264224,0,0
2016-10-11 18:00:00,0.0,0.27959162,0.27079475,0.68170387,0.3337829253805632,0.6298739587338708,0.6637865082740376,0.2887697290906404,0.9284587587062547,1.1138395687540417,0,0
2016-10-11 19:00:00,0.0,0.22202161,0.16092259,0.4171517,0.27831173668762815,0.42473645276466665,0.6549296074066078,0.17987031408066895,0.5145353617170784,1.1176105812680277,0,0
2016-10-11 20:00:00,0.0,0.7046648,0.60242486,0.6728708,0.40209269378683815,0.37147414562952613,0.677074088124239,0.40032507851209165,0.4398817049228992,1.1499796705884047,0,0
2016-10-11 21:00:00,0.0,0.37885612,0.7566988,1.3565366,0.4351808502068559,0.38448188779370945,0.6319495839989003,0.4405985149804811,0.45058744006953233,1.0707661715981893,0,0
2016-10-11 22:00:00,0.0,0.6583142,0.5032199,1.189783,0.5806117400194661,0.4294617383535472,0.563224741517547,0.6503910797093154,0.5113313045812979,0.9196438882522596,0,0
2016-10-11 23:00:00,0.0,0.32809693,0.5176337,0.9569892,0.45508909844524476,0.4285908961160413,0.5279451661043044,0.3486528011380539,0.5160110472458748,0.8880472634456408,0,0
2016-11-11 00:00:00,0.0,0.2230081,0.1658723,0.624402,0.40313976609504165,0.41916030815094885,0.5245171334424099,0.32324569144365517,0.4993724652378392,0.8863507172641156,0,0
2016-11-11 01:00:00,0.0,1.0231602,0.8283996,0.94749254,0.5247550668963897,0.552683403457928,0.4887099281112974,0.5217903933627439,0.7453031196990293,0.7505254194309846,0,0
2016-11-11 02:00:00,0.0,1.0719953,1.5498226,2.1662397,0.7727211750322193,0.613905136738732,0.4926896411841291,0.9477276642711993,0.7871950698888562,0.7079015336806886,0,0
2016-11-11 03:00:00,0.0,0.76968825,1.0535779,2.4589205,0.9549478893689152,0.6790438277319784,0.531762857762844,1.0753088099677286,0.8891150065882891,0.7494895457750964,0,0
2016-11-11 04:00:00,0.0,0.35860124,0.5605461,1.2098176,0.7334282549328878,0.629091660914639,0.5292766996340929,0.7041996821737366,0.8517768286290771,0.7458810160611864,0,0
2016-11-11 05:00:00,0.0,1.2536159,1.3050094,1.7905353,0.7939684324617334,0.7833448037469765,0.605967849931509,0.802582830042889,1.1093183225455445,0.909579465515663,1,0
2016-11-11 06:00:00,0.0,0.24391702,1.197827,2.4461596,0.6187113477611295,0.7868296185650223,0.6029949633579854,0.7923685986207036,1.1058751910103235,0.9138031792528982,0,0
2016-11-11 07:00:00,0.0,0.4003819,0.3656818,1.4217607,0.6326382286462817,0.6830332417895847,0.6178583226237566,0.7820348830604457,0.8859267816196525,0.944249447613273,0,0
2016-11-11 08:00:00,0.0,1.7225393,1.6350571,1.8024191,0.7889461167982801,0.7914572746300067,0.7026812056843692,1.0106188063294241,1.184837953868673,1.2497947077903075,0,0
2016-11-11 09:00:00,0.0,2.6218786,1.3668468,1.5709032,1.5816000404417552,1.1001556941014423,0.8895997609167103,1.4499068671822286,1.5605123019447735,1.5414618139444671,2,0
2016-11-11 10:00:00,0.0,1.0087663,3.0500445,4.079759,1.7843948221167367,1.2085165253815093,0.918804093148074,1.7236147352353095,1.7290889711716726,1.6043409605029382,0,0
2016-11-11 11:00:00,0.0,0.43911716,0.94160736,3.7355914,1.3565873961082187,1.072766756453249,0.9280557801001131,1.8571919021143604,1.4945248581967987,1.6085119724943864,0,0
2016-11-11 12:00:00,0.0,0.30600318,0.48000228,1.1937238,0.5846288639870028,1.083114452214379,0.9349720353897005,0.6585317230531795,1.5153230425773765,1.6034667356468555,0,0
2016-11-11 13:00:00,0.0,0.32989463,0.40745717,0.7738884,0.35833832485637107,1.0713665734865538,0.8771999076380693,0.3383642083414183,1.4979078903099692,1.4854961566099214,0,0
2016-11-11 14:00:00,0.0,3.5407612,3.5096188,3.8113477,1.3922197408628327,1.3744035684855256,1.082930421557766,2.117970729555907,2.5494312318704972,2.1220599641002083,6,0
2016-11-11 15:00:00,0.0,1.2020657,4.075788,7.3453135,1.6909072622109713,1.1377680630989877,1.118961878600215,2.419021301468358,1.9160863728863118,2.1855173692077607,0,0
2016-11-11 16:00:00,0.0,2.070398,2.1674557,5.821716,2.2710750898050303,1.3147067073307008,1.261611616356105,3.1546487312914224,2.3600318199856782,2.4299866349749126,2,0
2016-11-11 17:00:00,0.0,0.9417643,1.9779598,3.7282808,1.4047427004712632,1.3984812206670476,1.2356239885601483,1.5271951998222342,2.435587971000423,2.408669795004346,1,0
2016-11-11 18:00:00,0.0,0.43346193,0.9593364,2.5222585,1.148541426454915,1.419724344332943,1.251419398273661,1.3901650390214377,2.4525276022000533,2.419219172637536,0,0
2016-11-11 19:00:00,0.0,0.3327643,0.3202299,1.1287147,0.5693301519951731,1.4202026209001015,1.2457845971933281,0.6194347031915233,2.4588672000547316,2.3945997887621133,0,0
2016-11-11 20:00:00,0.0,0.7570421,0.6297538,0.7882185,0.5077561482906366,0.95624942438095,1.1653264964332382,0.48148766724109293,1.3391271772825233,2.3930341636025987,0,0
2016-11-11 21:00:00,0.0,0.7139775,0.6057858,1.117811,0.6012613441151671,0.8749013852850408,1.0063347241920144,0.45875809319086364,1.275030740831551,1.9726322921651052,0,0
2016-11-11 22:00:00,0.0,1.1543417,1.3976331,1.6180257,0.8751204815362958,0.7222253167657343,1.0184660120482172,0.920416073340633,0.9993126919845606,2.108543091049571,0,0
2016-11-11 23:00:00,0.0,2.9721496,3.074936,4.2531447,1.6134896221776482,1.0606228852341424,1.2295520529505952,2.0189013600292363,1.5022959542180698,2.5220697375373775,7,0
2016-12-11 00:00:00,0.0,2.011503,1.2179215,4.1584477,2.0459980847321266,1.323629714423647,1.371677029378295,1.8413354688972614,1.5899609625325621,2.6393051300754005,4,0
2016-12-11 01:00:00,0.0,0.32533526,1.8095274,2.2294486,1.7696626033153853,1.32239154242584,1.371297081662971,1.567622122507759,1.604127311872963,2.6452978805112157,0,0
2016-12-11 02:00:00,0.0,0.78904957,0.64814025,2.3150113,1.0419625688909169,1.3277260955342822,1.1419877599576163,1.1548101903240109,1.6427346162723508,1.8143117628816172,0,0
2016-12-11 03:00:00,0.0,1.5452404,1.8207917,2.3899176,0.8865417408467959,1.4662699127894616,1.170585649037251,1.1298925145173806,1.9505034865387776,1.9043151873610586,0,0
2016-12-11 04:00:00,0.0,0.9392337,1.9416447,3.6440718,1.0911746089229222,1.4304186061191535,1.0763219614424442,1.4321662044932693,1.726171591856946,1.6416913248300937,1,0
2016-12-11 05:00:00,0.0,0.83793145,0.8083952,2.543026,1.1074685585767028,1.07471556373381,1.067669224483976,1.1550018432809777,1.4553879483367673,1.568847467216979,0,0
2016-12-11 06:00:00,0.0,0.3544759,0.84683585,1.0594214,0.7105470464024297,0.7985443936246129,1.06108705402413,0.7078829364275138,1.1311034049292465,1.5741966700656482,0,0
2016-12-11 07:00:00,0.0,1.1202388,0.95333534,1.6746931,0.7708820207288813,0.9310283148259016,1.126709928625871,0.8960052009728684,1.1984518752275417,1.6307845243371804,0,0
2016-12-11 08:00:00,0.0,0.54814553,0.84021574,1.6392263,0.6742867388686609,0.8908776487226818,1.1093018721284822,0.622091594152073,1.0719170200089165,1.642653328303164,0,0
2016-12-11 09:00:00,0.0,2.3770785,2.1075275,2.7476468,1.3484876530790806,1.029517349740755,1.247893631265108,1.556027910080265,1.485486248900438,1.9683405730861876,2,0
2016-12-11 10:00:00,0.0,3.2086012,3.7710617,5.571513,2.0446084860224176,1.4077452533756498,1.4190819297474013,2.4383682366902324,2.021883591488036,2.2557808870575538,1,0
2016-12-11 11:00:00,0.0,0.9150303,3.0701375,6.197998,2.166903409332149,1.420595074100405,1.2476553189171073,2.5553806242299997,2.0215547541355225,2.0420465331113764,0,0
2016-12-11 12:00:00,0.0,0.6896222,0.8303333,3.5053139,1.6044179393009457,1.4764527961900131,1.1374985949073129,1.9789298373809914,2.0965099309720623,1.8088616684699048,0,0
2016-12-11 13:00:00,0.0,0.77125555,0.5174397,0.90217704,0.7919693936009441,1.4182889398116816,1.1746586273187913,0.6369278638858705,2.161274433708298,1.8348458224844235,0,0
2016-12-11 14:00:00,0.0,0.6311105,0.3719741,0.70417464,0.6973294371363224,1.4321164232342356,1.1614970359784587,0.3673770922401712,2.151639117180079,1.807505902911346,0,0
2016-12-11 15:00:00,0.0,1.246862,0.9055336,0.9626623,0.8830760207778997,1.2437469800394227,1.136632164890089,0.6292849634357092,1.6585999370123188,1.7962503982104714,0,0
2016-12-11 16:00:00,0.0,3.22389,2.6695359,2.215874,1.7006207516145164,1.2462950726077306,1.3270201629916898,1.8749476935909122,1.602622694461265,2.1361401907621813,3,0
2016-12-11 17:00:00,0.0,0.4488301,3.273529,5.884665,1.6398606084434042,1.1685950227898632,1.2945950484451343,1.8737195991615174,1.4976109730189655,2.132825155432444,0,0
2016-12-11 18:00:00,0.0,0.56509167,0.39011964,3.4727747,1.4126038456420495,1.1478399332099745,1.3121463646999938,1.9577291281923448,1.5290530022115736,2.1244027362873896,0,0
2016-12-11 19:00:00,0.0,2.377241,2.2547786,2.4874563,1.1303876036946852,1.4155041776546007,1.4168965587331412,1.4172266291848512,2.0575079053463305,2.255506354131595,3,0
2016-12-11 20:00:00,0.0,0.746632,2.266466,4.4325175,1.229654950346047,1.4347577793947255,1.4334371013144807,1.412262788583277,2.060916472115114,2.2383377644830857,0,0
2016-12-11 21:00:00,0.0,0.30267,0.7566116,2.6990366,1.1421810589889119,1.277392452315481,1.2605697161774516,1.5086639710251875,2.084609714330685,2.0686858405596027,0,0
2016-12-11 22:00:00,0.0,0.57217944,0.42550814,1.0666211,0.5404938359361956,0.8354407198154403,1.0408678962115852,0.5080241072899122,1.2201941044493825,1.7194730019528661,0,0
2016-12-11 23:00:00,0.0,0.63793486,0.2983796,0.5715095,0.5042614136165737,0.8669581819813104,1.0177766023855868,0.35990167807629203,1.2181349150891208,1.6714529327668322,0,0
2016-11-13 00:00:00,0.0,0.48826325,0.31778175,0.55414116,0.5661258432650103,0.8541534511269611,1.0009966921684676,0.2795024769261357,1.2002565513880605,1.6712751226257383,0,0
2016-11-13 01:00:00,0.0,0.29750153,0.32204685,0.50365925,0.4745665461372685,0.5075301910367322,0.9615171843456665,0.29432799756991285,0.44342276687473886,1.6444010970665943,0,0
2016-11-13 02:00:00,0.0,0.30541232,0.23422658,0.49269974,0.3637257169006219,0.43399356525859784,0.9343756723266615,0.2529353943700076,0.32334770199523055,1.6280650253694837,0,0
2016-11-13 03:00:00,0.0,1.3893396,1.242408,1.3764596,0.6640845096236976,0.6151051764443536,0.9462488143799171,0.7601029286657099,0.6571301251672788,1.8139192268255748,0,0
2016-11-13 04:00:00,0.0,0.5460886,1.3736234,2.4732797,0.746946849092655,0.6107566976149619,0.723098708715201,0.8972641356793659,0.7465961801675032,1.161954220070915,0,0
2016-11-13 05:00:00,0.0,0.7643699,0.7115718,2.0221028,0.8999327163252555,0.6318292166129387,0.7493936992971246,0.8139188504719889,0.7480049139792015,1.182837632439193,0,0
2016-11-13 06:00:00,0.0,1.3405854,1.4038961,2.0357628,0.8836812655996013,0.7738828876116496,0.814018169369305,0.8642820524071942,1.045581011190537,1.334811659627013,0,0
2016-11-13 07:00:00,0.0,0.32188344,1.2064542,2.460759,0.808946223084047,0.7779465360883511,0.6427383635625417,0.9031573149776299,1.0242858336876361,0.9252135929219376,0,0
2016-11-13 08:00:00,0.0,2.4372945,2.3448546,3.4148965,1.3665878236736666,1.1332602699994614,0.7836269176290295,1.822780327496928,1.5363975242181198,1.266866357499837,0,0
2016-11-13 09:00:00,0.0,1.17406,2.7318573,4.917111,1.3110794142059565,1.097380339902779,0.8562427581735665,1.7135273219299658,1.5226841823435697,1.3625910559671557,0,0
2016-11-13 10:00:00,0.0,0.41770583,1.0536819,3.5408094,1.3430202205546218,1.0759832218193346,0.8433699597171481,1.6712729434846372,1.533562891329069,1.3497093293372588,0,0
2016-11-13 11:00:00,0.0,0.57297474,0.50073516,1.3400826,0.7215802241174453,1.0440840238955564,0.8379566202542474,0.7490451409603153,1.6042145177429379,1.3754567532408333,0,0
2016-11-13 12:00:00,0.0,0.9490531,0.8421476,1.1546456,0.6465778818335736,0.9788286480197651,0.8763557678157075,0.5981795668480774,1.4981229225975683,1.4465583963895283,0,0
2016-11-13 13:00:00,0.0,0.24994132,0.8666454,1.620207,0.5906563727946845,0.9668382966746532,0.8723924163815021,0.6223638196134508,1.48690809738067,1.4466507097388974,0,0
2016-11-13 14:00:00,0.0,0.72234595,0.6272293,1.3856285,0.6404467837881013,0.6810135039527733,0.9071368869761169,0.7613769509189402,0.9274208505913482,1.4548597035778448,0,0
2016-11-13 15:00:00,0.0,0.52818865,0.87371206,1.4771252,0.500158657064762,0.5733682694491676,0.8353743046759735,0.513421139680884,0.7326347791040225,1.365279468979123,0,0
2016-11-13 16:00:00,0.0,0.42292923,0.5090907,1.2909906,0.557821303431241,0.574238838112963,0.8251110299661483,0.6001580219554387,0.7116847315581056,1.3827096531263203,0,0
2016-11-13 17:00:00,0.0,0.78213245,0.6274136,1.004264,0.5777501236809692,0.6090984537345355,0.8265912388150455,0.5277494061024963,0.7885232404464271,1.4359490954501846,1,0
2016-11-13 18:00:00,0.0,0.75206196,0.6539514,1.1827686,0.6523745597174117,0.5762666083910871,0.777547628205426,0.5040908566770989,0.6549566377021878,1.310343871709209,0,0
2016-11-13 19:00:00,0.0,0.724772,0.66267353,0.96619636,0.7529888003492917,0.6554050518902664,0.8111216742824598,0.5500051969708258,0.7013110330761093,1.314540012584246,0,0
2016-11-13 20:00:00,0.0,70.12093,70.371216,70.93953,23.86592323315046,12.221836678415716,6.4514250911842455,40.735435671399856,29.029134860843754,20.945099728948193,3,0
2016-11-13 21:00:00,0.0,20.659836,67.32911,137.31038,30.501847935120935,15.577111247419172,8.075239758434167,42.72800166690285,31.910871988000693,23.12181642242416,8,0
2016-11-13 22:00:00,0.0,5.9792304,16.368603,66.742516,32.253333994567356,16.503161397458317,8.538700117785643,41.59095375877248,31.795820967747982,23.207014363161086,5,2
2016-11-13 23:00:00,0.0,0.97023135,5.5262346,12.818725,9.203099231208837,16.534511232179653,8.571804842957093,11.224120707771029,31.790230783417474,23.24131661079562,1,3
2016-11-14 00:00:00,0.0,0.8393228,0.9283193,5.934964,2.5962614746462664,16.54905470488359,8.562660656637341,3.3807696904969937,31.77028009655145,23.2380509240483,0,1
2016-11-14 01:00:00,0.0,0.66361,0.7258313,1.3356051,0.8243880759629687,16.538861035265153,8.597133043577713,0.6453315315121585,31.72860140095643,23.234893476431967,0,1
2016-11-14 02:00:00,0.0,1.191251,0.8365745,1.0635717,0.8980612984069628,5.050580264807899,8.636208471611807,0.7634541934619552,8.786053271883466,23.217026013288997,0,1
2016-11-14 03:00:00,0.0,4.692841,3.8980188,3.7703233,2.182567440981376,2.3894144578138206,8.983262852616496,2.4819714572434224,3.8909743541051713,24.05498669994826,7,0
2016-11-14 04:00:00,0.0,0.6873494,4.107531,7.938687,2.190480582079672,1.5074343290213201,9.00529786323982,2.4514613409922954,2.032331184050477,24.03748943331286,0,1
2016-11-14 05:00:00,0.0,0.8030599,0.6290905,4.3410616,2.0610835080544008,1.479572403230682,9.007041817705165,2.4919629850819316,1.9801925843214236,24.003680512472272,0,0
2016-11-14 06:00:00,0.0,1.6773202,1.5971247,2.0219674,1.0559097947803227,1.6192386178808493,9.084146661382226,1.0077095375964935,2.210772441067787,24.13793487028972,1,0
2016-11-14 07:00:00,0.0,1.8253433,1.4419883,2.102055,1.4352411311433397,1.812860856611505,9.17586094593833,1.3480096837724886,2.4971870392346918,24.312074423556503,2,0
2016-11-14 08:00:00,0.0,0.5919696,1.6815624,2.9776762,1.3648777010666113,1.7129806045605063,3.3817804346842038,1.2209516509034755,2.505267626777555,7.702217873806698,0,0
2016-11-14 09:00:00,0.0,0.4832328,0.43764585,1.913548,0.9668485873661733,1.0113791910732481,1.7003968244435346,1.102849536103223,1.207857615022257,3.313237107654195,0,0
2016-11-14 10:00:00,0.0,0.44819313,0.34445822,0.6343419,0.5077984863457614,0.9715198087445505,1.2394770688829353,0.3393476200826372,1.1868096833303028,1.999883288576187,0,0
2016-11-14 11:00:00,0.0,0.84723264,0.6231099,0.7827339,0.592886139767715,0.9788819204171633,1.2292271618239228,0.4746315900547031,1.23095493751481,1.9655075128561168,0,0
2016-11-14 12:00:00,0.0,0.47019005,0.8473178,1.3402431,0.5885385674594075,0.7776935774127902,1.1984660976468198,0.5216303310190047,1.063671853263514,1.9468657283430666,0,0
2016-11-14 13:00:00,0.0,0.9306583,0.9067616,1.7410711,0.7493602826025698,0.6285793844741655,1.2207201205428357,0.7758788638014441,0.6584368675975611,1.9607360405371645,0,0
2016-11-14 14:00:00,0.0,1.1211314,0.864203,1.2837509,0.8406598948116731,0.7167730172896941,1.2148768109251002,0.7493146849904055,0.7829381924376903,1.9712533445876814,1,0
2016-11-14 15:00:00,0.0,0.7020776,1.0817899,1.7101964,0.9179557629740989,0.7532471652167531,0.8823131781450003,0.7601093677459673,0.8398600088042225,1.2420560099312024,0,0
2016-11-14 16:00:00,0.0,1.5212013,1.0691204,1.7173691,1.1148034050451554,0.9320818438238626,0.9518008262842066,1.0558212473567257,1.0796533495637646,1.2699587208653222,0,0
2016-11-14 17:00:00,0.0,2.6611042,1.9854323,2.3887315,1.6281276936037767,1.234393794207725,1.106637857312444,1.4989192761488614,1.4824788248833267,1.5091630013815287,0,0
2016-11-14 18:00:00,0.0,1.815223,3.014586,4.7617183,1.9991761437382074,1.4585659533561528,1.1181297653844717,2.102053920644632,1.9097126447101145,1.726128431587479,1,0
2016-11-14 19:00:00,0.0,0.26259077,1.6368517,4.3449726,1.5796393412372245,1.34722137314119,0.9879003788076777,2.026719817768657,1.9357854264753052,1.5724107122750555,0,0
2016-11-14 20:00:00,0.0,0.36261153,0.3617652,1.7717507,0.813475097437249,1.2208013955205126,0.9687872064051034,1.0664247229092005,1.7741506010272454,1.5655262073241918,0,0
2016-11-14 21:00:00,0.0,0.30174452,0.25901502,0.56839913,0.308982264236336,1.1540792039872716,0.9536631846020123,0.24838343238521635,1.7659491839335397,1.5574181412815353,0,0
2016-11-14 22:00:00,0.0,0.480206,0.378403,0.602198,0.3815206989968777,0.980580020117051,0.9563309319704569,0.27193525456788525,1.5992498268694026,1.555955142938258,0,0
2016-11-14 23:00:00,0.0,0.39529637,0.4008165,0.6093355,0.3924156490874297,0.6029453732623394,0.9186695837350318,0.3306794816788234,0.8554886702307873,1.502125456358226,0,0
2016-11-15 00:00:00,0.0,1.6511667,1.5078989,1.8079475,0.8422231116986942,0.5756026879675151,1.0170843206618343,0.9686883968543484,0.8284486749433171,1.661337222811673,3,0
2016-11-15 01:00:00,0.0,3.330514,3.8794775,5.284875,1.7923255866917422,1.0869231428443102,1.21707225799275,2.4942219940953,1.8796505387300493,2.0925517606962383,2,0
2016-11-15 02:00:00,0.0,0.57325256,3.2018366,6.8064213,1.851644312238509,1.1220299806629692,1.1714156880917412,2.53974989061585,1.9318396688771262,2.0784452272357217,0,0
2016-11-15 03:00:00,0.0,0.6296885,0.7363083,3.3256388,1.5111515132156803,1.1766873124571875,1.1653832582222292,2.073741233283409,2.030675075451292,2.098975823940745,0,0
2016-11-15 04:00:00,0.0,0.47342625,0.8298795,1.3910962,0.55878909784469,1.1755573422682157,1.0780686811926337,0.6520208726639243,2.046201756694369,2.006581578248586,0,0
2016-11-15 05:00:00,0.0,1.230289,1.2118291,1.8055644,0.777801212371509,1.314722762305009,0.9588340677836742,0.92074462466484,2.0557293216288257,1.7586734419269814,0,0
2016-11-15 06:00:00,0.0,0.4015262,1.1708149,2.3008115,0.7017471306624113,1.1064493219390454,0.8410260049532804,0.7823000897589633,1.7139872948406587,1.6030470295588273,0,0
2016-11-15 07:00:00,0.0,1.7263991,1.6254958,2.7219393,1.1194047405981744,0.8390969192214325,0.9630100310328712,0.9782594320957596,0.999675093658408,1.7220212100662824,0,0
2016-11-15 08:00:00,0.0,0.734341,1.7684747,3.2720134,0.9540887907446866,0.8659450015580982,0.9939874911105336,1.1174495025231712,1.0741090852188546,1.7647409614513963,0,0
2016-11-15 09:00:00,0.0,1.081362,1.122017,2.7902656,1.1807006564362084,0.9412238935493098,1.0589556030032485,1.3221991650365357,1.1152938315476548,1.7862711681418681,0,0
2016-11-15 10:00:00,0.0,0.690818,1.0073327,2.0113852,0.8355069565508576,0.9774558485745157,1.076506595421366,0.7645921649312177,1.1446222900541387,1.7913598565346884,0,0
2016-11-15 11:00:00,0.0,0.6902458,0.6036688,1.223268,0.8208085399097247,0.8874486653272058,1.1010857138161076,0.7779715994299905,1.1295160988802488,1.8000162182552137,0,0
2016-11-15 12:00:00,0.0,1.2321271,0.7253186,0.86327356,0.8710636313811944,1.0258821439087014,1.0661657329238736,0.6243883675590515,1.2277171861677605,1.6901363193063001,0,0
2016-11-15 13:00:00,0.0,2.6806686,1.8338046,1.4604001,1.5343471518238916,1.1849270541873747,1.0120119867044028,1.2999732943796096,1.3671465666050697,1.489915934974282,3,0
2016-11-15 14:00:00,0.0,1.8869551,3.9639292,5.747795,1.9332502648957406,1.3770294024027327,1.1214872019804156,2.2134502776129152,1.8964910155596626,1.6213492093751105,3,0
2016-11-15 15:00:00,0.0,2.508331,3.554642,7.1507,2.358651607400959,1.6148576193910764,1.2780407564701932,2.8421366907487835,2.1403641924119574,1.8594744107834367,6,0
2016-11-15 16:00:00,0.0,0.7356087,1.8386093,5.3123784,1.710298325284289,1.6223227385540901,1.2998892935643032,2.0326636206198896,2.10949908324193,1.861988865213292,0,0
2016-11-15 17:00:00,0.0,0.69791067,0.6547255,1.8879075,1.3139501673370633,1.6236002161164018,1.2555244407218038,1.3274072438741786,2.1887250116836965,1.898023444023163,0,0
2016-11-15 18:00:00,0.0,0.93247366,1.1570946,1.4741998,0.7886643167830802,1.5736579620920195,1.2997700530003606,0.876311256884748,2.3772712857034715,1.9454584373994597,0,0
2016-11-15 19:00:00,0.0,2.75782,3.0860732,4.100121,1.4627347178003405,1.586516521542315,1.3857217878648445,1.9700815621050054,2.6428866188068088,2.3920450485431606,4,0
2016-11-15 20:00:00,0.0,2.6076531,3.454355,5.9818606,2.0993155488062447,1.7066328580716543,1.5418311302371934,2.410159998747285,2.6996511222654975,2.5105271272538143,0,0
2016-11-15 21:00:00,0.0,1.7875519,1.6635575,4.515731,2.3843416293191706,1.5865029730511253,1.6006802962211013,2.194935163763591,2.1430125006063427,2.4858903266060284,0,0
2016-11-15 22:00:00,0.0,2.6301186,2.2614024,3.0576377,2.3417745022462046,1.902254610023272,1.7622886742886812,1.7022383970867403,2.2640907701075723,2.5698578974591517,1,0
2016-11-15 23:00:00,0.0,1.3477414,1.7640857,3.9530299,1.9218039209540687,2.010559734880157,1.8170799754982794,1.382642550645995,2.1531093332594695,2.559294774060433,0,0
2016-11-16 00:00:00,0.0,0.74537367,0.93159485,2.0241086,1.5744111825831395,1.9793764059511552,1.7765171840215865,1.2856881128924882,2.000259350730087,2.5602256179620793,0,0
2016-11-16 01:00:00,0.0,2.299102,1.9809847,2.8180108,1.4640723478656832,1.9029234250559441,1.7447199732991294,1.2133414858481653,1.7810286119604741,2.4445942011819297,0,0
2016-11-16 02:00:00,0.0,1.4289056,2.257685,3.864611,1.491127070025974,1.7064654954900218,1.7065491767808376,1.4770372963133032,1.6565053063356023,2.331993466647394,0,0
2016-11-16 03:00:00,0.0,1.1561463,1.2275121,3.1072073,1.6280512917776013,1.6012312371803703,1.5938671051157478,1.5217967591514847,1.7084218695483675,2.0275329893260907,0,0
2016-11-16 04:00:00,0.0,1.5849758,1.5753069,2.6178944,1.3900092343739756,1.4270407911198297,1.664647700571551,1.0902164346562668,1.4821822749780227,2.096670941922958,0,0
2016-11-16 05:00:00,0.0,2.0697188,2.893351,4.2826533,1.6036136730980224,1.5473703715619977,1.7789650532210781,1.92793093151127,1.7859582444113775,2.216193618102868,3,0
2016-11-16 06:00:00,0.0,1.461545,2.5046897,5.0030746,1.7054131988229597,1.6667322453002802,1.8230543256257177,1.865647648648242,1.9291933853283332,2.189416739118464,0,0
2016-11-16 07:00:00,0.0,1.0650829,1.1840585,3.4936285,1.5321155740570658,1.461062404215521,1.6819929146357329,1.5728968578477216,1.6373401831975214,1.859451292562708,0,0
2016-11-16 08:00:00,0.0,0.5676521,0.87598294,1.4608072,1.0314266519352282,1.3175201625166253,1.5119928290033229,0.9782416179544536,1.6525537571546465,1.796521648629362,0,0
2016-11-16 09:00:00,0.0,1.3016374,1.1066357,1.6135464,0.9781242178028328,1.3417687083128966,1.4714999727466334,1.012545058695576,1.726343026519332,1.8790832605508372,1,0
2016-11-16 10:00:00,0.0,1.1860579,0.91757506,1.8876231,1.0184491940735187,1.2752823840652932,1.3511615875925613,0.7874072882634515,1.7270370243579178,1.7097952827236285,1,0
2016-11-16 11:00:00,0.0,0.80052245,0.72349316,1.417192,1.0960726420344993,1.0637496469848637,1.3055600092734307,0.7378835304208741,1.2139756560348502,1.7147294217508628,0,0
2016-11-16 12:00:00,0.0,3.7555637,3.1724184,3.4420784,1.9140480460561622,1.4460861319294975,1.5564091886148883,2.046645613281251,1.8855647531825077,2.3848621130934937,4,0
2016-11-16 13:00:00,0.0,0.84037656,3.5242374,6.6454434,1.7988209126374128,1.4086350533554663,1.4348487287854939,2.1078649782189327,1.8136715346802974,2.181905081200741,0,1
2016-11-16 14:00:00,0.0,1.2385747,1.128482,3.8766623,1.944838318961597,1.520455480498048,1.4189878215073373,2.444489368153611,2.0102629876785163,2.307258408745415,2,0
2016-11-16 15:00:00,0.0,0.86510885,1.2701377,2.297754,0.9813533222043966,1.4477006841302784,1.3947346962215874,0.7950828202279017,1.9778699442330852,2.278489855284483,0,0
2016-11-16 16:00:00,0.0,0.7419821,0.89584863,2.0104551,0.9485551886314627,1.3736880506344384,1.3244852173498656,0.9237366644791704,1.94443838335856,2.209016659999257,1,0
2016-11-16 17:00:00,0.0,0.9062825,0.4412076,1.0784503,0.8377911164703238,1.3913147177159602,1.227532182350412,0.5762350112946604,1.93104600426644,1.8729206995574537,1,0
2016-11-16 18:00:00,0.0,0.4150447,0.61812973,0.8211737,0.6877697663456612,0.8345615442750288,1.1403238381022631,0.417913543498698,0.7808011866892685,1.681002991022793,0,1
2016-11-16 19:00:00,0.0,1.0172482,0.72395283,1.150739,0.7795250866900306,0.8640401376607469,1.1363375955081063,0.7195757738348154,0.9680454108753358,1.7324078383606172,0,1
2016-11-16 20:00:00,0.0,0.7515837,0.85084915,1.4899346,0.7279588400149402,0.7828749782426321,1.1516652293703402,0.5533159318240962,0.7735391383124965,1.7778025307008518,0,1
2016-11-16 21:00:00,0.0,1.9068029,1.3902583,1.7878593,1.2252115298893071,0.9564906481174843,1.2020956661238815,1.1580950253883102,1.1215812011145572,2.0273922850544293,2,1
2016-11-16 22:00:00,0.0,1.0817919,1.7459983,2.96567,1.2467261289404115,1.0131256078152207,1.1934068292248297,1.0206859833171187,1.114139263738091,1.9907443214459575,0,1
2016-11-16 23:00:00,0.0,0.96564627,0.8706688,2.3657947,1.318080321131431,1.0230195805731854,1.2071671491445726,1.2108123945183342,1.1203445957876172,2.04163178753357,0,1
2016-11-17 00:00:00,0.0,0.48835802,0.5981309,1.3229628,0.8452653958626599,1.0352384628759832,0.9349000035755062,0.5895155809493757,1.108028611969141,1.23177376126535,0,1
2016-11-17 01:00:00,0.0,0.7395612,0.516177,0.9493908,0.731188515112351,0.9889573220263813,0.9264987298435642,0.5346599378851663,0.989136049124948,1.2157798521882628,0,1
2016-11-17 02:00:00,0.0,1.8039424,1.5951229,1.8828219,1.010620578995355,1.1643504500633937,0.9736127141530129,0.9854304480969415,1.3328607731450128,1.2051351575416804,0,1
2016-11-17 03:00:00,0.0,0.47873262,1.7775657,3.3324482,1.007412102692216,0.9263387492774379,0.9414146986974612,1.0717880834858216,0.9932306181108409,1.1900163530343328,0,0
2016-11-17 04:00:00,0.0,1.2741919,1.0716922,2.7342262,1.1856222919671802,0.9584054035397659,0.9857655056774933,1.3275985281241658,1.1211323709180858,1.2246382000604252,0,0
2016-11-17 05:00:00,0.0,0.4606773,1.1028559,1.9574345,0.7378672323582341,0.8742439056767949,0.9486317431249902,0.7142169227475402,1.0886116747668169,1.198329986341809,0,0
2016-11-17 06:00:00,0.0,0.8157283,0.7185016,1.6347263,0.8501991168737564,0.9288056097829859,0.9820220363294846,0.8658363279431698,1.2145928940022301,1.296800666554541,0,0
2016-11-17 07:00:00,0.0,0.84294134,1.236968,1.6876531,0.7064489749945786,0.94603563348088,0.9674964777536305,0.7898973656367592,1.2465253600390651,1.2897097085270801,0,0
2016-11-17 08:00:00,0.0,0.7191241,1.1480113,2.3187115,0.7925978723287268,0.7652325523434802,0.9647915012034364,0.8637804094350044,0.9144536173161417,1.3217519809111855,0,0
2016-11-17 09:00:00,0.0,0.8090704,0.61796665,1.32599,0.7903785617778303,0.8202888393257934,0.8733137943016157,0.8347147315053228,0.9811009691183907,1.1444202481826133,0,0
2016-11-17 10:00:00,0.0,0.8953839,0.71304286,1.196771,0.8078594278149781,0.7571542014047784,0.8577798024722721,0.5862151845096052,0.900918291687373,1.158643114930124,0,0
2016-11-17 11:00:00,0.0,0.6689015,0.54084575,1.046356,0.7911185951258858,0.7918582337273063,0.8330510697020503,0.5000383521509754,0.8722329151033672,1.1186982682891882,0,0
2016-11-17 12:00:00,0.0,0.67837256,0.52345085,0.7821637,0.7475526732697263,0.7689656175237782,0.8488856136533822,0.4517984951169416,0.7831843671991455,1.1287433085891097,0,0
2016-11-17 13:00:00,0.0,2.341807,2.133879,2.4404604,1.2296936181700466,1.0187765229925128,0.9824060782366959,1.3556191168444116,1.2697297974273416,1.4858650832127442,2,0
2016-11-17 14:00:00,0.0,1.7149585,3.5149457,5.5549684,1.5783793707316731,1.1847489829287792,0.97499076763613,2.090295112705127,1.6450947663768534,1.433958473388404,0,0
2016-11-17 15:00:00,0.0,1.0046932,1.5107257,4.796653,1.687152858387657,1.217352765828692,1.0188208025772425,2.199895295034622,1.7285688967190558,1.458142774957382,0,0
2016-11-17 16:00:00,0.0,0.5081994,0.9757754,1.8019714,1.0759503722665547,1.1528219952183008,0.9549880983115397,1.0890398557718721,1.7402843380029853,1.4369742856642354,0,0
2016-11-17 17:00:00,0.0,0.30926588,0.40781623,1.2247552,0.6073860754054752,1.092882723068574,0.9423704783979403,0.5979579299201614,1.738843245786295,1.4309109451751725,0,0
2016-11-17 18:00:00,0.0,0.4557746,0.37009928,0.5759634,0.42441326754744796,1.0557830629675526,0.9123743402456655,0.3435148527286367,1.6731117391256534,1.4197596911274892,0,0
2016-11-17 19:00:00,0.0,0.29268527,0.37853658,0.579091,0.352575235384516,0.714262803825535,0.8665196634090236,0.30135321965592193,0.8910904312432253,1.4057228817239134,0,0
2016-11-17 20:00:00,0.0,0.31697416,0.18767162,0.5177031,0.3551446619646851,0.48126536868508013,0.8330071758069294,0.22987691590055828,0.5407539241878297,1.397334113436222,0,0
2016-11-17 21:00:00,0.0,1.3697331,1.2661461,1.350284,0.6597974795430667,0.5421053735452572,0.8797290696869748,0.7432671440562978,0.7430565129623546,1.593063898567087,1,0
2016-11-17 22:00:00,0.0,1.0395974,1.513811,2.4301515,0.9087681811565568,0.6306717082705365,0.8917468517444184,0.9796308620639554,0.8556743251282158,1.6276871788047014,0,0
2016-11-17 23:00:00,0.0,0.34874868,0.71943986,2.08761,0.9193596799816799,0.6372521709731824,0.8650674470208785,0.9424203862385863,0.8179728500230444,1.6285725503652342,0,0
2016-11-18 00:00:00,0.0,1.6099359,1.6009663,2.1969948,0.9994272911168195,0.8296123853299431,0.9426977241487479,1.2715556428769372,1.2908477877076132,1.7500799846906028,3,0
2016-11-18 01:00:00,0.0,1.1419414,2.387482,3.9279451,1.033541982921648,0.9711550820391018,0.8427089429323186,1.4493506870973352,1.6055778169351365,1.468993107400812,0,0
2016-11-18 02:00:00,0.0,0.61528116,1.3460364,3.6255856,1.1223861602034015,1.0208729200925406,0.7510691443888102,1.5729806977974072,1.6402660929546402,1.3603683161342899,0,0
2016-11-18 03:00:00,0.0,0.34831336,0.6202686,1.9544721,0.701845321752832,0.8506363064348256,0.6963708399900415,0.869944100794772,1.3765594807685335,1.291134172548314,0,0
2016-11-18 04:00:00,0.0,1.2182373,1.0453752,1.5277764,0.7272772871415151,0.8804096350315814,0.7555406716510591,0.8601216120355092,1.4123165107390692,1.4040781329101355,0,0
2016-11-18 05:00:00,0.0,0.99420434,1.4110087,2.355981,0.8535850180827156,0.9879855891430588,0.8126188800581206,0.9168315445169719,1.5509156297387208,1.5249777516383325,0,0
2016-11-18 06:00:00,0.0,0.30932227,0.96648824,2.040078,0.840587974359938,0.771216648056385,0.800414516693164,0.947562301337637,1.1589419612673753,1.5356513984478282,0,0
2016-11-18 07:00:00,0.0,3.3475416,3.1766589,3.911959,1.5503562017745076,1.138816744458011,1.054985913248557,2.1896590922859662,1.7990912655933287,2.1754681440574015,3,0
2016-11-18 08:00:00,0.0,0.4908319,3.34364,6.421552,1.3825653822827035,1.1180752001827097,1.0694740601376251,1.9895605351707653,1.748797169064616,2.1979971824289772,1,0
2016-11-18 09:00:00,0.0,1.4402846,1.2313187,4.4472947,1.7595528162906944,1.300070395325316,1.0753533508800712,2.149297649381782,1.8537815095587333,2.00117249315118,0,0
2016-11-18 10:00:00,0.0,1.8250674,2.0120752,2.9234362,1.2520612560145932,1.40120872889455,1.1408091819630655,1.4282856508299469,2.2654555014131748,2.12551853993349,0,0
2016-11-18 11:00:00,0.0,0.44130108,1.4963869,3.2119713,1.2355509742963464,1.3090581782895252,1.148521883716292,1.3632342598783034,2.117567815907686,2.132312425934761,0,0
2016-11-18 12:00:00,0.0,1.1788425,0.825759,2.2769225,1.1484036373130895,1.453978226801892,1.1125974374291383,0.9193177037503679,2.1589779626125214,1.9846457222708618,1,0
2016-11-18 13:00:00,0.0,0.7321735,1.3052093,1.9976581,0.7841057187610021,1.0180834873877975,1.0784501159229045,0.773551173702349,1.2395745354263163,1.837899870798207,1,0
2016-11-18 14:00:00,0.0,0.9828475,0.83757293,1.762082,0.964621210151556,1.100086092223951,1.1090806462033305,0.945001430310417,1.2987924776798383,1.8275988662933902,0,0
2016-11-18 15:00:00,0.0,1.0998282,1.1956112,1.5757787,0.9382831361474597,1.0433433867302746,1.171706891027795,0.8387169662872007,1.1516486104734165,1.8455787187236177,0,0
2016-11-18 16:00:00,0.0,0.4970072,0.91814363,1.9371389,0.859894346083284,0.8220000324221433,1.1116043806583467,0.7997820821371989,0.8939676434980164,1.8087289170293046,0,0
2016-11-18 17:00:00,0.0,0.664188,0.738501,1.3554384,0.7536745175216801,0.8591478638366177,1.0841030210630713,0.7624993005370496,1.0001236755222442,1.790009328480345,0,0
2016-11-18 18:00:00,0.0,0.43629685,0.5443837,1.2073407,0.5324973533718812,0.7353902447596702,1.094684235780781,0.46754148849753246,0.8252683127760919,1.794573316260378,0,0
2016-11-18 19:00:00,0.0,0.8928203,0.7630365,0.98456955,0.6644350554978232,0.7621647007905539,0.8901240940891753,0.6384142114268246,0.8766054445182294,1.1976890764946135,0,0
2016-11-18 20:00:00,0.0,0.5481432,0.5397363,1.0709556,0.625753445362324,0.6897139814420018,0.8949000368329764,0.4972527098008851,0.7310489098430092,1.1837188343167708,0,0
2016-11-18 21:00:00,0.0,0.4647423,0.23285624,0.64509916,0.6352352674028647,0.5838663103873729,0.813604848558824,0.3548953457704572,0.5416679218785371,0.9869435535569782,0,0
2016-11-18 22:00:00,0.0,0.9619364,0.7490485,0.8092944,0.6582739848894814,0.661354520193652,0.7416772763078975,0.4782224403870555,0.6978195358695825,0.9160215718243,0,0
2016-11-18 23:00:00,0.0,1.9846814,1.6458755,2.1397479,1.1371201004777935,0.8814367729200587,0.8702923183783381,1.0705701173301734,0.9143232935808682,1.1285978230993907,3,0
2016-11-19 00:00:00,0.0,0.874853,2.0924687,3.438912,1.2738236778168923,0.9545294726098784,0.8449598586847746,1.3198685330334805,1.051342969009078,1.1835023878862128,0,0
2016-11-19 01:00:00,0.0,0.51303923,0.7552621,2.696758,1.124191293332476,0.8912326391109787,0.8266986699507659,1.285352129996185,1.0720728552772345,1.1620041351881163,0,1
2016-11-19 02:00:00,0.0,0.40357625,0.40118253,1.1199322,0.5971561851005136,0.8671381427891536,0.7784260621155777,0.5346469412187755,1.1205799028449617,1.086747381073066,0,1
2016-11-19 03:00:00,0.0,0.6392928,0.6669497,0.9660044,0.518636114898044,0.8962298963574681,0.7400481033724206,0.49843355857638477,1.2228801261889244,1.0491257136778767,0,0
2016-11-19 04:00:00,0.0,0.6030127,0.72762924,1.1681746,0.5486272557657074,0.8364092745490915,0.7488818973713718,0.5556583222107586,1.1729704775427339,1.0599807784446078,0,0
2016-11-19 05:00:00,0.0,0.50920004,0.48478365,1.0219944,0.5838351848599692,0.5904956849802415,0.7359662289501501,0.4927052921693416,0.6383591291158012,1.0284105689536844,0,0
2016-11-19 06:00:00,0.0,0.902515,0.64794713,0.8827675,0.6715758892048687,0.5951060020514561,0.7748177373306674,0.5410620761991176,0.6299175913824162,1.0410625668609366,0,0
2016-11-19 07:00:00,0.0,1.2989948,1.1653725,1.6877267,0.9035699072144976,0.7260985814901024,0.8086656103005405,0.8267513190590191,0.8276579450843863,1.173049747119534,0,0
2016-11-19 08:00:00,0.0,0.48305374,1.217086,2.0498085,0.8948544784675332,0.7393448316637514,0.8032414872264521,0.9254321824875852,0.8697889199156147,1.2019237889851042,0,0
2016-11-19 09:00:00,0.0,1.6076674,1.5239624,2.590963,1.1299052931481972,0.9007405911765329,0.8984852437670003,1.3300411748005274,1.1553642748706425,1.3753561391270779,0,0
2016-11-19 10:00:00,0.0,2.1841908,2.553705,3.8491838,1.4249706174732426,1.16427026234387,1.0003397684464803,1.710900797539479,1.6500074587933546,1.6315267471535735,5,0
2016-11-19 11:00:00,0.0,1.7305098,1.6496875,3.7909188,1.8407891727232382,1.3678218255953853,0.9791587552878138,1.7763919828919006,1.7592883662101153,1.4124581934280127,0,0
2016-11-19 12:00:00,0.0,0.88204706,1.6092253,2.1437736,1.5989157609109141,1.3644105270295561,0.9797582645405062,1.3870782693700825,1.7460306021516927,1.4254536829495867,1,0
2016-11-19 13:00:00,0.0,0.65061074,0.97347754,2.240111,1.0877224368087461,1.2563465271409948,0.9912225543155487,1.2409315262741718,1.6240049666783243,1.4703107494462944,0,0
2016-11-19 14:00:00,0.0,0.7134596,0.84085804,1.6868486,0.7487058459612805,1.2947475093422594,1.0170461705030054,0.7688511268427222,1.711571484363627,1.510445311522671,0,1
2016-11-19 15:00:00,0.0,0.7600951,0.35456875,1.032496,0.7080551708763391,1.1534854658936267,1.0271130285350796,0.5761948734405901,1.4751418399719365,1.5347409678152593,0,1
2016-11-19 16:00:00,0.0,1.5169072,1.2122966,1.5449626,0.9968206468320837,1.0422715418204147,1.1032709020821427,0.705020017241209,1.4143404396047554,1.6229372267522024,0,1
2016-11-19 17:00:00,0.0,0.54522985,1.4618446,2.500143,0.9407440480242446,0.8447249469927627,1.1062733862940743,0.9491507813676634,1.0316659618602881,1.6387849137900063,0,0
2016-11-19 18:00:00,0.0,1.6544343,1.3971215,2.469921,1.2388571618267428,0.9734561663515408,1.168933346690548,1.4973542129834547,1.3224878960488986,1.736458426953983,0,0
2016-11-19 19:00:00,0.0,0.4296045,1.5178208,2.825809,0.876422927677884,0.936621787254984,1.0964841571979889,0.956849427671795,1.2922400714998807,1.695552934732619,0,0
2016-11-19 20:00:00,0.0,0.3975832,0.531426,1.8452067,0.8272073624309064,0.8839757052275758,1.0893616072849175,1.0281422825044038,1.279506487430833,1.6995364220839215,0,0
2016-11-19 21:00:00,0.0,0.7697968,0.65450066,0.9809316,0.5323281260658517,0.8855926439462972,1.0195390549199623,0.5700906516896844,1.352196212611069,1.598843784770746,1,0
2016-11-19 22:00:00,0.0,0.96936524,1.4137602,1.9853985,0.7122484024906487,0.7943356650842665,0.918303603452341,0.8183302854549392,1.1958184462973525,1.4576790269167716,0,0
2016-11-19 23:00:00,0.0,0.36711478,0.8940846,2.1867425,0.7020922905067265,0.7646498264688164,0.8046873867307895,0.8665554735126734,1.1834104416416626,1.2831829448745475,0,0
2016-11-20 00:00:00,0.0,0.6294241,0.48634556,1.1850871,0.6553014159679347,0.5938147710168934,0.783635468684217,0.6332375267744562,0.7753098358825742,1.2478021621382067,0,0
2016-11-20 01:00:00,0.0,1.0524246,0.8511091,0.9868047,0.6829878019070873,0.6976181021988679,0.8171199447269258,0.5998544700789861,0.8332889371401816,1.2652619054234522,0,0
2016-11-20 02:00:00,0.0,0.48379382,0.89853686,1.6357269,0.7218807878415978,0.7119865391741621,0.7979811222008688,0.620472355182172,0.8700946349412324,1.2433945031697793,0,0
2016-11-20 03:00:00,0.0,0.8339791,0.71612906,1.3012605,0.7900657651890601,0.7226835905784973,0.8041381172623975,0.7545342917413642,0.8553983256886116,1.2458972456238353,0,0
2016-11-20 04:00:00,0.0,0.4279279,0.8591795,1.3464364,0.5819002291261361,0.6324440155166117,0.7133898403004392,0.5811858836046625,0.7048526705572896,1.0410957823791782,0,0
2016-11-20 05:00:00,0.0,0.5359433,0.40125403,1.0920014,0.5992834109907837,0.6605820994161906,0.7126159629425037,0.6065846352295502,0.7318073007643027,1.0573352363259174,0,0
2016-11-20 06:00:00,0.0,3.791286,3.672091,3.9581356,1.5850523904232263,1.187559077806143,0.8906869244115182,2.24230308504958,2.0394532886845065,1.7461292881264237,5,0
2016-11-20 07:00:00,0.0,0.84946096,3.2096686,6.72883,1.72556340925012,1.1537318191881276,0.9256749606934979,2.106959571544914,1.880478692434709,1.7318391954840882,0,0
2016-11-20 08:00:00,0.0,0.51392,0.84568405,2.9863687,1.7182222942759846,1.1587528526333846,0.9353696959037733,2.12538763478472,1.8713352803113674,1.7547870005612785,0,0
2016-11-20 09:00:00,0.0,0.80727565,0.87411827,1.4963405,0.723552195915714,1.1543022931694702,0.9384929418739839,0.7843742246372045,1.8605099618130938,1.7496391955358848,0,0
2016-11-20 10:00:00,0.0,1.1536846,1.1197546,1.6666892,0.8249600629296027,1.2752617360898608,0.9538528758032366,0.8373330954714735,2.0718375144871963,1.7726838544677976,0,0
2016-11-20 11:00:00,0.0,1.0714349,1.4132771,2.1828222,1.0107983786778763,1.3645103364769309,1.0125462179465607,1.0265604120846978,2.2511160082468087,1.86556460008709,0,0
2016-11-20 12:00:00,0.0,0.6979988,0.97561246,2.3028908,0.9743727618804012,0.8489624788980578,1.0182607783521005,0.9758310646597366,1.1023791230723994,1.8561893192511314,0,0
2016-11-20 13:00:00,0.0,1.031533,1.0597905,1.9694326,0.9336555843340673,0.879307823631835,1.0165198214099813,0.6948998277098205,1.0562592221091716,1.881512685842938,1,1
2016-11-20 14:00:00,0.0,1.0863705,0.9378104,1.9026395,0.9386341173296047,0.9747162480037408,1.0667345503185626,0.7217186771038142,1.0938313276200082,1.8956215165277777,1,1
2016-11-20 15:00:00,0.0,1.3748116,0.43763995,1.1958933,1.1642383487375434,1.0693055553089725,1.1118039242392213,0.5752239411353633,0.9866789532898991,1.8509233254515085,1,2
2016-11-20 16:00:00,0.0,1.9522094,0.9191831,1.0704248,1.471130558954407,1.202393071644237,1.2388274038670486,0.6813023238029329,0.9098620398147331,1.868341933139076,0,2
2016-11-20 17:00:00,0.0,1.720063,1.1527214,1.8594277,1.6823613609322046,1.3104977391309047,1.3375040378039176,0.8030900038876887,0.9685391219186456,1.879324866710753,0,1
2016-11-20 18:00:00,0.0,2.12211,1.4867072,2.0735765,1.9314608466189354,1.5478495976782396,1.1984060382881487,1.160414068696704,1.161077668941627,1.3802175983585874,1,2
2016-11-20 19:00:00,0.0,0.8215054,1.7664089,2.6168978,1.5545594884450307,1.512845023699719,1.196076423665777,1.2885448454253228,1.211393069008157,1.4224866057709527,1,1
2016-11-20 20:00:00,0.0,0.83816296,0.4808189,1.9259909,1.2605928339978634,1.4714770974650344,1.2230966727343875,1.1019288475295013,1.282345417455517,1.4032179578893944,1,2
2016-11-20 21:00:00,0.0,1.0131356,0.47773027,0.6379143,0.8909346442750287,1.4111977454469822,1.240251650377977,0.4137829734518558,1.2627767258143554,1.337628080541523,0,2
2016-11-20 22:00:00,0.0,0.71676314,0.5776552,0.7922144,0.856020498539361,1.2052899934921961,1.2038415325682164,0.42903757092988176,1.1093378936213745,1.198437120394586,0,2
2016-11-20 23:00:00,0.0,0.5965269,0.42194694,0.86333287,0.7754751526340969,1.0180339933159803,1.164265866223443,0.43674795164580377,0.9507997605334758,1.1736496518453667,0,1
2016-11-21 00:00:00,0.0,0.5030539,0.31880516,0.4533266,0.6054479709803481,0.7481913076276885,1.148020452652964,0.33829404319712375,0.48711511424527826,1.1561453471243837,0,1
2016-11-21 01:00:00,0.0,0.7141621,0.33598632,0.55771023,0.6045809692588888,0.7303007338991244,1.1215728787994217,0.31263622488982445,0.47404155994408353,1.1000745304945811,0,1
2016-11-21 02:00:00,0.0,1.0421575,0.44490978,0.5826485,0.7531245036050783,0.7642998281195877,1.1178884627923111,0.37090175826861915,0.5148137419291747,1.1188024170041837,0,1
2016-11-21 03:00:00,0.0,2.0338168,2.3158636,2.3706205,1.263378736988944,0.9344133539846456,1.1728055497158139,1.3789381601408333,1.0828284548141975,1.498068047855385,2,0
2016-11-21 04:00:00,0.0,0.5356945,2.0261054,4.257248,1.2038895325905594,0.9042352509247239,1.05476262220846,1.3855255521412702,1.0563346598486514,1.3636678968735112,0,0
2016-11-21 05:00:00,0.0,2.3194292,2.1780891,4.044042,1.6296467272760566,1.1913856154405673,1.104709804378274,1.4617445584865427,1.3946009888055215,1.522300973565766,0,0
2016-11-21 06:00:00,0.0,1.8077338,3.2735972,5.2029195,1.5542858307716372,1.4088322838802905,1.0785117957539896,2.0064509191768587,1.8654498302289912,1.5462123783652983,2,0
2016-11-21 07:00:00,0.0,0.47299597,1.5016199,4.562507,1.533386330666245,1.3686379316284016,1.0494693327637634,1.950822797550414,1.8453665049494916,1.520227327380976,0,0
2016-11-21 08:00:00,0.0,1.1121403,1.0646087,2.043338,1.130956755572246,1.3803017414241516,1.0723007847718693,1.318802603792597,1.7260891629003003,1.52684270091881,0,0
2016-11-21 09:00:00,0.0,0.93120617,1.0885352,1.720492,0.8387808703911952,1.1965333505814164,1.0654733522830306,0.8474038871241893,1.6179341868566601,1.5545807676172618,0,0
2016-11-21 10:00:00,0.0,1.5993477,1.9943869,2.762523,1.2142314406624195,1.3738088856643318,1.1390220682945278,1.4624060638057665,1.9330094792451642,1.7561532434978713,1,0
2016-11-21 11:00:00,0.0,0.5345806,1.3946099,3.3158388,1.0217115004501134,1.0763341280111798,1.1338598717258737,1.2155336763642768,1.6486406986506836,1.7567858827115979,0,0
2016-11-21 12:00:00,0.0,0.7791872,0.60886216,1.5257397,0.9710384949083714,0.904909682649783,1.1568709832650368,1.0609569564387122,1.3193144460662738,1.7632127985630581,0,0
2016-11-21 13:00:00,0.0,2.0729046,2.276581,2.688626,1.1288906779888301,1.171561059325625,1.270099495477013,1.4252910452882837,1.8832495396577178,2.134275557183662,5,0
2016-11-21 14:00:00,0.0,0.8702994,2.3737504,4.5248685,1.2407969400139067,1.1312542202320104,1.255777980828081,1.5368876453323586,1.8158890753880887,2.1218893940286883,0,0
2016-11-21 15:00:00,0.0,0.59774446,0.91086274,3.2007592,1.1803160228868534,1.0756772588976125,1.1361053047395144,1.5561950724796574,1.6494484386383341,1.9835538308179397,0,0
2016-11-21 16:00:00,0.0,0.42784545,0.4001158,1.0118176,0.6319630768928808,0.8804268774408555,1.1271178815525937,0.6021374541562121,1.3191018675424542,1.9808687003321515,0,0
2016-11-21 17:00:00,0.0,0.379496,0.465262,0.62755764,0.46836195119408436,0.8545794456039953,0.9654567868075878,0.3691548833653161,1.2905899917615264,1.7456179324893446,0,0
2016-11-21 18:00:00,0.0,0.3650298,0.42406788,0.81249636,0.39079040106847074,0.7855532119776617,0.8452314473137225,0.3568786530090319,1.2245293499663403,1.5272230883516662,0,0
2016-11-21 19:00:00,0.0,0.47834393,0.3059442,0.61312187,0.4076232456923878,0.5197931612926343,0.8456771103091297,0.313733845924307,0.5723458142515191,1.5299926739612209,0,0
2016-11-21 20:00:00,0.0,0.54556525,0.38868484,0.6109624,0.4629796736023675,0.46567081239822605,0.7984625163151179,0.3052196057505966,0.45171397186544243,1.4111614570960618,0,0
2016-11-21 21:00:00,0.0,2.3990405,1.988056,1.9527467,1.1409831952294716,0.7658867981489712,0.9207820285232917,1.250024561677144,1.0291864495281853,1.6162084340157117,3,0
2016-11-21 22:00:00,0.0,0.679131,2.0561805,3.8725355,1.2079121868251117,0.8077677162587497,0.8440972968498026,1.277280380763103,1.042682462200277,1.4414532618672553,0,0
2016-11-21 23:00:00,0.0,2.7797272,2.9012806,4.6267247,1.9526327513630692,1.2078062124827182,1.0311928290433572,2.575320608651441,1.9308599206633361,1.896914956999549,3,0
2016-11-22 00:00:00,0.0,0.97165245,3.285701,6.0717497,1.476836761359854,1.308909978294663,1.0472315951361624,2.008145267991357,2.1132759072165124,1.9648660471262007,0,0
2016-11-22 01:00:00,0.0,0.49923015,0.69774973,3.7726867,1.4168698338284755,1.312391010326794,0.916092085809714,1.9432993261824867,2.1138318902856095,1.7159083380678626,2,0
2016-11-22 02:00:00,0.0,0.73626703,0.8264749,1.235409,0.7357165430867597,1.3441746472249145,0.9049227298115701,0.7361872677181299,2.1059871995179695,1.6136306515657741,0,0
2016-11-22 03:00:00,0.0,0.4402135,0.72232974,1.4823437,0.5585702523473752,1.0177035068536147,0.8917951525012928,0.5170228246950879,1.5120924648281844,1.5907421673756295,0,0
2016-11-22 04:00:00,0.0,0.5791624,0.5784194,1.2252085,0.5852143486995057,1.0010420912639904,0.9044049037613706,0.524055139359617,1.4811248136299064,1.5819577476955666,0,0
2016-11-22 05:00:00,0.0,1.6404859,1.4996021,1.7941074,0.8866206217366721,0.8111685824117156,1.0094873974472174,0.9781239580812092,1.0439152026009446,1.8174909391618719,0,0
2016-11-22 06:00:00,0.0,4.107408,4.1968074,5.1014485,2.109018677344374,1.3337944648458746,1.3213522215702684,2.642835697556554,2.0899400459361908,2.381447376866094,5,0
2016-11-22 07:00:00,0.0,0.91638327,3.8036766,7.783029,2.2214256097542755,1.4033199792268907,1.3578554947768422,2.6847362400811834,2.1395745297067936,2.4538981749549724,0,0
2016-11-22 08:00:00,0.0,1.4981886,1.3970281,3.9326556,2.1739932061851546,1.5303069139609133,1.437240780592914,2.783032666323477,2.393108283600427,2.6428230639870383,0,0
2016-11-22 09:00:00,0.0,0.75352424,1.8635418,3.133288,1.0560320414803663,1.5825253594123703,1.3001144331329924,1.2172753737124284,2.5010799302242077,2.4528851479758482,0,0
2016-11-22 10:00:00,0.0,1.0911427,0.79952496,2.1451886,1.1142852310285605,1.6678554203914182,1.3344487558277045,1.3195137498849616,2.6693512942632154,2.481869992447901,0,0
2016-11-22 11:00:00,0.0,0.718635,0.9905008,1.6073983,0.8544340184797874,1.514213612332471,1.1626910973720932,0.7480895541840451,2.589242564533863,2.229702964945662,0,0
2016-11-22 12:00:00,0.0,1.2934141,1.0666143,2.0010064,1.0343973567126084,1.0452146990964872,1.189504581971181,0.9905270184228232,1.4921215408533053,2.1769758561769295,1,0
2016-11-22 13:00:00,0.0,0.6319196,1.0370014,1.8930686,0.8813229828918611,0.9978041069602109,1.2005620430935509,0.7663942909612314,1.4019740391203976,2.1523946532532348,0,0
2016-11-22 14:00:00,0.0,2.7443776,2.467045,3.1909246,1.55657053655252,1.205502277516154,1.3679045957385334,1.5072291304430447,1.5375369432087502,2.3207237135398713,2,0
2016-11-22 15:00:00,0.0,0.36042002,2.5642786,4.9850025,1.2455724598510207,1.139984908281814,1.3612551338470922,1.5203051128428355,1.5283246589416735,2.309930970010636,0,0
2016-11-22 16:00:00,0.0,1.1633763,1.1146102,3.2027807,1.4227247133932497,1.1520238481425553,1.4099396342669865,1.949671755719847,1.452184422221658,2.4120895689446673,1,0
2016-11-22 17:00:00,0.0,1.7941735,2.0906549,3.031021,1.1059900260621618,1.331280281307341,1.4227469468199059,1.3095427143239105,1.7827412262670423,2.3906643653537487,0,0
2016-11-22 18:00:00,0.0,0.35140547,1.8220012,3.5899668,1.1029851837755726,1.1742788218132967,1.1097467604548918,1.3657631762262483,1.804988562869422,1.8200538376955686,0,0
2016-11-22 19:00:00,0.0,0.21412517,0.38110495,2.0312164,0.7865680897044476,1.1046464015488484,1.05122525425453,1.0841001265937622,1.8295335831962716,1.776687812102083,0,0
2016-11-22 20:00:00,0.0,0.156867,0.19586703,0.51719683,0.2407992037718537,0.6733946149170077,0.9394484462165806,0.24470497573558425,1.0577708287106988,1.4697277610891628,0,0
2016-11-22 21:00:00,0.0,0.6670374,0.634859,0.73688585,0.3460098533665135,0.7244975185710433,0.932241213426429,0.4123223354247563,1.0951059244667496,1.4783126662064787,0,0
2016-11-22 22:00:00,0.0,0.9620879,1.1753985,1.60383,0.5953308160963268,0.6909494529003872,0.9214866505214715,0.7396919352652899,1.044238253451191,1.5231899194883172,0,0
2016-11-22 23:00:00,0.0,0.5126954,0.84604067,1.9333133,0.713940263904916,0.4773697338383848,0.9043250075728629,0.765874815323481,0.6261101575664912,1.5373814170368825,0,0
2016-11-23 00:00:00,0.0,0.73413473,0.44137883,1.2582357,0.736306038044907,0.5411579457057103,0.8577183837595036,0.6361511872177484,0.696517329501731,1.5664260038826265,0,0
2016-11-23 01:00:00,0.0,0.71068597,0.7015999,1.0762306,0.6525053399802854,0.623918078038306,0.8642822397935772,0.5032337951838162,0.750267123548893,1.595087135569023,0,0
2016-11-23 02:00:00,0.0,0.7266251,0.6959116,1.3460484,0.723815267547648,0.7188777657262821,0.6961361903216451,0.554866822002607,0.7918220220811316,1.1118032456199332,0,1
2016-11-23 03:00:00,0.0,1.2218349,1.2718346,1.9048146,0.886381971091989,0.8113440045684484,0.7679207615697458,0.9387680023884976,0.9247790147946608,1.1849101706041267,0,0
2016-11-23 04:00:00,0.0,0.93705845,1.7236713,2.7397513,0.9618394911450273,0.8071724155626567,0.749060934231522,1.1546383588977258,1.0644272976532085,1.1434580414722202,0,0
2016-11-23 05:00:00,0.0,0.5465731,0.8974588,2.4574237,0.9018221627475004,0.8128187151475739,0.6450942244929796,1.1224975174107596,1.061195250967008,0.9574540744530896,0,0
2016-11-23 06:00:00,0.0,0.46824753,0.5084898,1.2667065,0.6506264055131733,0.7685041883025814,0.6548310670041458,0.6251895707743489,0.9914416930649871,0.9516816532877682,0,0
2016-11-23 07:00:00,0.0,1.7589561,1.7150115,2.0493548,0.9245922167854714,0.9432158539652491,0.7835669660017776,1.094141364563596,1.4124110741017761,1.2532071968837328,3,0
2016-11-23 08:00:00,0.0,0.48852918,1.4750428,3.1050313,0.9052442072707543,0.9035331850091276,0.8112054753677048,1.014031938151575,1.380464268687427,1.2497012661922118,0,0
2016-11-23 09:00:00,0.0,2.0435185,1.9883641,2.967959,1.4303345098749056,1.0404804576940396,0.9259122311312438,1.766622595871306,1.555766617826495,1.522363014848087,3,0
2016-11-23 10:00:00,0.0,0.70993954,1.6596516,3.5187662,1.080662403236524,1.0026273100109975,0.9048998627868271,1.2242726997900144,1.38954442922715,1.4843977860950002,0,0
2016-11-23 11:00:00,0.0,1.0917549,1.0756162,2.5546157,1.2817376908089722,1.0934909490398632,0.953154832093719,1.4520182291800303,1.6371797184222308,1.5303957062893367,0,0
2016-11-23 12:00:00,0.0,0.4272033,0.930332,1.810706,0.7429659685803925,1.0866502392276494,0.9275772137651151,0.7081252061045203,1.6449185969988187,1.5009512233624072,0,0
2016-11-23 13:00:00,0.0,0.46652675,0.451429,1.3035958,0.6618283409920525,0.8712453721142883,0.9072306130397689,0.6629893370581376,1.2301682082356018,1.4882388004739808,0,0
2016-11-23 14:00:00,0.0,0.600389,0.4584215,0.8749715,0.4980396779879607,0.8898886843984666,0.8967109347037968,0.39084848372014896,1.2249772519802797,1.4818846600694884,0,1
2016-11-23 15:00:00,0.0,1.8570051,1.4710789,1.4321742,0.9746402467823699,0.8588031076813812,0.9496417826877102,0.9966685931007006,1.0339228668018776,1.5625811167738979,0,0
2016-11-23 16:00:00,0.0,0.9134839,1.4070904,2.6752884,1.123626009280687,0.8927271751363696,0.9476772425736839,0.9741252863778129,1.00009214393869,1.55431143367224,0,0
2016-11-23 17:00:00,0.0,0.59981513,0.92339855,1.5590813,1.1234347481705163,0.8107372130792387,0.9521140810595511,1.1277303126389875,0.9277089342429139,1.5481705549991969,0,0
2016-11-23 18:00:00,0.0,1.0966659,1.0485519,1.8364468,0.8699883217584079,0.9223142842703892,1.0044822617490192,0.8933030437818238,1.127659042436476,1.654175712917914,0,0
2016-11-23 19:00:00,0.0,1.065811,1.0858604,1.7214178,0.9207639998879062,1.022195004584297,0.9467201883492925,0.8999178945028506,1.2170546187830307,1.399038266268956,0,0
2016-11-23 20:00:00,0.0,0.4065645,0.942611,1.6202742,0.8563470974124138,0.9898909227914652,0.939889803594966,0.8132378242407918,1.2300360198545162,1.3836768037175278,0,0
2016-11-23 21:00:00,0.0,0.56671184,0.43152085,1.2232186,0.6796957963623584,0.7748420590603833,0.8168225833708823,0.6760965883243016,0.9261704019469077,1.1317820535182888,0,0
2016-11-23 22:00:00,0.0,0.46793023,0.41298005,0.7204651,0.48040217633337473,0.7005830881106404,0.7966551316235051,0.3683916235526439,0.7993218160226536,1.1174343783091394,0,0
2016-11-23 23:00:00,0.0,0.38149068,0.39407176,0.7154379,0.4720442350744563,0.6641956662434353,0.737466439661337,0.35624752063489956,0.7592304167085252,1.038180870749876,0,0
2016-11-24 00:00:00,0.0,0.5606104,0.3668393,0.61416394,0.4700104238393459,0.5748531101008523,0.7485836971856206,0.3265695108854258,0.6260032304871536,1.0499618356871088,0,0
2016-11-24 01:00:00,0.0,2.1047704,1.7693355,1.9117233,1.0156237815562934,0.7480129789448341,0.8851039917645651,1.1266886705368038,0.9225651111058918,1.2874694167390333,1,0
2016-11-24 02:00:00,0.0,0.9294521,2.2038932,3.4617736,1.1982775785204574,0.8351609067974568,0.9125259147944612,1.3865047933252577,1.107294871495954,1.3393000761045037,0,0
2016-11-24 03:00:00,0.0,0.59046614,1.0463704,3.1811562,1.2082294893612262,0.8391199566002858,0.8069810078303347,1.4806432311902273,1.1395311761505549,1.110286207372976,0,0
2016-11-24 04:00:00,0.0,1.0298164,1.0297859,1.8826778,0.8499115107668248,0.9327676461615589,0.8166753671360998,0.9889652549045753,1.308202221654058,1.1285594101889271,0,0
2016-11-24 05:00:00,0.0,0.39102963,0.8970304,1.7065027,0.670437372630211,0.9343574755753341,0.7992765709093845,0.685704342516209,1.2982537487013588,1.1044545064222442,0,0
2016-11-24 06:00:00,0.0,0.52648354,0.4191117,1.1889615,0.6491098438389762,0.928669666600101,0.7517613883504768,0.5964083153960921,1.3103055411670046,1.0974029305673922,0,0
2016-11-24 07:00:00,0.0,0.7212622,0.8709971,1.1370342,0.546258479692683,0.6980849952297538,0.7230489870872939,0.5753595438554846,0.844407441380626,1.0867865281182871,0,0
2016-11-24 08:00:00,0.0,0.51174533,0.8253928,1.5964301,0.5864970359043511,0.6284672042672809,0.7318140555323689,0.620017307781622,0.772507681864197,1.088484398546011,0,0
2016-11-24 09:00:00,0.0,0.49087885,0.32743716,0.9892489,0.5746288000283489,0.6118693219336624,0.7254946392669743,0.5432177876375548,0.7639462534492281,1.0946504513527886,0,0
2016-11-24 10:00:00,0.0,1.029998,0.9539099,1.1502411,0.6775407029966759,0.6118995913446797,0.7723336187531193,0.6264121524585218,0.8026356304269369,1.2224800607394741,0,0
2016-11-24 11:00:00,0.0,4.232429,4.092932,4.3609977,1.917768732125288,1.2521328840148196,1.093245179795077,2.5522659126711016,2.1451126470217283,1.996026377360041,10,1
2016-11-24 12:00:00,0.0,0.74630934,4.0055804,7.8909287,2.0029122294473023,1.2887705147378257,1.1087200906689636,2.513219291331803,2.1467115458801413,2.0218539808996594,1,1
2016-11-24 13:00:00,0.0,2.1414132,2.0898435,5.789285,2.373384014949926,1.525462358973301,1.1117736771015274,2.901881861830397,2.360909030246699,1.9355307431345479,1,0
2016-11-24 14:00:00,0.0,1.7516758,2.1314178,3.3345382,1.546466113230526,1.7321174226779064,1.1802923134725936,1.5761286477433945,2.428020300882956,1.9794507045254421,2,0
2016-11-24 15:00:00,0.0,1.035016,1.3666693,3.1926987,1.6427016492150293,1.822806939331166,1.2173381306324143,1.4788941183214979,2.4439201451026955,2.010182839319771,1,0
2016-11-24 16:00:00,0.0,0.5948356,0.9216799,1.5651419,1.1271757399992508,1.750279877474589,1.1810897344096343,1.079682520791964,2.395030861660108,2.02042281616524,0,0
2016-11-24 17:00:00,0.0,1.4644691,1.1902988,1.663447,1.0314401840877854,1.2889531486591557,1.2705430163369877,1.0133029596159568,1.7013956301711142,2.220934123133739,0,0
2016-11-24 18:00:00,0.0,0.457721,1.3585683,2.5097973,0.8390085450888547,1.2408550971519416,1.2648128059448842,0.8277560861654937,1.6629098660297745,2.226599135138771,0,0
2016-11-24 19:00:00,0.0,4.1154695,4.2086535,5.3785043,2.012553194462631,1.5698644672309408,1.547663413102121,2.971933043760839,2.6804468955319027,3.1497777446320465,5,0
2016-11-24 20:00:00,0.0,2.0253227,4.319826,8.222014,2.199504407815639,1.6154722959517127,1.6737948593148098,2.8570802946344673,2.6284574531777483,3.2146633429665594,0,0
2016-11-24 21:00:00,0.0,0.8405192,1.5300152,4.7829456,2.327103823795249,1.5830561844420519,1.7029315618866088,2.706081478363755,2.550305719970123,3.196118104241198,0,0
2016-11-24 22:00:00,0.0,0.9115241,0.9113381,1.8024608,1.2591220371442862,1.6358376158034584,1.6930587466390234,1.1758787914482163,2.62541938687724,3.0968008741987947,0,0
2016-11-24 23:00:00,0.0,1.4894613,1.4787266,2.2861748,1.0805016081570826,1.6400030079863612,1.4644780783227582,0.8911013353082565,2.3504919041120353,2.4239912682421574,0,0
2016-11-25 00:00:00,0.0,0.4161388,1.2305785,2.458262,0.9390414536345386,1.6330726387148937,1.436963867933418,0.9395819993590255,2.319266662767262,2.392389052911037,0,0
2016-11-25 01:00:00,0.0,1.7680402,1.4887285,2.4716396,1.2245468126152836,1.2418344248797846,1.4058494460553626,1.0982187562189658,1.3098976358019643,2.362935704603684,1,0
2016-11-25 02:00:00,0.0,0.9619601,1.7518626,3.005244,1.0487130649511556,1.0646073365541193,1.3400398162529157,1.1191460549779182,1.1343098307199744,2.2240113742085192,1,1
2016-11-25 03:00:00,0.0,0.88274056,1.2384394,2.8882234,1.2042469585912907,1.0716442061129148,1.3273501952774833,1.3233973959250256,1.212498134360733,2.2229823846446344,0,0
2016-11-25 04:00:00,0.0,0.39261243,0.77330744,1.7623245,0.7457710060210421,0.9851589093181625,1.3104982625608101,0.788327824058792,1.1997334680784464,2.2221681578232433,0,0
2016-11-25 05:00:00,0.0,2.5426793,2.5447114,3.090664,1.2726773880190299,1.1606952264850925,1.4003491172357265,1.6949427997822764,1.6516179143582574,2.399318764770021,3,0
2016-11-25 06:00:00,0.0,1.2721608,2.9877982,5.3673,1.4024841803308332,1.303365569461062,1.468219104087978,1.845417925759217,1.7791411403301025,2.4746664003194963,0,0
2016-11-25 07:00:00,0.0,1.7511767,1.4009238,3.3338842,1.855339004266558,1.3005550051437997,1.2711947150117924,1.968858515538305,1.714822091406766,1.6708694885395508,1,0
2016-11-25 08:00:00,0.0,1.9695591,1.3953961,1.9152628,1.6642989186646007,1.4684881533418155,1.2665477449479674,1.2192471433955807,1.8445024518792272,1.731148877683719,4,2
2016-11-25 09:00:00,0.0,0.8556924,1.5650712,2.8862412,1.5254760579522304,1.4639801191415314,1.2678121626272234,1.1388329176462668,1.8359111156869554,1.7373234765629322,0,1
2016-11-25 10:00:00,0.0,2.0518975,1.4558787,2.8719733,1.6257162742468834,1.7405276392567204,1.3628432742874415,1.2547486323046235,1.9956012023837444,1.8853753831602056,1,1
2016-11-25 11:00:00,0.0,2.9347885,2.2714467,2.812248,1.9474594552089541,1.8058791869367767,1.4832872067109346,1.6825942123250077,1.8899803027654523,2.274327770212291,1,1
2016-11-25 12:00:00,0.0,0.6207628,2.5535872,4.443568,1.8691496436741337,1.6973128508131814,1.500339210137122,1.7445346289466395,1.8547432938847634,2.2804549640556524,0,0
2016-11-25 13:00:00,0.0,0.41455415,0.29450044,2.4626446,1.3233685447321617,1.4745424094895228,1.3875487073166617,1.5413649452180305,1.7064342819214513,2.1001974467224183,0,1
2016-11-25 14:00:00,0.0,0.38924125,0.26836702,0.41616496,0.474852761353209,1.2111561082810811,1.339822130811448,0.25355637675483916,1.4682621505030167,2.057197846329906,0,1
2016-11-25 15:00:00,0.0,0.65675354,0.39065844,0.5630208,0.4868496647476879,1.1779996542109112,1.3209898866762213,0.29110539264225344,1.459870060921907,2.0636292698307823,0,1
2016-11-25 16:00:00,0.0,0.9258467,0.8063184,1.0393834,0.6572805001010554,0.9903245224166085,1.3654260808366645,0.5182022629740954,1.288753474943823,2.029901985866588,0,1
2016-11-25 17:00:00,0.0,0.662494,0.5578888,1.2548552,0.7483647613352535,0.6116087613442313,1.2087439741405046,0.5219531729616899,0.5058076034698734,1.5787604893079383,0,1
2016-11-25 18:00:00,0.0,1.0129656,0.52943915,0.8711514,0.8671020710377867,0.6769758678927372,1.1871443593529598,0.5456410091905965,0.5863006910084545,1.5501239609036994,0,1
2016-11-25 19:00:00,0.0,2.9505844,1.9801276,1.7219472,1.5420146822072511,1.0996475911541534,1.2870950003218382,1.3054618387033072,1.2510027994080264,1.908383359633332,4,1
2016-11-25 20:00:00,0.0,1.4998827,2.2617853,3.6582553,1.8211442661045498,1.2847545137199012,1.2479553110004917,1.490024996435811,1.3748128620425817,1.8073262181354741,0,1
2016-11-25 21:00:00,0.0,2.0966403,1.562926,3.459599,2.182369144018601,1.5247356075281937,1.3513676308695526,1.7482485942266932,1.4713699773117845,1.8697476287829906,1,1
2016-11-25 22:00:00,0.0,2.681716,2.7643588,3.2012706,2.092746301426201,1.8173804918167262,1.4038525071166672,1.9711677053109238,1.9936025666738226,2.1504727853150256,5,1
2016-11-25 23:00:00,0.0,1.3581982,2.441592,4.887575,2.045518099535446,1.933331182819998,1.272469972082115,1.841459488286623,2.061174122685961,1.679702489006326,2,2
2016-11-26 00:00:00,0.0,1.4606001,1.089845,2.7325606,1.833504748944231,2.0079369464814154,1.3424564071870766,1.8015928883076233,2.2600284686611114,1.7922532293308922,3,2
2016-11-26 01:00:00,0.0,1.3951226,1.1291554,1.7844625,1.4046403171976052,1.7486933093119035,1.4241704502330286,0.9375962698821982,1.8368148285287276,1.8148183577743977,1,3
2016-11-26 02:00:00,0.0,1.1103377,1.3812323,1.6964145,1.3220201919758654,1.683769145755656,1.484261829737779,1.1080549743059367,1.788273305311475,1.8447714983301913,0,1
2016-11-26 03:00:00,0.0,0.9937579,0.6933995,1.6518515,1.1664061724493018,1.4999554606967664,1.5123455341124803,0.9179306720373395,1.7747734507507564,1.8625082420530819,0,0
2016-11-26 04:00:00,0.0,0.69665766,0.9173815,1.3369825,0.9335844845344572,1.1691124008660319,1.4932464463413784,0.7145663788885784,1.125774998057392,1.8772914082921643,0,0
2016-11-26 05:00:00,0.0,1.1684201,1.0448039,1.7787563,0.9529452618972969,1.1374827269365815,1.5354069548782894,0.8463232244801264,1.222262424404223,1.9842464514288152,0,0
2016-11-26 06:00:00,0.0,1.4722375,1.374875,2.2239873,1.112438425940465,1.1394222991948835,1.5736796228381498,1.0583167797400472,1.2795513586651444,2.044392764911558,0,0
2016-11-26 07:00:00,0.0,0.46467626,1.3394859,2.4261615,1.035111289551635,0.9843478870430461,1.3665205981774746,1.0033363137082387,1.1078016282942331,1.7569247796238057,0,0
2016-11-26 08:00:00,0.0,0.5563704,0.5680484,1.7860663,0.8310947347982416,0.8920199983477693,1.2878945720517128,0.806002641635347,0.9900822062715973,1.7013070423827432,0,0
2016-11-26 09:00:00,0.0,0.37386593,0.3751027,0.85711014,0.4649708772305447,0.7887046515855047,1.1443300561411354,0.3817709172207848,0.8694079196462158,1.640649519567639,0,0
2016-11-26 10:00:00,0.0,0.97567624,0.83205485,0.9910188,0.6353042010209656,0.8352077452863003,1.002160073076166,0.5688672494313486,0.9421657096762345,1.2772492094050003,0,0
2016-11-26 11:00:00,0.0,2.5579011,2.411449,2.6769035,1.3024810505242241,1.0667878926612326,1.102135309798907,1.5609426851123387,1.5481934233447499,1.504115528825143,7,0
2016-11-26 12:00:00,0.0,0.9948089,2.1502717,4.480984,1.5094620291904148,0.9872164532104793,1.0633193762026814,1.4920165978786648,1.2857686186667074,1.416447584215701,0,0
2016-11-26 13:00:00,0.0,0.825258,0.7028401,1.7963775,1.4593226426099375,1.0473134218154518,1.015830654429249,1.5018546483790598,1.3365342695247002,1.3689807490228318,0,0
2016-11-26 14:00:00,0.0,1.3966401,0.9539308,1.3956624,1.0722356469701089,1.1873583487471668,1.0396891735474678,0.7487793559289712,1.4942525213865145,1.4007175256084416,0,0
2016-11-26 15:00:00,0.0,1.2280927,1.6753151,2.3057337,1.149996877614141,1.3297294534022779,1.0592170524938915,1.0532884246816532,1.6925237609972357,1.4906008586112123,0,0
2016-11-26 16:00:00,0.0,1.1926453,0.95275676,2.5820792,1.2724592551289862,1.365890948869462,1.100549347077881,1.119266072547645,1.6861196244430123,1.5072330740540707,0,0
2016-11-26 17:00:00,0.0,0.83315426,1.3051462,1.7952203,1.08463070435408,1.0784331756620942,1.0726105341616636,0.9135886957305195,1.0958168334931992,1.4985684257274943,0,0
2016-11-26 18:00:00,0.0,0.51906693,0.56960577,1.7492796,0.8482888168311561,0.9991428472226488,0.9931796502165644,0.7675845895637434,1.0573951192951052,1.3832337205469807,0,0
2016-11-26 19:00:00,0.0,0.8537077,0.76008356,1.0373187,0.7353096811209191,1.0038844681249524,1.0255989449702023,0.6251531564746956,1.1101661892130243,1.4487341735732975,0,0
2016-11-26 20:00:00,0.0,0.41011894,0.5194599,1.1920143,0.5942978629536528,0.8394642836538662,1.0134113162005163,0.4669571539103056,0.8633370138551935,1.4528357443309285,0,0
2016-11-26 21:00:00,0.0,0.4528341,0.21338472,0.7008006,0.5722202667840618,0.7102545418076088,1.0199919976049436,0.3643843200183298,0.7440260117026987,1.4485333893658165,0,1
2016-11-26 22:00:00,0.0,1.0384432,0.6382121,0.6518239,0.6337987341893258,0.6845542076551223,1.0252225782622921,0.4332814844727554,0.6358955920696289,1.420442610923676,0,1
2016-11-26 23:00:00,0.0,89.204735,89.196655,89.739944,30.232001595331138,15.413149729142393,8.245791452402244,51.56909736677772,36.68512302513294,26.527902917476553,2,1
2016-11-27 00:00:00,0.0,26.16169,83.40715,172.53996,38.80162082226811,19.686920544526085,10.34303169587437,53.414647600339535,39.979842672512866,29.186155430526785,7,0
2016-11-27 01:00:00,0.0,70.60812,62.432198,145.81584,61.991516320405175,31.31265752729728,16.158270997711114,43.73755527649107,44.067047495114124,34.280968058346886,4,2
2016-11-27 02:00:00,0.0,1.8584232,71.54826,131.46465,32.87608156780223,31.554041581566675,16.196752932610277,42.65329530562017,44.517846164057445,34.36342409365021,0,2
2016-11-27 03:00:00,0.0,1.4480383,2.424975,73.86809,24.638197083007633,31.719908952637862,16.215081747222733,41.466376911286986,44.54547737667254,34.36658045888632,0,0
2016-11-27 04:00:00,1.0,1.5782576,1.9000866,3.848085,1.628239708399915,31.80987801440256,16.247216111028848,1.8642740113490348,44.77138580217813,34.453630861883106,2,1
2016-11-27 05:00:00,1.0,5.589627,5.7656827,7.2640276,2.8719740673424066,17.87402781757232,16.643588773357354,3.8084229165358887,34.39836382204393,35.676849350944885,4,1
2016-11-27 06:00:00,1.0,9.213708,4.8837576,9.268782,5.460530318901423,15.049363700954522,17.368142122740295,5.237342745583237,33.301791229240514,37.030125181429135,10,2
2016-11-27 07:00:00,1.0,13.640927,8.02616,9.847174,9.481420225514347,5.55482996695713,18.4337437471272,6.25124704432094,7.446576844324287,38.80880910288854,13,8
2016-11-27 08:00:00,1.0,4.456994,12.915885,19.225164,9.103876158569813,5.98792511295611,18.770983347261403,8.018981819250232,7.297745965935709,38.84493600609453,5,5
2016-11-27 09:00:00,1.0,8.255753,4.975031,16.62588,8.784557738034788,7.122544028468105,19.421226490552982,7.425479126016524,7.4991705250611425,39.09928613581673,19,5
2016-11-27 10:00:00,1.0,6.7459836,2.4714718,7.0621395,6.486243473804943,7.983831849659644,19.896854932031104,2.9775967244459367,6.980216453825368,39.09564283479172,11,12
2016-11-27 11:00:00,0.0,1.7201977,5.8964267,4.8532877,5.57397797654695,7.3389270675583855,12.606477442565355,4.1840703663391565,7.125182916237406,28.433852460368186,0,3
2016-11-27 12:00:00,0.0,0.5835862,1.2002211,5.5215955,3.0165894363306065,5.900573587182696,10.474968644068607,3.703587626528767,6.459913108074708,26.358746509535703,0,1
2016-11-27 13:00:00,0.0,1.254111,0.92365026,1.9349241,1.1859649627134674,3.8361042182592056,4.695467092608167,0.949835891355084,4.04101061773089,6.5966907645149515,1,2
2016-11-27 14:00:00,0.0,0.9859367,1.5425774,2.3746514,0.9412113336283109,3.257594655087632,4.622759884021871,0.9593371004223924,4.092284715085718,6.402362951572684,0,0
2016-11-27 15:00:00,0.0,1.7232966,1.7500886,2.8546245,1.3211147721982526,2.1688521042644293,4.6456980663662675,1.4094055550601388,3.1820038489379345,6.426830636029488,1,0
2016-11-27 16:00:00,0.0,88.138374,88.62139,90.068924,30.282535366332414,15.734250164522942,11.85904100709129,51.424573854335065,36.89272767434193,31.380945799625326,3,1
2016-11-27 17:00:00,0.0,42.23984,73.34237,161.10938,44.03383614644992,22.487523740039116,14.913225403798746,53.01742013180273,41.287757356076625,34.24508652486366,16,1
2016-11-27 18:00:00,0.0,76.78058,50.945835,121.03381,69.05292957257049,35.18702217238438,20.54379787978353,38.80819794538029,45.60305534816909,38.54700591660459,17,4
2016-11-27 19:00:00,0.0,93.13691,24.275436,32.414,70.71910986791063,50.50082261712155,27.16846341769036,38.47659207215062,48.67803524138765,42.955070225115726,9,9
2016-11-27 20:00:00,0.0,90.13785,5.671762,29.495708,86.6851127834471,65.35947446494845,34.30853456001806,13.21081251912038,44.252087966465965,46.16633356845407,11,11
2016-11-27 21:00:00,0.0,87.991425,3.6180375,4.3537626,90.42206167850588,79.73749562553813,40.953173864901295,4.733120015189975,30.068007477314644,47.46881717331785,16,10
2016-11-27 22:00:00,0.0,6.6082063,85.68769,85.22607,61.579159046118995,66.1491344570148,40.94169231076886,50.082201338546334,42.580128984026146,47.53848834670827,11,7
2016-11-27 23:00:00,0.0,3.1449142,5.410446,90.7812,32.58151448292788,59.63331363318749,41.060418686613296,50.76033912573812,46.03247037700901,47.49638112815004,4,5
2016-11-28 00:00:00,0.0,1.6527126,1.8570974,5.8877444,3.801944202819276,47.11200294066257,41.149512556523476,3.7197880426598284,49.66605585952547,47.41737076700983,2,3
2016-11-28 01:00:00,0.0,1.9828001,1.6947054,2.5447617,2.2601423474522115,31.919650696785602,41.21023665695354,1.7308106709376674,46.423674146005474,47.44450745114211,3,2
2016-11-28 02:00:00,0.0,1.5514389,1.7559396,3.2645314,1.7289839815726282,17.155249232250245,41.257361848599395,1.1907463642582792,36.995102137229495,47.432063574251956,0,2
2016-11-28 03:00:00,0.0,1.4018329,0.9543749,2.404878,1.645357364861637,2.7236507838404567,41.23057320468932,1.030212301672114,3.2235756685452954,47.277186178586895,2,2
2016-11-28 04:00:00,0.0,1.646596,1.2517776,1.9224678,1.533289266096367,1.8967158067742895,34.02292513189455,0.9847357031575256,1.614760740101918,45.096160638435514,3,1
2016-11-28 05:00:00,0.0,1.1460271,0.9890346,1.969166,1.3981519578951276,1.5635679697338776,30.598440801460672,0.8739075751634691,1.2230327575032558,44.016365579255044,0,0
2016-11-28 06:00:00,0.0,0.71020746,0.87270015,1.3071269,1.1676101880838143,1.4064837764727254,24.259243358567648,0.7823337958846891,1.1860125953839906,41.69739155590582,0,1
2016-11-28 07:00:00,0.0,0.7196635,0.88486594,1.5066929,0.8586327038133311,1.1959609849548491,16.557805840870227,0.812393137242683,1.0487037128669634,35.57584618099425,0,0
2016-11-28 08:00:00,0.0,1.2120193,1.0971953,1.660634,0.8806300923651171,1.139391025130122,9.147320128690188,0.8628155378014902,1.082544002908964,26.746848345352763,2,0
2016-11-28 09:00:00,0.0,1.1917751,1.4846656,2.270799,1.0411526390960986,1.1043814135899566,1.914016098715206,1.0325608501234003,1.1489010648426476,2.8113607323401877,0,0
2016-11-28 10:00:00,0.0,0.9933568,1.1166186,2.3130095,1.132383767438135,0.9955082356257333,1.4461120212000116,1.1111868095514081,1.1236408856417694,1.5667390438814484,0,0
2016-11-28 11:00:00,0.0,0.56402135,0.67964,1.3018863,0.9163844785806327,0.8985072854728748,1.231037627603377,0.7597602446718611,1.096490324097265,1.3038865828651018,0,1
2016-11-28 12:00:00,0.0,0.6472387,0.27900916,0.8905716,0.7348723436276037,0.8880124913618509,1.1472481339172882,0.442900776293826,0.968517941978386,1.2602583970486996,0,1
2016-11-28 13:00:00,0.0,0.62837464,0.7516208,0.91594493,0.6132115665607198,0.8727976669994276,1.034379325977138,0.4681826306622705,0.9973600469244205,1.1232159028992648,0,0
2016-11-28 14:00:00,0.0,0.6813936,0.7229779,1.2680035,0.6523356359122503,0.7843600572464413,0.9618755411882821,0.6340410096496005,0.8452992259916934,1.1241792887192323,1,0
2016-11-28 15:00:00,0.0,2.001072,1.4466478,1.6862712,1.1036132985950537,0.9192428211113287,1.0118121173506422,1.070171436114873,1.0368642042507292,1.3039069153710814,0,0
2016-11-28 16:00:00,0.0,1.0341178,1.9070495,3.1795268,1.2388611001295557,0.9260363333451379,0.9607722844854354,1.1648776394416496,1.0491484477636022,1.230694089927981,0,0
2016-11-28 17:00:00,0.0,1.0112001,1.2197787,2.5660493,1.3487966115055825,1.0005661237089165,0.9495367045908958,1.502638325107853,1.1774752342783865,1.2529827023189797,0,0
2016-11-28 18:00:00,0.0,1.1763561,1.0263484,2.0925066,1.0738913565693329,1.088752327582193,0.9883824094720223,1.026904844396518,1.3425994442251614,1.3307731677889603,0,0
2016-11-28 19:00:00,0.0,0.7627354,0.75762284,1.5649832,0.9834304937161958,1.1111457969228757,0.9919717319611517,0.6248116858369903,1.3228909956433783,1.3009962504749053,0,0
2016-11-28 20:00:00,0.0,86.430725,86.216385,86.7283,29.456607944557454,15.402702278031516,8.09353116763898,50.10378365613683,36.290737257295106,25.94083791647927,3,0
2016-11-28 21:00:00,0.0,32.561367,79.87455,165.56459,39.91827692797672,20.496084142273034,10.707663481692176,52.709443105570806,39.95459666062566,29.294923993594065,12,2
2016-11-28 22:00:00,0.0,64.419525,49.33215,128.18314,61.137205679447455,31.060318086581837,15.993177209963482,42.46087357381402,43.11765928290324,33.60477919379864,11,3
2016-11-28 23:00:00,0.0,92.74384,32.51703,19.748665,63.24157375840169,46.34909085147955,23.67482848759424,41.27329225989983,47.777237978567705,40.64176222509913,13,9
2016-11-29 00:00:00,0.0,90.34382,7.110048,37.30921,82.5023929171865,61.21033492258164,31.14954362508191,19.15691210293218,45.43495451730022,44.79153019143718,13,15
2016-11-29 01:00:00,0.0,83.925995,9.554192,14.800304,89.00455248706872,75.07087908325809,38.09101244009049,7.261338160415797,35.03448863483546,46.86175791386147,4,11
2016-11-29 02:00:00,0.0,3.0695443,83.63298,91.90615,59.11312169263406,61.177347725517855,38.29002500177468,52.47191630295376,44.96014768524372,46.970677983026114,2,5
2016-11-29 03:00:00,0.0,3.181804,3.3569944,86.0996,30.059116225923823,56.28075457155516,38.388419356914106,49.481525675438505,46.2655434863284,46.921064369210136,5,2
2016-11-29 04:00:00,0.0,2.2236571,2.113011,4.5498075,2.825001811018699,45.9147771490437,38.487547617812766,2.4745488768081283,50.388593806008735,46.97348859221299,2,1
2016-11-29 05:00:00,0.0,2.4492803,2.2716238,3.8942015,2.618247154784477,30.86568442370927,38.60738763759441,2.009662299004043,46.739903057811006,46.951498471140425,1,1
2016-11-29 06:00:00,0.0,2.2510633,1.5768259,2.7078426,2.3080002118424114,16.183558218883125,38.69694657073237,1.9109922154998464,35.58896042592479,46.97637322822638,1,1
2016-11-29 07:00:00,0.0,1.6571518,2.4811504,3.940935,2.1191651396121283,2.4720834753154137,38.77148127928676,1.69734768257653,2.307973980722181,46.96275945875142,2,1
2016-11-29 08:00:00,0.0,1.521023,1.1241841,3.3571122,1.8097460466394628,2.21399660071197,31.69567216311491,1.6929927254958697,1.9879606218929082,44.394669237509724,0,0
2016-11-29 09:00:00,0.0,2.733503,2.0976477,2.388978,1.970559377913341,2.139279794877876,29.210017183216507,1.6244163064705512,2.1636375118829747,42.878888077087716,2,0
2016-11-29 10:00:00,0.0,3.6570356,2.7023938,3.6939023,2.63718727101587,2.378176205313999,24.146476677178846,1.9910869716326116,2.240768753065944,41.63238438028678,2,0
2016-11-29 11:00:00,0.0,1.1804485,3.1433492,5.1486077,2.5236624435699837,2.1667042451047234,16.51619433440699,2.239467401006037,2.2511918137140072,35.595269377677745,0,1
2016-11-29 12:00:00,0.0,1.6774002,1.3771033,3.8250785,2.1716281617817055,2.071093769847524,9.127325994365323,2.119189041370705,2.2138069401202802,25.951768709162675,1,0
2016-11-29 13:00:00,0.0,2.395142,2.4438272,3.661555,1.7509970042261245,2.1940921376209976,2.3330878064682055,1.5823787124172006,2.245526262779174,2.5226419900984878,0,0
2016-11-29 14:00:00,0.0,3.260972,2.4099731,4.1005154,2.444504838484897,2.4840836410274405,2.3490401208697054,2.2954307593479304,2.6606765680170854,2.6530913286507847,4,3
2016-11-29 15:00:00,0.0,4.113884,3.1714165,5.270562,3.2566662082227955,2.7141471850022505,2.426713489940063,2.560079879777401,2.7582970391834256,2.7347477731002514,3,6
2016-11-29 16:00:00,0.0,3.3918667,5.9519057,7.1820908,3.588907673100687,2.669952338663406,2.524064271988703,3.9884260794739057,3.563015818932344,3.1314477787610433,4,0
2016-11-29 17:00:00,0.0,0.69564515,3.2351654,8.443215,2.7337986824154368,2.589151760450167,2.377928002777445,3.7102516369852037,3.590731936102609,3.132312105234091,0,0
2016-11-29 18:00:00,0.0,0.36841145,0.6420054,3.5925415,1.485307699914182,2.370986954068488,2.2210403619580052,1.9364962684852591,3.402581671479299,3.0645538995734953,0,0
2016-11-29 19:00:00,0.0,0.34421968,0.45783877,0.8922043,0.469425434708598,2.029166553904643,2.11162934576282,0.48018087729168507,3.223983152971858,3.0330911804836025,0,0
2016-11-29 20:00:00,0.0,0.4154851,0.46885148,0.88975704,0.37603873825329137,1.5549187103343634,2.019501175680902,0.37189005700916017,2.77565611543338,3.0519350808350985,0,0
2016-11-29 21:00:00,0.0,0.7584606,0.76622957,1.1882854,0.5060551092058971,0.9956814045600392,1.8549142947811446,0.4745223855488305,1.6074850880239284,2.991812198583981,0,0
2016-11-29 22:00:00,0.0,0.86029047,0.70229214,1.202712,0.6780786532664915,0.5737520439875449,1.6218521913254749,0.578312304180502,0.6533365697821018,2.7719828574306455,0,0
2016-11-29 23:00:00,0.0,0.35740003,0.70264304,1.1673367,0.6587169730572395,0.5173778556552654,1.5532648080527165,0.5751459186504202,0.5614398453254219,2.755149255669682,0,0
2016-11-30 00:00:00,0.0,0.32853252,0.35494107,0.92703336,0.5154076252072614,0.5107313672065793,1.4408591606375338,0.5189226135842405,0.5533132679543332,2.6010642090819545,0,0
2016-11-30 01:00:00,0.0,0.43466157,0.4766337,0.5872707,0.37353136102526974,0.5258050071458805,1.2774857805252615,0.37275256785098454,0.6130823772891074,2.4284002196421173,0,0
2016-11-30 02:00:00,0.0,0.28928536,0.58817464,1.0480736,0.35082647110725385,0.5047717220822466,1.0298452162083056,0.3894254448858028,0.6291131078448394,2.072987758945261,0,0
2016-11-30 03:00:00,0.0,1.0481348,0.8536842,1.2067403,0.5906939346840978,0.5530507799456793,0.7743660922528595,0.7128085310297894,0.7612238237065377,1.382388998976394,0,0
2016-11-30 04:00:00,0.0,0.67263746,0.884277,1.5175182,0.6700192628247399,0.5217753119250049,0.5477636779562749,0.6345350243218679,0.6474357179356258,0.7642053725908661,0,0
2016-11-30 05:00:00,0.0,0.94963163,0.84604913,1.5715268,0.8901346392000941,0.6204805551536741,0.5689292054044696,0.7022013305681688,0.7207515740953367,0.7788078637962257,0,0
2016-11-30 06:00:00,0.0,0.7920294,0.98311365,1.6015455,0.8047661183648648,0.6977300265244814,0.6042306968655302,0.7293797227289595,0.7693537896442311,0.8358885100631718,0,0
2016-11-30 07:00:00,0.0,0.6697632,0.7913008,1.6431526,0.8038079932705088,0.7369136280476243,0.6313593175967526,0.7243225174030468,0.7866017771108285,0.8620305618789837,0,0
2016-11-30 08:00:00,0.0,1.3949428,1.4155005,1.89968,0.9522451373141929,0.9211898882571431,0.7129808051696949,1.0915912497613924,0.9765119517832729,0.9906559571232093,0,0
2016-11-30 09:00:00,0.0,1.8523403,1.8071005,2.10305,1.3056821633101434,1.055224140837504,0.8041374603915917,1.3874006233332685,1.319806314508416,1.2655061188888423,1,0
2016-11-30 10:00:00,0.0,0.2791945,1.729248,3.4675984,1.1754926022021128,0.9896502977363106,0.755712804830658,1.2942101711859422,1.324065798268951,1.1668648506846309,0,1
2016-11-30 11:00:00,0.0,1.8867878,1.7102225,3.2767887,1.3394408525531083,1.1458429949336504,0.883161775043662,1.843218711351062,1.7697966958887832,1.4791343597243,3,0
2016-11-30 12:00:00,0.0,0.8007636,1.4356607,3.1219175,0.9889152620860616,1.147298712698102,0.922514369611292,1.041482296302852,1.659298011635391,1.4828871086993844,0,0
2016-11-30 13:00:00,0.0,1.5677904,1.5106322,2.5273917,1.4184472319586432,1.2969699170803786,1.0169417725640013,1.5427830866553687,1.959638369489069,1.6169782404320674,0,0
2016-11-30 14:00:00,0.0,0.8912297,1.2045563,2.5263507,1.0865945597738746,1.2130177061634917,1.0671037972103172,0.9558603488259005,1.7970208669375378,1.6152239388621865,0,1
2016-11-30 15:00:00,0.0,1.3866252,0.9512033,1.682856,1.2818817238958713,1.1353984929909666,1.095311316914235,1.0602110977653882,1.3922449064827715,1.6402087354245287,0,1
2016-11-30 16:00:00,0.0,1.0712394,1.1926922,1.9018093,1.116364718599844,1.2674059752792437,1.1285281365077773,0.8120313669827638,1.3921568013961318,1.6522838571013538,0,1
2016-11-30 17:00:00,0.0,1.0538825,1.1090522,2.0720541,1.1705823021021748,1.128588430938025,1.1372157129358376,1.0154520890547565,1.1188729335774341,1.652496566785932,0,1
2016-11-30 18:00:00,0.0,0.95432484,0.7523458,1.7508293,1.026482217858467,1.1541819708771692,1.150740341787636,0.8281505760487261,1.1199258746741585,1.6271840494131629,0,1
2016-11-30 19:00:00,0.0,0.42332542,0.5878586,1.2134024,0.8105109149753758,0.9634378167876098,1.1302038669339942,0.5459772273524113,0.8679915325092381,1.603436109233578,0,1
2016-11-30 20:00:00,0.0,0.6843086,0.38355884,0.8964731,0.6873196384040902,0.9289509702531323,1.070984338208312,0.4382984189731345,0.8471607219449236,1.5503716821645943,0,1
2016-11-30 21:00:00,0.0,0.41562817,0.3911343,0.68491095,0.5077540679766351,0.7671181429175512,0.951258317954259,0.2735871137941656,0.6773689055093375,1.1600666453891904,0,1
2016-11-30 22:00:00,0.0,1.1530764,0.7547468,1.0606489,0.7510043936357645,0.7807576543055705,1.024081814792407,0.4638326862960641,0.6366529470175095,1.160230123729803,0,1
2016-11-30 23:00:00,0.0,0.8541796,1.3617854,2.1004398,0.8076280904820864,0.7474738644430885,0.9380311476905566,0.7976893502840805,0.7682107837207062,1.0220810291900007,0,1
2016-01-12 00:00:00,0.0,0.4078729,0.7074681,1.984869,0.8050429930780614,0.6563985305273485,0.9052902507022588,0.7960148929699693,0.6362505739002985,1.0181560408947248,0,1
2016-01-12 01:00:00,0.0,0.3523364,0.26173678,0.8029861,0.5381296540056489,0.6445670238207069,0.8040024203041584,0.49909244020041926,0.644039134766102,0.8773092646278299,0,0
2016-01-12 02:00:00,0.0,0.9218519,0.62680453,0.76024604,0.5606870407070467,0.6841575655945663,0.8065542679238494,0.4647602025410073,0.6579543968737501,0.8807023959764106,0,0
2016-01-12 03:00:00,0.0,2.357507,2.2298274,2.5408652,1.2105650242896966,1.0078040086838789,0.8874610758007151,1.3977933891634058,1.2610441120198461,1.1450600478091941,2,0
2016-01-12 04:00:00,0.0,1.2788386,1.7229792,3.7958786,1.5193990993258157,1.0287643766657324,0.9047610154856515,1.3758349686597697,1.220839001605969,1.1193893260773664,0,0
2016-01-12 05:00:00,0.0,1.8219445,0.7208523,2.0360882,1.8194299237486238,1.190058482227835,0.9687661733354617,1.1516713296426884,1.2889180032879397,1.1938797240584669,0,2
2016-01-12 06:00:00,0.0,2.359693,2.8543253,3.4734561,1.820158616873128,1.5153618205814117,1.0858801755543803,1.6519367252822668,1.74070315098464,1.5025084727638613,0,0
2016-01-12 07:00:00,0.0,0.9119241,2.3660276,4.938232,1.6978537734194807,1.6086264363726483,1.1265967300966777,1.9017136263304297,1.784454489441258,1.534125832151278,0,0
2016-01-12 08:00:00,0.0,0.6211774,0.7456321,2.5398047,1.2975981252166766,1.5585140244826499,1.1213357950386083,1.5487739373574214,1.7914832364423858,1.5491512216984822,0,0
2016-01-12 09:00:00,0.0,0.5713272,0.6853748,1.2049167,0.7014762183073645,1.260817417590246,1.1343107131370624,0.6881612155984036,1.5321608407078255,1.567587511023322,0,0
2016-01-12 10:00:00,0.0,1.3962616,1.5853454,2.0898995,0.862922047383475,1.280387910401478,1.154576143533605,1.0667310672675476,1.7100459722309098,1.581711202891823,0,0
2016-01-12 11:00:00,0.0,1.1542301,1.8184412,3.2364523,1.0406062810427612,1.1691022031297187,1.1795803426787765,1.2881328986907332,1.623194854390688,1.6642396963512285,0,0
2016-01-12 12:00:00,0.0,2.1241453,1.9640297,3.0264494,1.558212248738732,1.1298442335230483,1.3226030270522307,1.7463618214618235,1.634879158300471,1.9773285515128496,1,0
2016-01-12 13:00:00,0.0,0.46795473,1.9154404,3.736024,1.2487766124725659,1.0558493299280207,1.3322378831503345,1.3279376570261652,1.528742296277662,1.9815117913021307,0,0
2016-01-12 14:00:00,0.0,1.5760651,1.4535365,3.0548553,1.389388297746675,1.2149972893947178,1.3867556569386839,1.838533587540832,1.8738768259853793,2.1314026956902197,0,0
2016-01-12 15:00:00,0.0,0.64879847,1.7802833,3.1219652,0.8976060911081732,1.2279091699234528,1.2443632937568494,1.0930834419036983,1.8366577940635658,1.9812229502288672,0,0
2016-01-12 16:00:00,0.0,0.9782272,0.58120304,1.8524029,1.067696931282696,1.158236771877631,1.2193123411395541,1.2247523667338143,1.7188054373758674,1.9837184937214585,0,0
2016-01-12 17:00:00,0.0,0.49624795,0.89994144,1.3481107,0.7077578815770095,1.048573089661842,1.1088376463957803,0.5812410095107748,1.6118175957198686,1.805304484652406,0,0
2016-01-12 18:00:00,0.0,0.31096873,0.6618836,1.2779137,0.5951479626837186,0.7463770268959459,0.9381106302094975,0.6570512563836196,1.0136461296654282,1.5985223904374055,0,0
2016-01-12 19:00:00,0.0,0.96459943,0.83184165,1.2171134,0.5906053713850464,0.8291511513338716,0.9425002406309458,0.7664728885721852,1.2221736275801791,1.6903016435692988,0,0
2016-01-12 20:00:00,0.0,0.4745439,0.82878834,1.542061,0.5833706789930032,0.6455642802850065,0.930280784839862,0.5550382365026004,0.7963180088391593,1.6611489089205576,0,0
2016-01-12 21:00:00,0.0,0.40630585,0.60695624,1.1629416,0.6151497199864739,0.6051488413350962,0.9165290056292745,0.6399478991489853,0.8308684733730085,1.664042091356717,0,0
2016-01-12 22:00:00,0.0,0.9047712,0.71376973,1.0535588,0.5952069842455887,0.5929061778153176,0.8755714748464744,0.6406472086939201,0.8776048147341069,1.607601879333524,0,0
2016-01-12 23:00:00,0.0,0.5526506,1.1495128,1.7326783,0.6212425606374886,0.602306619815246,0.8254398547385441,0.7299370958320331,0.8639760376754985,1.5340568089867963,0,0
2016-02-12 00:00:00,0.0,4.323024,4.352076,5.23245,1.9268154458814368,1.2709825829339558,1.0086798049149508,2.8681882121902906,2.387118998667338,2.237609414032079,7,0
2016-02-12 01:00:00,0.0,0.87928426,3.5710616,7.720875,1.9183198130083263,1.2567633986269575,1.0429572749804146,2.417026403768063,2.1501862091326216,2.2370102568208323,0,0
2016-02-12 02:00:00,0.0,0.6071402,0.6909748,3.3444476,1.9364830103439217,1.278862785490705,0.9622135328878557,2.243066228843134,2.0914123950425054,1.9440563494780496,0,0
2016-02-12 03:00:00,0.0,0.6280891,0.69413304,1.2440201,0.7048378599930689,1.3158266529372533,0.960487747136175,0.6569833814496692,2.082245583087874,1.9434359354075077,0,0
2016-02-12 04:00:00,0.0,1.6020639,1.860237,2.4065936,0.9457643158729219,1.432042064440624,1.0124741211279706,1.2414172032117254,2.4463628249025997,2.0368166905534104,1,0
2016-02-12 05:00:00,0.0,0.4741321,1.3159888,3.093774,0.901428270786766,1.418955640565344,1.010631130190295,1.071212427446182,2.374764217262227,1.9928766683864998,0,0
2016-02-12 06:00:00,0.0,0.48416874,0.4812299,1.4654735,0.853454814226161,0.779146337109615,1.0250644600217853,0.8666864894103534,1.1041074556676735,1.9938817616986921,0,0
2016-02-12 07:00:00,0.0,1.146604,0.99403614,1.1564252,0.7016348843751546,0.8236996001240382,1.040231499375498,0.7052094696060595,1.1335852655613081,2.020522060166435,1,0
2016-02-12 08:00:00,0.0,0.8516942,0.87465936,1.5830576,0.827488959062313,0.8644586149245393,1.0716607002076222,0.7034916583256899,1.1260917534824004,2.0119773419292017,0,0
2016-02-12 09:00:00,0.0,0.99202806,0.39020148,0.91008776,0.9967754088152846,0.9251151115207227,1.1204708822289882,0.6009228341727367,1.0864181791848024,2.0172479186014116,0,1
2016-02-12 10:00:00,0.0,0.60874224,0.705381,0.9997882,0.8174882084055376,0.7595615463903463,1.0958018054154852,0.42754794039342414,0.701320282284385,1.9546911361127326,0,0
2016-02-12 11:00:00,0.0,0.6663765,0.60757565,0.84668785,0.7557155912222768,0.7916022751422948,1.1052789578538196,0.6127620694184231,0.7308997848716722,1.9089343131377319,0,1
2016-02-12 12:00:00,0.0,1.0735254,1.1369346,1.6211182,0.782881377678004,0.8898283932466448,0.8344873651781295,0.7786012746714583,0.9411721856310298,1.1626580636971402,0,0
2016-02-12 13:00:00,0.0,0.8424813,1.3276612,2.410264,0.860794385311417,0.8391412968584777,0.8314204484912583,0.850182682422043,0.8943112466646717,1.1616078449493898,0,0
2016-02-12 14:00:00,0.0,1.0685455,1.1782663,2.3892071,0.9948507637589553,0.875283177490616,0.8698708962075775,1.165955909019295,1.0389781492093235,1.2336792073541722,0,0
2016-02-12 15:00:00,0.0,0.640126,1.1143973,2.128089,0.8503842964116811,0.8166328370448426,0.8708739742827827,0.8956603993713788,1.007508215973259,1.2511098105089993,0,0
2016-02-12 16:00:00,0.0,0.34453577,0.5146694,1.4884219,0.6844024340423103,0.7725984096768639,0.7660799780336051,0.6767398562141461,0.9920515801766735,1.0234410564206118,0,0
2016-02-12 17:00:00,0.0,0.9854975,0.868494,1.1485753,0.6567197387938508,0.8257852512764037,0.8086937632093492,0.7372691551120616,1.1851660816634015,1.1305005603826848,0,0
2016-02-12 18:00:00,0.0,1.7923316,1.467459,1.9671496,1.040788267647181,0.9455862820294306,0.9177073376380377,1.0804099268256955,1.2184941412627712,1.3094069996940396,0,0
2016-02-12 19:00:00,0.0,1.187236,1.1579599,2.3082898,1.321688316892061,1.0030453754671853,0.9210933361628312,0.9913275902930984,1.1493656920383113,1.268867756862257,0,0
2016-02-12 20:00:00,0.0,1.9304508,2.3720512,3.188153,1.6366727084586687,1.1466962236262597,1.0109897005584383,1.6457246041318825,1.6125363101793306,1.4757807269687415,2,0
2016-02-12 21:00:00,0.0,0.33820903,1.9003248,4.1225066,1.1519652011108399,1.09637673437901,0.9565047857119265,1.5031225037794187,1.5000351596720831,1.4368272886683642,0,0
2016-02-12 22:00:00,0.0,0.33792844,0.26485357,2.0988033,0.8688627176942045,1.0952755172931328,0.9339369634849982,1.125971424549578,1.5018706297304518,1.4411177338314405,0,0
2016-02-12 23:00:00,0.0,0.571293,0.6429667,0.7570909,0.4158101632040378,1.0262414358313532,0.9260133435538782,0.43454602275287546,1.4259407515430753,1.463585248844887,0,0
2016-03-12 00:00:00,0.0,0.5567723,0.3040866,0.8907122,0.4886645873461827,0.8203148942285114,0.8829505881289709,0.3924021058074047,1.2246440357546566,1.4320280601278292,0,0
2016-03-12 01:00:00,0.0,0.27919003,0.5402927,0.5556978,0.46908511586296764,0.6689739167785861,0.8360096461228858,0.3882159739247793,0.9803353964815895,1.3458829337368086,0,0
2016-03-12 02:00:00,0.0,3.927283,3.7804985,4.0345817,1.5877483740726936,1.0017792686383657,1.0742377461323132,2.3983856935445726,1.8167952460734376,2.1610732692964882,5,0
2016-03-12 03:00:00,0.0,0.87284416,4.3662305,8.108821,1.6931056671421187,1.0908851272441509,1.0936309308115804,2.542968091409953,1.922298441924086,2.0998329165607226,0,0
2016-03-12 04:00:00,0.0,1.5315186,1.3987008,5.6730123,2.110548571048752,1.2898168434558597,1.192546180374496,2.7554075915852065,2.12642499100427,2.114834314092421,0,0
2016-03-12 05:00:00,0.0,0.8629643,1.2698004,2.330941,1.0891090270543768,1.338428700563535,1.1823350681974447,0.9823815068102474,2.1484193250651575,2.051279525245291,0,0
2016-03-12 06:00:00,0.0,3.3819895,3.616289,4.3452573,1.925490689631655,1.809298178386887,1.3148065363076993,2.5482616505787563,3.2415359484859607,2.7274373621113464,5,0
2016-03-12 07:00:00,0.0,0.4209986,3.2109783,6.7376275,1.555317310756591,1.8329329409026711,1.250953428840629,2.160328956267248,3.243815299124033,2.6089501343551333,0,0
2016-03-12 08:00:00,0.0,0.52946126,0.3191149,3.4858093,1.4441496669711313,1.2666293470127539,1.1342043078255597,1.8569297342978646,2.00856909796505,2.389233140993978,0,0
2016-03-12 09:00:00,0.0,0.5638738,0.76327604,1.0270419,0.5047778589296216,1.2151342742806386,1.1530097007623945,0.47222402472544295,1.9293828158479593,2.40466360454853,0,0
2016-03-12 10:00:00,0.0,2.2123399,1.7426594,1.9431919,1.1018916050421932,1.3286044578993923,1.309210650677626,1.3408254317574668,2.176912560333739,2.643214279946931,0,0
2016-03-12 11:00:00,0.0,1.320226,2.7240539,4.376435,1.365479831695588,1.40481474933336,1.3716217249484473,1.6120055276256868,2.374346112307419,2.735615001693472,1,0
2016-03-12 12:00:00,0.0,0.7188978,1.4569834,3.9923663,1.417154502741317,0.9609661808354697,1.3851321796111784,1.8259015070413167,1.5047610920285976,2.7798424398589563,0,0
2016-03-12 13:00:00,0.0,1.1819856,1.1670142,2.32802,1.0737031208930623,1.0877973629676276,1.4603651519351497,1.156642230447959,1.6092470644221244,2.88118261546088,1,0
2016-03-12 14:00:00,0.0,1.1487769,1.8871744,2.9018495,1.0165534808064447,1.1910166562510163,1.228823001631885,1.19145820588439,1.7613839456744258,2.103387624967102,0,0
2016-03-12 15:00:00,0.0,2.8018305,2.0633078,2.142416,1.7108643532976784,1.5640094280194976,1.3895718511500683,1.9809059872392851,2.42116998904056,2.314159495893141,2,0
2016-03-12 16:00:00,0.0,2.6733646,1.6009964,3.0250688,2.2079906197955843,1.6408468703443226,1.4847256641218578,1.5544464430221971,2.0715576971846255,2.340603504467047,0,2
2016-03-12 17:00:00,0.0,3.1441038,3.181392,4.507752,2.8730995791682,1.9448265299873222,1.6748206396603407,2.3572440574772484,2.5294244232209446,2.551561146144117,4,1
2016-03-12 18:00:00,0.0,0.38527033,2.7997808,4.662856,2.0675795395767387,1.8892219464372089,1.425094063636339,2.2604708287781192,2.440004357831722,2.2389916437280872,0,1
2016-03-12 19:00:00,0.0,1.0604358,0.91199404,3.4536593,1.529936603845864,1.8689636118207236,1.4783804873941753,2.044678553501987,2.3643330302032712,2.2976261316491784,0,1
2016-03-12 20:00:00,0.0,0.8207385,1.0443264,1.8314115,0.7554814775566363,1.814290528362418,1.5026535923067166,0.6951604305625737,2.4695552119872928,2.3225835155192343,0,1
2016-03-12 21:00:00,0.0,0.99366415,0.4135563,1.016977,0.958279397952982,1.51292946876486,1.5384694483921786,0.7326484886735413,2.1397863613168555,2.3435542833782494,0,1
2016-03-12 22:00:00,0.0,2.5026937,1.7296304,1.8822515,1.439032064920239,1.4844843343830512,1.5626656023636871,1.0824469130444978,2.0423598396450684,2.4788434333629197,3,1
2016-03-12 23:00:00,0.0,1.0505846,2.3514812,3.8752906,1.5156474659286532,1.1355644717426447,1.540195500864983,1.398131765788426,1.2044618081346619,2.3904774452881994,0,1
2016-04-12 00:00:00,0.0,0.65386415,0.53645515,2.4199097,1.4023808557939048,1.1803301268734439,1.5347760366553254,1.4642202929064239,1.216703108603037,2.39024665745815,0,0
2016-04-12 01:00:00,0.0,1.4432222,1.3709714,1.5494341,1.049223649746633,1.2441278573334358,1.5565457345770797,0.9678606162427947,1.5196803400022607,2.4844245092988357,1,0
2016-04-12 02:00:00,0.0,1.2338158,0.6125092,1.8507559,1.1103007239960319,1.3129740949623425,1.5636323116623803,0.8227860613865678,1.5790812424561722,2.525122629396726,0,0
2016-04-12 03:00:00,0.0,0.7136776,1.0919486,0.8606972,1.1302385008857811,1.266309678339843,1.3896195735523518,0.8382949102392996,1.5600987021273867,2.2350317058785745,0,0
2016-04-12 04:00:00,0.0,1.5397288,1.2622471,1.9730508,1.162407452652552,1.1058155511995928,1.2951499427913216,1.2246192586478755,1.2810844144291873,1.9798286488167895,0,0
2016-04-12 05:00:00,0.0,1.8946952,2.20321,2.842581,1.3827005825813161,1.2465006532886733,1.191032562515659,1.482727936119415,1.6978546407994082,1.7451242587584057,1,0
2016-04-12 06:00:00,0.0,0.967128,2.155179,4.043784,1.4671840345564382,1.2987112677211092,1.2395206972972765,1.693234918988782,1.8101532584579856,1.8447565798583194,0,0
2016-04-12 07:00:00,0.0,0.40740395,0.69206643,2.6824658,1.0897423799033839,1.1260749162779684,1.1851013868057017,1.2961761320760916,1.6274464358751093,1.8216882974139526,0,0
2016-04-12 08:00:00,0.0,0.36382762,0.56652284,0.90498465,0.5794531581794554,0.9810768703803858,1.1470254826713637,0.6235146129423398,1.379535486018238,1.8297353609627711,0,0
2016-04-12 09:00:00,0.0,0.8351498,0.5651702,0.9780413,0.535460465081383,1.0013222498189107,1.133815964079377,0.5491703934061818,1.3815282676350178,1.8165191380030037,0,0
2016-04-12 10:00:00,0.0,0.83187103,0.8194123,1.346829,0.6769494748421551,0.8833459273727698,0.9945807392861811,0.5247793562045687,1.2146016881505837,1.53679936752704,0,0
2016-04-12 11:00:00,0.0,1.6347384,1.8277333,2.1325603,1.1005863442877493,0.8400197512336025,1.0432602022611384,1.336327314563441,1.1680336401946896,1.7752806149061142,0,0
2016-04-12 12:00:00,0.0,1.0006428,1.0037385,2.6549692,1.1557506879991368,0.8456055765402598,1.072158422130685,1.139677082326568,1.1232872075526052,1.8199271604696103,0,0
2016-04-12 13:00:00,0.0,0.21006653,0.99024767,1.532604,0.9484825448397778,0.8127160098409666,0.9693954630594672,0.9887024158644836,1.1208950477240933,1.6750586968930787,0,0
2016-04-12 14:00:00,0.0,0.73379904,0.6895122,1.6486403,0.64816947442681,0.8743779093572794,0.927727389868833,0.8264655024099119,1.1850771039925438,1.5029775537531893,0,0
2016-04-12 15:00:00,0.0,0.42677763,0.6203073,1.2456714,0.4568810671803229,0.8063158775897297,0.9038190637043201,0.4243118376576362,1.0315396451007088,1.4782158631510018,0,0
2016-04-12 16:00:00,0.0,0.3346206,0.4283428,0.8424554,0.4983990896661728,0.7234408172529752,0.8033933723128723,0.49082768803324417,0.9491465378248239,1.3533552024758204,0,0
2016-04-12 17:00:00,0.0,0.87608016,0.85794926,1.1652135,0.5458261461593354,0.5969978102930729,0.7185087807633377,0.5911019281982807,0.8997217612654143,1.1071856176677761,0,0
2016-04-12 18:00:00,0.0,0.30795014,0.7684012,1.5627441,0.5062169815007114,0.48154902434051705,0.6635773004403888,0.5213899545454734,0.6331340356410509,1.035653073940315,0,0
2016-04-12 19:00:00,0.0,0.8161307,0.67972124,1.3402159,0.6667203659011701,0.5825597277836716,0.697637868812319,0.7261644193449441,0.7479156194642983,1.0810674357782506,0,0
2016-04-12 20:00:00,0.0,0.41740853,0.68285346,1.196095,0.5138298150680687,0.5298279806137021,0.702102944985491,0.4684575613091471,0.6072913187074451,1.066936778554929,0,0
2016-04-12 21:00:00,0.0,0.27426776,0.36434758,0.8412659,0.5026023499823701,0.5044096657415408,0.6553627716656351,0.4887202558177981,0.6267546421211545,0.9991719311136518,0,0
2016-04-12 22:00:00,0.0,3.8721757,3.8588874,4.1080484,1.521284039438997,1.094002202670084,0.9087215099615296,2.249719755049114,1.9553129418924875,1.6030142465074753,5,0
2016-04-12 23:00:00,0.0,0.38884062,3.595404,7.344694,1.5117613960241414,1.012795605546105,0.8048967079195889,2.2237693928582996,1.8324075446622696,1.5580272765474381,0,0
2016-05-12 00:00:00,0.0,0.4895251,0.31085002,3.7816782,1.583513868461121,1.0430581092217457,0.7623035667811314,2.134923017750501,1.8114313128803676,1.539473972146954,0,1
2016-05-12 01:00:00,0.0,0.44314203,0.34988457,0.5348468,0.4405025966841356,0.9808933180615664,0.781726522922619,0.2771330564754825,1.6414535229233438,1.5395536202388422,0,1
2016-05-12 02:00:00,0.0,0.89146847,0.55860823,0.8140437,0.6080452089187346,1.059903302471438,0.7948656415425702,0.3949847865889181,1.721474523096562,1.4696946216628248,0,1
2016-05-12 03:00:00,0.0,1.3422878,1.2838387,1.7113557,0.8922994074860935,1.2379066379736074,0.8711581518575744,0.8119136997802425,1.9478882607487542,1.596830602013042,2,1
2016-05-12 04:00:00,0.0,0.39950764,1.2157494,2.4724958,0.8777546186686471,0.6591286076763914,0.8765654051732376,0.8607534557512413,0.725112805082192,1.6038835942188496,0,1
2016-05-12 05:00:00,0.0,0.48520288,0.257765,1.2306198,0.7423327601975426,0.6751889845581385,0.8439922950521219,0.7949183970440112,0.7454824876425098,1.5839498479277692,1,1
2016-05-12 06:00:00,0.0,0.90140194,0.75307935,0.83603245,0.5953708439267541,0.7438351257064237,0.8934466174640847,0.4884056468406342,0.8452263942818312,1.651505577025874,0,0
2016-05-12 07:00:00,0.0,0.44299662,0.82971793,1.4647102,0.6098671540363821,0.7438108863525146,0.8623521022070403,0.5852021373842342,0.8622141660924326,1.5768575498056243,0,0
2016-05-12 08:00:00,0.0,1.1087176,0.95963377,1.614539,0.8177053662435434,0.7800190632205432,0.9199611828459904,0.9215460269488971,1.0691522347067146,1.7172790786336871,0,0
2016-05-12 09:00:00,0.0,0.35484082,1.0010566,1.8039337,0.6355182981852634,0.6154445710560088,0.9266756045148083,0.6431569080213265,0.7891727610807151,1.721812412865622,0,1
2016-05-12 10:00:00,0.0,0.87703085,0.68804336,1.6229461,0.7801963378432687,0.6950317459398252,0.6770801768081084,0.8350690541759398,0.8399731218130334,0.8948539870614394,0,1
2016-05-12 11:00:00,0.0,1.7266736,1.2624389,1.561272,0.9861817188799925,0.901943542561768,0.7885662635599532,0.936587058678688,1.0512044542329133,1.0136194638049423,0,1
2016-05-12 12:00:00,0.0,1.081318,0.9873076,2.004018,1.2283407677791902,0.9319295329822269,0.8378823293443252,0.8371154944797796,1.0609147306799604,1.0206635856397923,0,0
2016-05-12 13:00:00,0.0,2.9722366,3.0714495,3.5909731,1.9267427407263542,1.3534695392848113,1.0486402128186627,1.8242772931329425,1.8010298990503155,1.544672269211417,4,0
2016-05-12 14:00:00,0.0,0.9678801,3.0053506,5.9300613,1.6738115571616101,1.329996638020802,1.0550078506206724,1.9889536542539892,1.6605213674473431,1.5844093110461943,1,0
2016-05-12 15:00:00,0.0,0.64048904,0.8903444,3.5983617,1.5268685569240792,1.3776046623516347,0.9965246167038218,1.8774384517818312,1.6369419216653154,1.4782813374321613,0,0
2016-05-12 16:00:00,0.0,0.5812342,0.5794458,1.3589902,0.7298677410998529,1.3283052409131033,1.0116684934264641,0.629387073537147,1.5968188403267234,1.4700776512282525,0,0
2016-05-12 17:00:00,0.0,1.331816,1.3792895,1.7107079,0.8511796786493617,1.262495617905486,1.082219580233627,0.9684609824464026,1.7247017100419393,1.51339163047502,0,0
2016-05-12 18:00:00,0.0,1.0778168,1.5112494,2.415529,0.9969556144056948,1.2619120856648869,1.096920809323557,1.0967688572127001,1.8162699685696395,1.6058214850419366,0,0
2016-05-12 19:00:00,0.0,0.5875876,0.6573747,2.112193,0.9990734212064681,0.8644705811531606,1.1089700602189863,0.9265325988805594,1.016492945662215,1.6207754625270694,0,0
2016-05-12 20:00:00,0.0,0.44769403,0.5160733,0.9526195,0.7043661260934345,0.7777729023713983,1.0538847701960998,0.5316420238626076,0.9621478358784384,1.5321752849254222,0,0
2016-05-12 21:00:00,0.0,0.76635814,0.5179503,0.7257901,0.6005465531075834,0.7987510837566391,1.0881778730541372,0.44657151419719465,0.8972331034226966,1.5479401308822547,0,0
2016-05-12 22:00:00,0.0,0.65105623,0.6902691,1.1476501,0.6217027565878599,0.8103880888971642,1.0693466649051337,0.4584728531482559,0.8692749733915812,1.5304918240698082,0,0
2016-05-12 23:00:00,0.0,0.4522273,0.612545,1.1714779,0.6232138444419566,0.6637899852676956,0.9631428015865908,0.4924027328516502,0.5844679003245745,1.4690310861205014,0,0
2016-06-12 00:00:00,0.0,1.9982125,1.8052037,2.383374,1.033832012241937,0.8171892826747602,1.0395506841698234,1.1922606900985,1.0297493166600353,1.6811565129917576,0,0
2016-06-12 01:00:00,0.0,1.0929286,2.0748365,3.3125124,1.1811228603915358,0.901412808489698,0.8829416948214294,1.3607203504254086,1.132356451359557,1.1961364594998138,0,0
2016-06-12 02:00:00,0.0,0.5978244,0.98387694,2.922197,1.2296552375777707,0.9264345410098638,0.8521037216906308,1.3599396271062765,1.1604674372138903,1.1697817498481469,0,0
2016-06-12 03:00:00,0.0,0.6095955,0.52506846,1.0267459,0.7667829021925486,0.900307457217243,0.8495292704869414,0.7812525931187411,1.1955949100756227,1.1289160379079688,0,0
2016-06-12 04:00:00,0.0,1.2842708,1.3979945,1.8379792,0.8305635554996331,1.0058432079455843,0.9081156484213742,0.9366908870316569,1.2738722814008008,1.1862907559371585,0,0
2016-06-12 05:00:00,0.0,1.3085603,1.5946753,2.722646,1.0674754930421564,1.1485653653099634,0.9061776752888296,1.1666517119963116,1.4944779463767666,1.2629784099812684,1,0
2016-06-12 06:00:00,0.0,0.3995575,1.1744275,2.5502205,0.9974628310703015,0.8821228666314255,0.8496560746530928,1.1123169519456022,1.1962224918316764,1.2369397530210338,0,0
2016-06-12 07:00:00,0.0,0.75377476,0.64265656,1.6284753,0.8206308497772046,0.8255972026384188,0.8635050055640584,0.9148898018084054,1.1190483259108535,1.2926098721186425,0,0
2016-06-12 08:00:00,0.0,1.450217,1.0877926,1.4408154,0.8678498057853393,0.9676626494137479,0.9470485952118056,0.8344135137334198,1.1722292434028825,1.3910888419483316,0,0
2016-06-12 09:00:00,0.0,3.5983336,2.8404694,2.696548,1.9341084289508006,1.4657856300105516,1.183046543613897,1.9366781357787868,1.9101935393222118,1.8683415210427903,6,0
2016-06-12 10:00:00,0.0,0.5153459,3.4322174,6.123621,1.8546321032024833,1.3376314764898438,1.171737342217714,1.9978911077675758,1.7469091208581962,1.8526286856731238,0,0
2016-06-12 11:00:00,0.0,1.161623,0.85967946,4.0319095,1.7584340764352127,1.3131419411102758,1.23085365321012,2.230533468742724,1.725229278596438,1.9115168377522034,0,0
2016-06-12 12:00:00,0.0,0.5269427,1.0621707,1.7997252,0.734637166339694,1.3343727976452477,1.1082478321383364,0.6635740126667925,1.762669449014323,1.7560869418593945,0,0
2016-06-12 13:00:00,0.0,0.5046425,0.4810328,1.360065,0.7310694131356708,1.2928507581690767,1.0592239804037478,0.7004800695346113,1.7629391306864268,1.645424515811153,0,0
2016-06-12 14:00:00,0.0,1.6959418,1.4178694,1.7904278,0.9091757017594101,1.3338048890973118,1.1507337692555295,0.9716900822252384,1.8393489892417825,1.686213329807147,2,0
2016-06-12 15:00:00,0.0,2.146341,2.5346634,3.6947653,1.4489751703704001,1.0918061683550468,1.278795899182799,1.6284943470166615,1.4713495721004148,1.98807062973944,5,0
2016-06-12 16:00:00,0.0,4.3656387,3.1234589,5.3460217,2.735973769831113,1.7335215914833917,1.535576533986618,2.805764480972878,2.3004519458998924,2.4340551752326482,8,0
2016-06-12 17:00:00,0.0,3.0873756,5.1258507,7.1160674,3.199785075254705,2.0544803885070575,1.6838111648086664,3.348265550255787,3.014638684289977,2.6710071011009164,2,0
2016-06-12 18:00:00,0.0,104.94621,105.84517,109.401,37.46640662458183,19.457690897476127,10.396031847560682,63.09184533554589,45.399352268034036,32.54403395662498,4,0
2016-06-12 19:00:00,0.0,56.831833,73.75984,179.42503,54.95513893774935,28.845556353790244,15.069203555979659,60.292068466998614,49.72082968932368,36.95034832737283,19,1
2016-06-12 20:00:00,0.0,100.96375,58.358524,130.55533,87.58059578573817,45.390190430496446,23.36199765979688,40.646480615559085,55.59963140899795,44.75766021434771,19,5
2016-06-12 21:00:00,1.0,112.262276,17.673311,46.95649,90.01928810679665,63.742847365689244,32.41732676702216,39.24992177308019,57.55112484361648,51.43303841248781,13,14
2016-06-12 22:00:00,1.0,110.56754,6.782411,23.144262,107.93119032624945,81.44316463199944,41.58834311174141,10.16645413112871,50.73742237549764,55.39473931458514,15,15
2016-06-12 23:00:00,1.0,102.89319,13.005147,11.377695,108.5743388946754,98.07746734020678,50.06597386435691,9.538082523074653,31.19366104233544,56.98557923541278,16,17
2016-07-12 00:00:00,1.0,104.52229,4.8411136,16.740387,105.99433978775558,98.00681394727613,58.73225242237612,8.091809107738634,29.80716170089191,57.114617456228856,15,17
2016-07-12 01:00:00,1.0,104.452095,6.4037123,10.036017,103.95585739436483,105.94352386030715,67.39454010704868,5.355528492433865,11.25380322892771,55.89598576000272,12,18
2016-07-12 02:00:00,1.0,103.66811,12.448861,16.224707,104.21416320082486,106.39425104775009,75.89222073912327,7.45501046836063,10.738778143233185,53.093931603942714,12,14
2016-07-12 03:00:00,1.0,104.72165,6.2407804,15.004836,104.28061800531364,105.13747889653465,84.44016313111193,7.875716003885484,9.88365262443023,48.313224414050005,12,17
2016-07-12 04:00:00,1.0,110.004654,14.677367,11.8814125,106.13147208098984,105.04366473767732,93.24341468483836,10.51222728057551,10.11741730705442,41.107335407990256,20,18
2016-07-12 05:00:00,1.0,20.712305,97.40842,102.63806,78.4795378389873,91.34685051990604,94.71215893005643,62.04553989138791,47.90440218959277,42.01284093146664,24,19
2016-07-12 06:00:00,1.0,6.032671,15.436941,109.95598,45.58321143166434,74.93191471848898,86.46936433288255,62.106281368613274,58.19114437003606,49.35407731649108,8,12
2016-07-12 07:00:00,1.0,100.93006,102.3155,114.17513,42.55834936320093,74.3449107220954,90.14421729120126,66.717417112197,58.656066718030964,46.826619149351835,4,9
2016-07-12 08:00:00,1.0,86.82519,52.483734,153.1085,64.5959746587059,71.53775624884658,88.96600364829834,62.17163834053704,61.498332100626705,50.402116052224144,20,9
2016-07-12 09:00:00,1.0,112.68653,50.11816,97.23716,100.14726668784157,72.86523905975292,89.00135897814376,32.79880449243805,61.441266029477774,50.08913096017328,25,14
2016-07-12 10:00:00,1.0,125.537186,17.304888,39.45316,108.34963800603082,75.4539936846159,90.2488292111466,35.578005542830425,63.415503082381555,50.73609418166628,30,20
2016-07-12 11:00:00,1.0,129.23407,6.82789,21.276775,122.48592976169745,93.54095221020165,92.44390136505385,11.608675730334665,56.09840195470261,52.15583270616901,33,27
2016-07-12 12:00:00,1.0,115.22589,15.526201,18.510326,123.33238078418452,111.73982373601302,93.33586922725102,10.830253092562334,30.154182067693206,52.4757648011294,24,24
2016-07-12 13:00:00,1.0,118.06013,11.414346,24.547428,120.84002585872973,114.5948319323803,94.46987132723781,11.430015536197331,29.89876820426252,52.915027016048306,23,27
2016-07-12 14:00:00,1.0,8.117667,114.41055,122.95276,80.46789575116924,101.47691275643328,86.50733450263996,66.91475915607391,52.19374810183121,58.76197432527936,15,22
2016-07-12 15:00:00,1.0,106.521164,111.91769,224.01224,77.56632020821739,100.44935049620098,86.65729477797696,69.22484017549378,54.27701435562863,59.495003578987465,5,5
2016-07-12 16:00:00,1.0,80.008354,54.672913,166.21979,64.88240257228114,92.86121421550546,84.15760395006068,62.85885551377689,56.71247277985441,59.70855404345762,14,4
2016-07-12 17:00:00,1.0,99.00713,44.650547,98.460266,95.17889305980573,87.82339440548749,90.68217330784458,29.5915942018324,52.98585824905762,53.958094793115464,5,6
2016-07-12 18:00:00,1.0,109.92881,14.890654,38.250652,96.31477252977052,86.94054636899395,99.3401850525035,31.214265333110156,53.23822389262863,45.91308233136442,10,6
2016-07-12 19:00:00,1.0,110.933205,10.181789,21.911974,106.62305323255195,85.75272790241654,100.17377991739842,10.405132365450614,50.492656475838814,46.08846655332783,23,5
2016-07-12 20:00:00,1.0,108.66341,7.8551893,11.427085,109.84180484643535,102.51034895312057,101.9936308547769,8.376436228219665,24.74006334682891,43.98552350595688,14,9
2016-07-12 21:00:00,1.0,112.987785,8.299741,14.286902,110.86146272385767,103.58811762681415,102.01873406150753,6.550687431472795,24.69250702707777,44.01198855772354,16,17
2016-07-12 22:00:00,1.0,108.34869,7.074037,14.212635,109.99995379640525,108.31150351447859,100.58635886499204,5.835831855053289,9.626811020742068,43.02192651883016,13,12
2016-07-12 23:00:00,1.0,105.81036,6.1605954,9.471503,109.04894298510374,109.44537391576961,98.63438416062853,6.3787151709095316,8.005243908850547,40.71945763796014,12,14
2016-08-12 00:00:00,1.0,102.88381,5.394574,4.337124,105.68095203970611,108.2712073817819,97.60587687538793,5.82155651771531,7.646075789444716,40.471205601718026,5,7
2016-08-12 01:00:00,1.0,4.4678993,102.98835,105.6034,71.05402433283831,90.52698906462179,88.13985848351916,60.74143507690176,46.593058399153165,47.519514325681435,10,8
2016-08-12 02:00:00,1.0,5.5669975,6.3967195,108.13411,37.63956965157372,73.34425631833878,87.92730263572967,61.57686726272026,57.97652833376932,47.68379014937292,7,4
2016-08-12 03:00:00,1.0,108.49819,106.41006,110.70022,39.511030922932626,72.59599148131934,88.09205455406672,63.94033353473571,57.255606411206465,47.792140618795486,13,4
2016-08-12 04:00:00,1.0,81.34853,59.065742,164.13715,65.13790538694073,68.09596485988949,88.20373418718407,63.76610125632737,58.86959865659626,48.27238044129675,15,6
2016-08-12 05:00:00,1.0,10.459503,84.48334,62.863697,66.76874075846267,52.20415520501822,80.82476456039392,65.23925650430459,61.25128780406149,55.169808181562644,12,5
2016-08-12 06:00:00,1.0,5.2644806,8.17439,89.7839,32.357502267082694,35.93426659500766,72.10273698839477,49.742874151579144,55.388803740164846,58.38817466413433,12,7
2016-08-12 07:00:00,1.0,107.58027,109.54085,116.527824,41.10142093730744,53.11966316212407,71.82332611337294,66.52147537958628,62.19451771408949,58.42380208787717,5,5
2016-08-12 08:00:00,1.0,85.132,54.089252,163.06857,65.9922523204219,66.38049653944226,69.86237642889051,63.33823540933861,58.606122914518004,58.20506243493221,18,5
2016-08-12 09:00:00,1.0,113.20513,47.75732,96.49619,101.9724683074862,67.16498528728444,69.88048838430188,33.29072604420504,58.97058280469223,58.460428095124044,22,2
2016-08-12 10:00:00,1.0,110.02902,17.168295,52.444767,102.78871629565462,71.94506861648102,70.02051673818528,31.39898589932724,61.878402965062946,59.042385534450815,20,12
2016-08-12 11:00:00,1.0,105.35815,10.882609,26.363287,109.53076378407336,87.76150805224762,69.9828316286329,11.902857201410912,52.159762127446854,58.841531187325856,15,20
2016-08-12 12:00:00,1.0,99.002464,7.818682,8.995922,104.7965409852051,103.3845046463457,69.65938562067666,8.847329073635766,25.23622670656187,58.40602410949889,10,17
2016-08-12 13:00:00,1.0,7.828116,99.26163,100.083725,70.72957203983037,86.75914416774249,69.93940366493328,59.217828507225484,50.513261070502914,58.32092021149305,17,14
2016-08-12 14:00:00,1.0,109.07527,108.974655,207.16467,71.96862205270999,90.74969291839164,78.56509472891695,62.60117576642476,49.67915400758366,56.424793624414974,17,7
2016-08-12 15:00:00,1.0,87.69067,36.68602,143.94162,68.19802269575644,86.4972818404808,76.83113356388262,61.74889938681032,48.81230579105078,55.4343504239352,21,7
2016-08-12 16:00:00,1.0,102.000374,29.504364,64.30942,99.58877039891345,85.15917121937187,78.55211991792643,21.46599656107455,47.2341950596784,55.10096221911866,11,9
2016-08-12 17:00:00,1.0,111.69887,13.752881,25.98709,100.46329698333328,86.2159595180216,86.98873378513461,21.7854674866099,48.13222072145928,49.90318856233899,12,10
2016-08-12 18:00:00,1.0,113.648224,7.894043,17.639881,109.11581032111688,88.65691650843668,96.02071057739116,9.692896489628227,49.12117528240878,41.73502154398736,19,9
2016-08-12 19:00:00,1.0,108.21364,12.862168,14.034772,111.18690673852441,105.38783856871893,96.07349136823069,9.871064666789104,19.707808559840668,41.115481008487734,23,17
2016-08-12 20:00:00,1.0,112.31969,7.9547048,18.963104,111.39384371343309,105.92857034838315,98.33913163338744,7.616179086457193,18.750804145720522,39.29903099867747,28,27
2016-08-12 21:00:00,1.0,105.2842,10.101491,16.879686,108.60584256168487,108.86082644140086,97.67905414094083,6.929537736402142,10.405834156159163,38.06657687249674,24,27
2016-08-12 22:00:00,1.0,108.36521,12.57317,19.37609,108.6563584035147,109.92163257101953,97.54040189519573,8.78028047234776,10.455084550328948,37.917522837340016,17,20
2016-08-12 23:00:00,1.0,104.43802,8.127248,17.216526,106.0291337925912,108.7114887530121,97.46372413551686,8.900502618773471,9.911257481710694,37.924615434298445,12,13
2016-09-12 00:00:00,1.0,99.71673,7.2933207,11.278947,104.1733092009335,106.38957588130918,97.52324619487293,6.83410155099843,9.327990766562102,37.890285771542075,13,12
2016-09-12 01:00:00,1.0,103.19708,8.372276,15.055277,102.4506037052814,105.55348105439802,105.4706598115585,6.585897927060798,9.974397168208434,16.84649732412089,8,10
2016-09-12 02:00:00,1.0,3.5951743,102.2381,109.22182,68.83632610819058,87.4327299503909,96.680650149387,59.10340413436367,45.57666594316701,37.11494791244143,4,2
2016-09-12 03:00:00,1.0,3.801165,4.088394,105.57119,36.86447287054328,70.51889103573838,89.68985873856961,59.93861906501505,55.48360567512122,45.90151269244952,3,1
2016-09-12 04:00:00,1.0,100.97672,100.42799,103.980446,36.12435538794051,69.28747954661092,89.60455605881525,59.23720555476425,54.27760953816587,46.010857092964926,6,1
2016-09-12 05:00:00,1.0,85.41374,53.966103,153.01271,63.39721174520786,66.11676892669921,87.41412883985564,62.28884807149033,57.72295520740492,48.80736071143435,17,3
2016-09-12 06:00:00,1.0,10.5797205,82.5377,68.622986,65.65673004850375,51.26060145952349,78.82508867041635,62.65598002886129,60.014300446445475,54.1450271807841,16,7
2016-09-12 07:00:00,1.0,7.6318097,10.138966,85.945045,34.54175762108133,35.33305650451093,70.44326877945447,50.32241894629137,54.68380808412703,58.008006065846075,12,15
2016-09-12 08:00:00,1.0,111.62614,108.55676,114.625854,43.279221232153276,53.33821648868059,70.38547321953574,66.95036957450444,62.38728064093757,58.42420845887522,10,14
2016-09-12 09:00:00,1.0,77.99968,63.951195,170.24074,65.75254259404109,65.70463632127243,68.11176367850535,65.58578121559667,59.20965158515286,58.55887010741608,10,8
2016-09-12 10:00:00,1.0,116.85538,62.67096,126.32148,102.16039911417009,68.35107836762575,68.81927895711834,40.83378250524261,60.514709730118376,59.38818889686419,20,9
2016-09-12 11:00:00,1.0,119.56033,21.760738,65.55493,104.80513567484411,74.04217845349872,70.07947369009896,41.53586133518423,65.99485544625671,61.05691769566677,28,9
2016-09-12 12:00:00,1.0,112.723236,8.491898,26.433338,116.37965491103989,91.06609875254048,71.16335010603197,13.420967008145322,57.73006857987632,61.607248460808975,15,17
2016-09-12 13:00:00,1.0,102.35943,17.744616,17.340384,111.54767206587283,106.85403559002148,71.09354604726619,12.549004125834992,32.9195690556579,61.30096795373977,17,13
2016-09-12 14:00:00,1.0,5.731796,99.6749,96.66316,73.60482280437165,89.2049792396079,71.27159786414423,63.400463900774994,56.02478105258598,61.30109461407093,11,11
2016-09-12 15:00:00,1.0,8.204267,7.2315164,104.91165,38.76516436683732,77.57240963893861,71.63852298010549,59.024719064247506,61.72784104472096,61.43695041281831,11,11
2016-09-12 16:00:00,1.0,102.85268,103.955666,109.46365,38.92957930504449,75.23862568545866,71.79485202654222,61.34582671447587,59.573051636575336,61.492519271234485,10,8
2016-09-12 17:00:00,1.0,88.11861,62.936523,164.78171,66.39184782681188,69.99833531559177,72.02025688454523,65.67957990930786,62.58722931150011,62.749659045143936,23,10
2016-09-12 18:00:00,1.0,97.76253,48.407238,109.282135,96.24460438181927,67.50488437432828,79.28549156343439,34.59039835315719,59.56838085443981,59.30784643872424,15,11
2016-09-12 19:00:00,1.0,111.98046,27.230715,28.592165,99.28719761125137,69.10838845814794,87.9812120240847,38.262106818983284,61.14214929569243,55.14669338023082,13,13
2016-09-12 20:00:00,1.0,109.14613,5.4613986,30.722284,106.29637468162586,86.34411125421893,87.7745452469134,16.547788498096175,54.01463353367226,54.61272895600776,10,14
2016-09-12 21:00:00,1.0,105.301704,8.296644,9.240019,108.80942772467829,102.52701605324872,90.04971284609368,6.498389391605842,30.790658528825954,53.8156519415425,10,10
2016-09-12 22:00:00,0.0,107.99415,9.000751,16.35234,107.48066071037915,103.38392916081519,89.31127742313696,6.544151513640031,31.360240517808016,52.93020458899911,11,9
2016-09-12 23:00:00,0.0,105.13669,4.3305106,12.357084,106.14418064254195,106.22027766208394,88.10930648883782,5.1489125707580214,13.559062998947805,51.72918541706566,8,8
2016-10-12 00:00:00,0.0,105.01661,4.178846,5.2890606,106.04916039927927,107.42929406197881,87.46708921815357,4.126164657577837,6.549988732812594,50.77449522042441,7,4
2016-10-12 01:00:00,0.0,69.392944,41.028103,44.545498,93.18208843609678,100.33137457323791,84.71988151569293,24.094181737082494,19.58711266136207,50.920677400204916,7,5
2016-10-12 02:00:00,0.0,2.0029938,67.759,45.34011,58.80418883305802,82.47418473780002,84.40914799600947,56.20106861015572,46.35450431356892,50.84498031599449,1,3
2016-10-12 03:00:00,0.0,2.764747,2.4711845,69.62998,24.720226223007344,65.38469331114332,83.95585468219602,40.008978911089045,54.44882368628287,50.51476275043578,3,1
2016-10-12 04:00:00,0.0,3.7318435,2.9469976,3.6960993,2.833194729794861,48.00764158294582,75.69578537188052,2.354119946386588,54.88791394092541,55.321669525948,9,1
2016-10-12 05:00:00,0.0,4.172945,3.740004,5.139627,3.5565117787237375,31.180350305890887,68.70031398398741,2.997982235956733,49.16888655554444,54.89886101650839,4,0
2016-10-12 06:00:00,0.0,4.8241663,2.1845326,4.967502,4.242984838310973,14.48160553065916,60.955449796319,2.812045165619755,30.30300049683488,56.223825317593175,6,4
2016-10-12 07:00:00,0.0,3.5768862,2.2155144,3.7338083,4.191332381818346,3.512263555806603,51.92181906452229,1.7269122087282147,3.2057991514299875,55.85747969093796,4,5
2016-10-12 08:00:00,0.0,4.169885,2.1745706,4.054351,4.19031241144457,3.873412095084153,43.173798416442075,1.9368016838245186,3.1905761115998716,54.33472873580244,6,6
2016-10-12 09:00:00,0.0,1.6861801,3.4655223,4.618301,3.14431715425029,3.6936509962806316,34.53917215371198,2.328989592024506,2.9245895083222324,51.181890284837486,1,4
2016-10-12 10:00:00,0.0,1.3892297,1.1012878,3.7073917,2.4150983001422026,3.3032153409802745,25.655428461963048,2.348242019011103,2.7355132653258236,45.61424480300917,1,3
2016-10-12 11:00:00,0.0,1.9911531,2.6821668,3.2913864,1.6888543125067146,2.939583361975642,17.05996683393326,1.742037087810061,3.0802271665358445,37.728855557644685,2,1
2016-10-12 12:00:00,0.0,1.4852661,2.569878,4.417202,1.6218829406152084,2.3831000474327495,8.432352789045956,2.102302634101093,3.2129370983309467,22.618739363245766,0,0
2016-10-12 13:00:00,0.0,0.18171331,1.4185872,3.7877014,1.2193775050534243,1.8172379025978136,2.6647507292022086,1.6193770139595522,2.8550518089490637,3.437300186563108,0,0
2016-10-12 14:00:00,0.0,1.2880563,1.2575544,2.606123,0.9850119162190876,1.336933114362901,2.605172604723528,1.4468664967985998,2.025999102676909,3.403196397739492,0,0
2016-10-12 15:00:00,0.0,0.5520141,1.0222007,2.2115738,0.6739279082993201,1.147905424457264,2.4207782103689484,0.7354370572252565,1.870774322608749,3.2690735179197175,0,0
2016-10-12 16:00:00,0.0,0.9028518,0.82897407,1.5156446,0.9143073982518551,1.0668424516526402,2.1850288963164566,0.800571523858041,1.6004763088353435,3.0679562607499125,0,0
2016-10-12 17:00:00,0.0,0.27808383,0.95232034,1.6298604,0.5776499150266307,0.7813309156228594,1.8604571387992508,0.6022747885398337,1.182510298412721,2.8983897709699153,0,0
2016-10-12 18:00:00,0.0,1.0830964,1.0313833,1.9181951,0.7546773292389382,0.7143026187691293,1.5487013331009394,0.9247947368499958,0.9807155204224535,2.6905140700746064,0,0
2016-10-12 19:00:00,0.0,0.46076894,0.9165041,1.774237,0.6073163869141426,0.7608118925829988,1.289024897590406,0.6509532763985054,0.9871220141604854,2.420458895552006,0,0
2016-10-12 20:00:00,0.0,0.48108274,0.581661,1.1536225,0.674982686327295,0.6263163006769629,0.9816247075199319,0.6993569577198206,0.7854368971975519,1.673542633634839,0,0
2016-10-12 21:00:00,0.0,0.21130924,0.48708418,0.9089653,0.384386992821218,0.5695321610300782,0.8587187927436712,0.43322821333180056,0.7663900754215097,1.5857251802586492,0,0
2016-10-12 22:00:00,0.0,0.44592965,0.41245222,0.7887033,0.37944054908297215,0.4933784679985573,0.7801104598255987,0.34988015321669164,0.6588630546729319,1.4181830159904452,0,0
2016-10-12 23:00:00,0.0,0.5320545,0.7227649,1.0150245,0.39643114147620584,0.5357069139017503,0.6585189147623048,0.47579752546323717,0.7367909443325151,1.1821341017707196,0,0
2016-11-12 00:00:00,0.0,2.5374744,2.169205,2.7665849,1.1718195162920895,0.7781032545566539,0.7462029366628914,1.520242544075627,1.2546607816499502,1.4361607730872115,2,0
2016-11-12 01:00:00,0.0,0.5900965,2.3593366,4.418634,1.2198751534856986,0.7996578512843348,0.780234871933667,1.4861842323787229,1.2160539147309286,1.4438344295439345,0,0
2016-11-12 02:00:00,0.0,0.72070616,0.5799081,2.534465,1.2827590372174644,0.8395950893468352,0.732955695011899,1.586980915032642,1.3455318262927487,1.3220571137611106,0,0
2016-11-12 03:00:00,0.0,0.48329097,0.42936113,0.77909595,0.5980312342801409,0.8849253752861149,0.7272287681580967,0.4464665557887315,1.3485529895871244,1.3174193497946698,0,0
2016-11-12 04:00:00,0.0,1.1287334,0.8813082,1.0360152,0.7775767858756315,0.9987259696806652,0.7460522188396108,0.6340047632292594,1.4750049165429675,1.3451365050630535,0,0
2016-11-12 05:00:00,0.0,0.34666532,0.89066005,1.7629987,0.6528965009880593,0.9678277691027617,0.7517673415022559,0.5818797679599413,1.430597613617116,1.3410691792936118,0,0
2016-11-12 06:00:00,0.0,0.3672887,0.34917614,0.97271365,0.6142290691053959,0.6061301516927682,0.6921167031247111,0.6292181020642622,0.6282557422261072,1.1943299832018486,0,0
2016-11-12 07:00:00,0.0,1.0665395,0.9936627,1.1698304,0.5934978400647485,0.68553731297019,0.7425975821272626,0.653955280048627,0.6965362821958765,1.2727597784011375,0,0
2016-11-12 08:00:00,0.0,1.0143667,1.0913352,1.9337751,0.8160649696851551,0.7344807353366071,0.7870379123417213,0.8010257360238191,0.7787023624532438,1.3332764187977701,0,0
2016-11-12 09:00:00,0.0,2.5251315,2.3110995,2.784536,1.535345873152713,1.0747874711290544,0.9798564232075848,1.7797554805562166,1.4366650614277452,1.7746426936451072,2,0
2016-11-12 10:00:00,0.0,0.7769549,2.4968872,4.5602064,1.4388176625702633,1.0161577513175055,1.0074418604990854,1.6296847495925737,1.502194531047666,1.813959514890733,0,0
2016-11-12 11:00:00,0.0,1.5397325,1.4991139,3.9020243,1.6139396484553965,1.2150023090702757,1.0914150390865192,1.774651010085331,1.7289782758512773,1.9309018736487344,0,0
2016-11-12 12:00:00,0.0,0.464052,1.1738769,2.3897674,0.9269131783297806,1.2311295257412467,0.9186298387170074,0.9141320255733913,1.7087444723306178,1.3884747850073302,0,0
2016-11-12 13:00:00,0.0,0.3778498,0.28025794,1.1824259,0.7938781428117159,1.1163479026909897,0.9009426078305899,0.7603471178264346,1.4861576416613278,1.3772057603026076,0,0
2016-11-12 14:00:00,0.0,0.57948923,0.44575062,0.6032283,0.47379699905128614,1.043868323753341,0.8891745295449742,0.34129681240820653,1.4521567661514134,1.367713990586488,0,0
2016-11-12 15:00:00,0.0,0.212248,0.45505986,0.81107116,0.38986233130138903,0.658387754815585,0.8665876129723198,0.31321382841402157,0.8010566577239483,1.3664493264971311,0,0
2016-11-12 16:00:00,0.0,0.83601576,0.6802693,1.0502305,0.5425842937281493,0.6682312182699326,0.8421944847937192,0.5284115772749975,0.8181708353822374,1.3455114547124085,0,0
2016-11-12 17:00:00,0.0,3.5444686,3.5701623,4.111912,1.530910968345539,1.002353983698413,1.1086781463843445,2.142630372691578,1.5540614632465835,1.8533180346788918,5,0
2016-11-12 18:00:00,0.0,0.68709606,3.0415132,6.2741656,1.6891936681923663,1.0395279997468776,1.1353287627440625,2.1482228991988417,1.5828886837358018,1.8556219810197412,0,0
2016-11-12 19:00:00,0.0,0.72694963,0.6503389,3.095629,1.6528383177162682,1.0977113057222085,1.107029604206599,2.0216998672273023,1.7027994825352815,1.8331712299127103,3,1
2016-11-12 20:00:00,0.0,1.9384521,1.3933035,1.4822857,1.117499224806697,1.3242050965761185,1.18403671016473,1.0084259862638763,2.145834790395745,2.111813217899055,4,1
2016-11-12 21:00:00,0.0,3.1525311,1.8958384,1.463644,1.939310843166866,1.8142522556796166,1.2363200052476007,1.5641069735956077,2.7164654176203347,2.161736227588079,4,4
2016-11-12 22:00:00,0.0,2.8460362,1.3405739,3.0581522,2.6456729695751733,2.1492556436457217,1.4087434309578264,1.3126272461385298,2.6586569965677422,2.2773270304571285,3,4
2016-11-12 23:00:00,0.0,1.6242734,2.7233586,3.0336695,2.540946757731608,1.829222991269153,1.4157884874837827,1.813854435898386,1.7579508757586746,2.3118424456780002,2,2
2016-12-12 00:00:00,0.0,1.0970018,1.2962852,2.4387672,1.8557703679373607,1.8975406055521145,1.4685343026494955,1.8790485084711646,1.8190907160250023,2.371120613447766,4,2
2016-12-12 01:00:00,0.0,0.6509865,0.9765663,1.8500086,1.1240872266797561,1.8848800981274656,1.4912957019248367,1.0206372376986639,1.9089192335926268,2.393109214176561,0,3
2016-12-12 02:00:00,0.0,0.5362167,0.4200001,1.1507407,0.7614016720890081,1.6511742149103095,1.4876896557432135,0.6592286930549832,1.9640070605072848,2.4054556732485524,0,0
2016-12-12 03:00:00,0.0,0.56714076,0.61768794,0.7848415,0.5847813387299966,1.220275853333679,1.5172640545066474,0.4540127552336677,1.6258431976602188,2.405677618999299,0,0
2016-12-12 04:00:00,0.0,0.36380666,0.4823413,1.0645816,0.4890546962117158,0.8065709614457358,1.4779133025457283,0.4230099872897131,0.991169776195481,2.3164722478882696,0,0
2016-12-12 05:00:00,0.0,1.0103935,0.9451784,1.3638148,0.6471136132933135,0.7042576426911608,1.266740316980157,0.7085872784369469,0.9059359703351318,1.8251674620634115,0,0
2016-12-12 06:00:00,0.0,2.3190968,2.5477417,2.9987175,1.231098986268242,0.9079401624991195,1.402740384025616,1.6086407977810766,1.3701001831617665,2.3020359292646027,3,0
2016-12-12 07:00:00,0.0,1.097499,2.9202328,5.3616467,1.4756631225788814,0.9823589093952988,1.433619503761382,1.904689550924336,1.5478925819551161,2.463627035871709,0,0
2016-12-12 08:00:00,0.0,0.67798495,0.9805169,3.6251745,1.3648603118982259,1.0059869625957696,1.3285805887530389,1.7791777227480081,1.596292899273194,2.4616094979677126,0,0
2016-12-12 09:00:00,0.0,0.46852756,0.63244814,1.2698085,0.7480038650155197,0.9895514256418811,1.1049136394877799,0.7364272431440237,1.5758373225205602,2.177447216540324,0,0
2016-12-12 10:00:00,0.0,0.823965,0.8902008,1.4610378,0.6568258565899288,1.0662444895844048,0.9364077255150706,0.6276878676901018,1.670701872969471,1.73901075640664,0,0
2016-12-12 11:00:00,0.0,2.3249602,1.9036461,2.1804972,1.205817634033697,1.285338972965962,0.9947983078285614,1.360537634278362,2.0176845743604903,1.8307016453575657,1,0
2016-12-12 12:00:00,0.0,1.1684617,1.8354659,3.45717,1.4391289917815562,1.093566428398538,1.0007532954488285,1.3591161141101864,1.4352994191964266,1.7493186530569953,0,0
2016-12-12 13:00:00,0.0,1.5024128,1.4576852,1.9825008,1.6652783181280315,1.1610520873589798,1.0717054983771392,1.5782295292723745,1.4399171543999554,1.8197111034863986,0,0
2016-12-12 14:00:00,0.0,1.8165833,1.4992172,2.5219445,1.495819286972443,1.35081846050307,1.1784027115494196,1.3681073822708942,1.7122858740970275,1.8854909687398875,0,0
2016-12-12 15:00:00,0.0,2.1735861,2.9382467,3.6217651,1.830860833508423,1.6349949126449896,1.3122731691434353,2.0016735388159574,2.156752216122603,2.1960616356010116,1,0
2016-12-12 16:00:00,0.0,1.8893127,3.5327408,6.1790333,1.959827469008293,1.8125528935681618,1.4393986915762838,2.7096435834497,2.524979229958877,2.362606228886972,1,0
2016-12-12 17:00:00,0.0,1.1313918,2.5649335,5.9437447,1.7314303200340546,1.613624803503249,1.4494818882346046,2.5728097458777235,2.4558961772935732,2.402037835792583,0,0
2016-12-12 18:00:00,0.0,0.96551114,1.5483623,3.8926034,1.32873863288578,1.579799733197102,1.3366830807978198,1.5812952806550156,2.351872351640608,2.1656171967736086,0,0
2016-12-12 19:00:00,0.0,0.7332804,0.9351411,2.22922,0.9433944881297941,1.4516109785690434,1.306331532964012,1.070042724566168,2.3848727976181343,2.145412811026594,0,0
2016-12-12 20:00:00,0.0,0.70916915,0.7367176,1.4015071,0.8026536044315066,1.267041962232781,1.3089302113679253,0.7877671922627687,2.1506380117469,2.1993831131057218,3,0
2016-12-12 21:00:00,0.0,0.8544418,0.6020512,1.0677946,0.7656304591638435,1.047184546024812,1.3410897293349007,0.5720603938495713,1.457300232693825,2.2355637843350364,2,2
2016-12-12 22:00:00,0.0,0.5749398,0.670742,1.1612452,0.7128502277631249,0.8281223579464593,1.320337625757311,0.5276946659968846,1.0854490267936274,2.2590499748789457,0,0
2016-12-12 23:00:00,0.0,2.4990141,2.2273583,2.803911,1.3094651685810241,1.0560593865062657,1.3348420950047573,1.4493864382644097,1.3216862836666143,2.3153537377506788,0,0
2016-12-13 00:00:00,0.0,0.6190561,2.0040462,4.2045746,1.2310032991460986,0.9983168791549715,1.2890583061760366,1.3551649622766284,1.183974513836214,2.3117998478778934,0,0
2016-12-13 01:00:00,0.0,0.4474449,0.3408117,1.9388072,1.1885049999787052,0.9506776138709147,1.2011442962199792,1.2881372990732773,1.1929896463756846,2.295162029690424,0,1
2016-12-13 02:00:00,0.0,0.8573965,0.71087927,0.8853157,0.6412991628017091,0.9753821656913668,1.121212063962074,0.48201268960082966,1.187394774344154,2.0550655239022424,0,1
2016-12-13 03:00:00,0.0,0.8072156,0.657118,1.2597337,0.7040189681747893,0.9675111336604438,1.007347839842628,0.5023148190590407,1.1315575076606572,1.5434073407597302,0,1
2016-12-13 04:00:00,0.0,0.94537807,1.0192934,1.2754713,0.8699966932362322,1.0292508466074688,0.928686602276964,0.7765605380505296,1.1767973146535864,1.2879127838273408,1,0
2016-12-13 05:00:00,0.0,0.4966424,0.9173699,1.8239256,0.7497453481286528,0.6955222554651809,0.8757908209857233,0.7207011506220266,0.6806995102728157,1.1530155788702905,0,0
2016-12-13 06:00:00,0.0,0.50704306,0.65167695,1.4034129,0.6496878433083688,0.6768534057415792,0.837585142448275,0.6591650379783924,0.7154216401250519,1.1002710948781138,0,0
2016-12-13 07:00:00,0.0,0.3384001,0.43254542,1.0148667,0.44736185575954523,0.6586792744978888,0.8046784441844019,0.3953665151456158,0.7049793620661593,1.088384584822802,0,0
2016-12-13 08:00:00,0.0,0.4779987,0.46020117,0.7826093,0.4411472889859601,0.5954463185573065,0.7854142421243365,0.41083457471961976,0.6331728605176041,1.0528874885221045,0,0
2016-12-13 09:00:00,0.0,1.6711009,1.6737562,1.9088179,0.8291665197441682,0.7394271815262687,0.8534691575933562,1.0472361220629185,1.073708964689744,1.329377829570292,0,0
2016-12-13 10:00:00,0.0,0.79007506,1.5595583,3.1063395,0.9797248429859586,0.7135433493727519,0.8713970979901102,1.1086194626141672,1.024560415154251,1.342424431399819,0,0
2016-12-13 11:00:00,0.0,0.74436873,0.7808992,1.9896157,1.0685148602725567,0.7548310746292585,0.7251766650472196,1.0555841848663718,1.0026883623037788,0.9846498306217707,0,1
2016-12-13 12:00:00,0.0,1.0423214,1.1262194,1.6692505,0.858921773300742,0.844044146522455,0.7604487761320171,0.8389948102292255,1.1303356530290773,1.0767454431527814,0,0
2016-12-13 13:00:00,0.0,0.72720915,0.85903764,1.8641765,0.8379664790853533,0.9088456610356562,0.7837624677667723,0.6699093963303688,1.118011080975265,1.0722889393262587,0,0
2016-12-13 14:00:00,0.0,0.7543767,0.7472343,1.0247309,0.8413024279959859,0.9549086441342712,0.775177481345789,0.7659364363273271,1.182068014653938,1.0988649937990933,0,0
2016-12-13 15:00:00,0.0,2.0906274,1.4083129,1.8379085,1.1907377645146804,1.0248297689077113,0.8821284752169894,1.1429766449648013,1.1874888088417799,1.3506845658038693,3,1
2016-12-13 16:00:00,0.0,0.9108641,1.7129629,3.016367,1.251956099509402,1.0449612892973774,0.8792523193350651,1.0460880569073139,1.1626926068214152,1.2975727428022374,0,0
2016-12-13 17:00:00,0.0,0.38692668,0.56515515,1.7014554,1.1294728046598108,0.9853876163278984,0.8701093454785782,1.157202514459478,1.168699716495592,1.291304301362143,0,0
2016-12-13 18:00:00,0.0,0.44884583,0.4820643,0.83488536,0.5822122569112507,0.8864750107129655,0.8652595786177103,0.5464724887484208,1.0473897141856499,1.2834991395850843,0,0
2016-12-13 19:00:00,0.0,1.8327483,1.4709703,1.6745311,0.8895069232263593,1.0707315113678806,0.9897885862017685,1.0111679662639683,1.476826608318969,1.4444954801717407,0,0
2016-12-13 20:00:00,0.0,1.5672128,2.0003679,3.0841498,1.28293562393734,1.2062042142985758,1.0805564292164234,1.3533939231332444,1.6696459711325828,1.5681945713526286,2,0
2016-12-13 21:00:00,0.0,2.0216193,2.7123053,4.27027,1.8071934836425922,1.1947028702769211,1.1097663195923162,2.1486644030279307,1.7423317276244135,1.6140218405677038,3,0
2016-12-13 22:00:00,0.0,0.66472614,1.6369549,4.118069,1.4178528059931506,1.153679864609755,1.099320576953566,1.613948053434639,1.6722741800225698,1.6161165057086282,0,0
2016-12-13 23:00:00,0.0,0.63321996,0.77254975,1.7301215,1.1065218427704955,1.1947287333539178,1.0900581748409082,1.214212856612286,1.7665993346889046,1.69950861274515,0,0
2016-12-14 00:00:00,0.0,0.5637827,0.73985046,1.4446155,0.6205762710696663,1.2138848773561293,1.0501799440345474,0.5912836248270915,1.8287128833836135,1.6171486303473441,0,0
2016-12-14 01:00:00,0.0,0.5624773,0.34933296,0.9414195,0.5864933159319353,1.002173060962543,1.036452286165212,0.4811533511958412,1.416070954961449,1.5982637265967148,0,0
2016-12-14 02:00:00,0.0,1.3338252,1.2634082,1.0980905,0.8200284011095497,0.9632751219400226,1.084739668119299,0.8513229472090111,1.2103034679787465,1.6338559856966839,0,0
2016-12-14 03:00:00,0.0,0.70477664,1.1439617,2.2981482,0.8670263702272487,0.7438013206484576,0.9692520954626894,0.8195166921085644,0.8484763733929693,1.4981736417750342,0,0
2016-12-14 04:00:00,0.0,0.80124503,0.55743605,1.432994,0.9466156192482571,0.766554467590096,0.9601171660999256,0.8819801032987831,0.911828147923888,1.4964858802036711,0,0
2016-12-14 05:00:00,0.0,2.4197648,2.002136,2.2392788,1.3085955299056458,1.0643119655075974,1.1295203494307575,1.297817074314605,1.3465789718074481,1.7098194821815351,2,0
2016-12-14 06:00:00,0.0,0.44121876,2.535844,4.442703,1.22074292501498,1.043884647621114,1.1288847624886216,1.456946070084876,1.3915704257427415,1.720379631605478,0,0
2016-12-14 07:00:00,0.0,0.39319268,0.33972275,2.6975305,1.0847254598487808,1.015670539548519,1.0089218002555314,1.5045356127117284,1.395201419418607,1.6064278652699215,0,0
2016-12-14 08:00:00,0.0,2.1477373,2.2171009,2.3485148,0.994049643954366,1.1513225869300059,1.0572988544350144,1.367932913372264,1.422907289343746,1.6076333599333035,2,0
2016-12-14 09:00:00,0.0,2.2443743,0.76967293,2.5317085,1.5951014353351105,1.4079221801750452,1.0758617504117516,1.3889460117953407,1.4934666193313906,1.504444984481256,3,0
2016-12-14 10:00:00,0.0,0.58190703,2.1104271,2.378524,1.6580062438068546,1.3713658518278178,1.0689601597089569,1.349549798343489,1.5115779931444882,1.4993136081482112,0,0
2016-12-14 11:00:00,0.0,1.162195,0.89114183,2.7371013,1.3294921285868873,1.161770886270627,1.1130414258891121,1.5502653483357618,1.5250302718877362,1.5793036427517753,1,0
2016-12-14 12:00:00,0.0,4.9388967,5.017284,5.702767,2.2276663102857976,1.9113838728104544,1.4776342602157841,2.9644847194402755,2.878568639462541,2.4372267410767217,6,0
2016-12-14 13:00:00,0.0,2.3806958,2.85222,7.506287,2.82726254669234,2.2426343952495973,1.6291524673990583,2.731814338614207,2.8699393313306216,2.4924909705801643,4,0
2016-12-14 14:00:00,0.0,3.6163692,3.390184,4.2517185,3.6453205553191292,2.487406341953008,1.8193644644415072,3.179868568668851,3.2846014470222715,2.7731033867626134,3,4
2016-12-14 15:00:00,0.0,2.275003,3.4662542,6.2957354,2.7573559983979092,2.4925111543418534,1.950216667258449,2.4784528977081,3.173189966074964,2.89845857076996,1,3
2016-12-14 16:00:00,0.0,3.022931,2.3532073,4.90998,2.9714343998144734,2.899348473253407,2.135357162540612,2.7512579688507537,3.24072075018999,2.9981680493816656,4,4
2016-12-14 17:00:00,0.0,2.8539221,2.8340647,4.396249,2.717285336893584,3.181302946106356,2.1715369161884914,2.11010932657172,3.311442088255754,3.1472756414369543,1,5
2016-12-14 18:00:00,0.0,2.025784,1.9671308,4.01472,2.6342123827434283,2.695784190570669,2.3035840316905616,2.0619062215325563,2.7919380362962696,3.209978874715526,1,3
2016-12-14 19:00:00,0.0,0.93910605,1.9421208,3.2504518,1.9396040911897432,2.4555192455021078,2.349076820375853,1.7035426084955905,2.706913095074683,3.2258564510370267,0,0
2016-12-14 20:00:00,0.0,1.5713689,2.064508,3.3659742,1.5120864246288925,2.1146858807612374,2.3010461113571226,1.958080158998297,2.4165774099569446,3.2460272436435673,1,0
2016-12-14 21:00:00,0.0,0.38531014,1.6219838,3.4479783,0.9652617297696444,1.7997370562565365,2.146124105299195,1.3375556182449384,2.2855997605374183,3.171261849637939,0,0
2016-12-14 22:00:00,0.0,0.95895725,0.8171803,2.1220374,0.9718787547792809,1.4557414229845118,2.177544948118958,1.2822419468421045,2.022906868831132,3.2145471123708997,0,0
2016-12-14 23:00:00,0.0,0.47644508,0.66430056,1.456934,0.6069041252373797,1.059495274933136,2.120399110519746,0.5007062679148783,1.6438154234234434,3.1034228144820264,0,0
2016-12-15 00:00:00,0.0,0.25741428,0.27477637,0.7875419,0.5642721865000383,0.7647669581348414,1.7302755743527551,0.4732586771890202,1.2151227396283841,2.6397118217269617,0,0
2016-12-15 01:00:00,0.0,5.133389,4.9433393,5.150813,1.9557494743741424,1.463814114576712,1.95966668003941,2.8325600700459113,2.6598350978630463,3.52201846980184,10,0
2016-12-15 02:00:00,0.0,0.80826735,4.999777,9.5434675,2.0663568894175297,1.3366305073274545,1.7256581940443465,3.0046137859315762,2.2996456395844125,3.0676518400955124,0,0
2016-12-15 03:00:00,0.0,1.5219253,0.937639,5.131315,2.487860500421666,1.5260663434608526,1.662901699858694,3.3046482232453585,2.5283468917590985,3.11077907074445,0,0
2016-12-15 04:00:00,0.0,1.9752948,1.0320323,0.9939365,1.4351623816606984,1.6954559280174202,1.5755986755009666,0.9038433846054018,2.7198700655885544,2.973922710480578,0,0
2016-12-15 05:00:00,0.0,2.8894663,1.2219013,1.3830416,2.128895352878599,2.0976261211480645,1.5785606980405997,1.1190997784541266,3.0702514617963637,3.0097970626549504,3,5
2016-12-15 06:00:00,0.0,5.057924,3.968006,4.653676,3.3075614563207947,2.8977109783712307,1.831238968253036,2.4105618957315547,4.050591657891516,3.5605505243131317,8,5
2016-12-15 07:00:00,0.0,2.7870495,3.3483787,7.291523,3.5781463646888296,2.5066543731747637,1.9852342438757378,2.4236573047936227,2.333877222502837,3.599238706697988,3,5
2016-12-15 08:00:00,0.0,0.61005205,2.2492824,5.456853,2.8183416337872886,2.4736184933329435,1.9051245003301989,2.8823695597133137,2.3685595886791715,3.311432720253594,0,1
2016-12-15 09:00:00,0.0,0.6766983,0.62536,2.331691,1.3579332463778886,2.332747351349342,1.929406847405097,1.487490618599126,2.5238519873452874,3.3510828343628405,0,1
2016-12-15 10:00:00,0.0,0.30762652,0.43264532,0.9429655,0.5314589361602227,2.0548026504245263,1.875129289220973,0.4360538689712884,2.664194034046496,3.296595471054877,0,0
2016-12-15 11:00:00,0.0,0.8890453,0.903361,1.1656332,0.6244566687296321,1.72139915125846,1.9095126362032622,0.6936045152868119,2.7191097467994165,3.430857593870163,0,0
2016-12-15 12:00:00,0.0,0.6616525,1.0380472,1.8773724,0.6194414044737747,0.9886873254258317,1.9431991518985317,0.7192897069223991,1.5494984968634808,3.41784091012633,0,0
2016-12-15 13:00:00,0.0,0.45691493,0.6002629,1.5646693,0.6692042098980067,0.6003315730291148,1.5534929731019391,0.7007456237400017,0.7720754819488141,2.249697138203292,0,0
2016-12-15 14:00:00,0.0,0.6432902,0.47202808,0.9052331,0.587285872074166,0.605871270401899,1.5397448818674215,0.49323457208619675,0.7708681836167316,2.2558131156086914,0,1
2016-12-15 15:00:00,0.0,1.9492993,1.564041,1.566655,1.0165014259701544,0.8179714152219647,1.5753593832856538,1.029514371953332,1.1589532265586215,2.442755878062184,1,1
2016-12-15 16:00:00,0.0,3.0942333,1.8800086,2.3586814,1.8956075560056986,1.2824058829518525,1.6686042666881888,1.669588467163811,1.698628038041498,2.6846697356228413,7,0
2016-12-15 17:00:00,0.0,1.0062524,3.0933874,4.853949,2.016594906120973,1.3019403890975694,1.5116697701780148,1.7492811141733622,1.532559229797114,2.5288613175456702,0,0
2016-12-15 18:00:00,0.0,0.9901779,0.60545844,3.0733738,1.6968878067108484,1.356694616340502,1.1726909708831668,1.8944696695613128,1.54888575866726,2.020835761404849,0,0
2016-12-15 19:00:00,0.0,1.344777,1.0160794,1.5332799,1.1137357421349414,1.5046716490703198,1.0525016110497172,0.7379442899557082,1.635709475691719,1.5563050026530505,0,1
2016-12-15 20:00:00,0.0,1.3621055,0.7788887,1.3006039,1.2323534516901924,1.624474178905583,1.1151727246537406,0.7561181308127942,1.644548750822719,1.554160127979082,0,1
2016-12-15 21:00:00,0.0,0.6545198,0.88203794,1.1193231,1.120467449273091,1.4086776279919695,1.1133245216069674,0.7337340265236535,1.6164799624093915,1.548398181944854,0,1
2016-12-15 22:00:00,0.0,0.9737714,0.7231821,1.4377149,0.9967988718963453,1.055267307015643,1.1688365949837478,0.7370694939147298,0.8631364800528208,1.5457102541956085,0,1
2016-12-15 23:00:00,0.0,0.7351784,0.5356224,1.1998088,0.7878232095002508,1.0100883305952215,1.1560143598463952,0.44166371348626127,0.7987610454735719,1.4257964462985109,0,1
2016-12-16 00:00:00,0.0,0.88430244,0.67545015,1.1031607,0.864417404475907,0.9924424268744986,1.1745685216075,0.5823100232606206,0.8158272412374727,1.4184126729389175,1,1
2016-12-16 01:00:00,0.0,0.5082037,0.6195511,1.2192235,0.7092281863551197,0.8530135291257328,1.1788425890980263,0.47449653237800876,0.7191601802701871,1.4091033599000888,0,0
2016-12-16 02:00:00,0.0,0.5192733,0.32336095,0.8012051,0.6372598103891307,0.7125415099446905,1.1685078444251367,0.4548915022337698,0.55141990823523,1.4195916876976853,0,0
2016-12-16 03:00:00,0.0,1.8867223,1.621339,1.7760556,0.9713997203355735,0.9179085624057404,1.163293095198855,0.9989724605507887,0.9857779169071471,1.567349440080274,0,0
2016-12-16 04:00:00,0.0,2.6309712,3.2153597,4.594531,1.6789888328766132,1.1941085096158666,1.124687908315755,1.9866476547891523,1.5842269020069426,1.4706701701077511,4,0
2016-12-16 05:00:00,0.0,3.1693575,3.8748264,6.689726,2.5623503550723123,1.5998050827307213,1.3049467066629716,3.016823913157408,2.402677256912341,1.9373351229007265,4,0
2016-12-16 06:00:00,0.0,0.9311997,2.622723,6.084995,2.243842896843743,1.6076213085896582,1.300031867732079,2.4654155025284474,2.368993033061409,1.9034038648884064,0,0
2016-12-16 07:00:00,0.0,1.2133294,1.4636704,3.5152194,1.7712957181643283,1.7251422755204708,1.2890779023231016,2.007300270686712,2.459175567146206,1.9664266069667662,1,0
2016-12-16 08:00:00,0.0,2.0392425,1.5584174,2.6664946,1.394590552182992,1.9784704536276514,1.345505981786171,1.5496535183667992,2.5924645897966383,2.102682029760193,4,0
2016-12-16 09:00:00,0.0,1.477902,1.5270029,2.794441,1.5768246527047953,1.9103337747742688,1.4141211685900046,1.3968780340810127,2.4126147279864543,2.1496759580595097,2,0
2016-12-16 10:00:00,0.0,1.2246215,1.4466748,2.0214443,1.5805886486727938,1.6759421834185613,1.4350253465172138,1.5622562580368613,1.956674919801386,2.190838280268409,0,0
2016-12-16 11:00:00,0.0,1.6244568,2.185464,3.3130922,1.4423267520895884,1.4184586521362907,1.5091318674335057,1.7169509205383147,1.8495833304715266,2.388794381899247,4,0
2016-12-16 12:00:00,0.0,5.1218114,5.6514463,7.532658,2.656963225584618,2.116893939144706,1.8622576238671824,3.4308984149848,3.3267131679110418,3.3457342339272746,10,0
2016-12-16 13:00:00,0.0,4.137497,6.8860865,12.047101,3.6279216387495046,2.6042551437111485,2.16469870961581,4.737033600099128,4.149580070722839,3.6807803120152864,3,0
2016-12-16 14:00:00,0.0,2.0743575,4.6373467,10.326376,3.7778886048446756,2.6101076784671307,2.294289066047392,4.890655677753867,3.9828723230384635,3.736192009389514,3,0
2016-12-16 15:00:00,0.0,1.0235485,1.9568976,5.6196647,2.41180092982723,2.5343820777059247,2.222357926240097,2.8809050979270494,3.9509592074334274,3.6902637468206665,0,0
2016-12-16 16:00:00,0.0,0.9089951,0.4205058,2.2586763,1.3356337093599684,2.481777674054736,2.0788599287366485,1.16277225077114,3.965024135848197,3.4045435771292185,1,1
2016-12-16 17:00:00,0.0,0.49369374,0.7376656,0.82655984,0.8087457590686321,2.293317181956654,1.8558879170464722,0.5204632973113136,3.625754313581781,3.230469144030544,0,0
2016-12-16 18:00:00,0.0,0.86675394,0.93422157,1.3069577,0.7564809046506519,1.5841409172389407,1.850517428191823,0.7896601642923998,2.295639280496955,3.2775114443863815,0,0
2016-12-16 19:00:00,0.0,0.694559,1.0632197,1.7927036,0.6850022016418198,1.0103179555008948,1.8072865496060218,0.7698042483530997,1.395807907976931,3.2461773906173392,0,0
2016-12-16 20:00:00,0.0,0.85167074,0.7670933,1.6102251,0.8043278802010048,0.8065368196348186,1.708322249050975,0.8432694644385441,0.9073264255789899,3.0708814295030487,0,0
2016-12-16 21:00:00,0.0,0.6834082,1.032173,1.4439235,0.7432126516362679,0.7498467781434598,1.642114427924691,0.773918260767951,0.895693882684283,3.0484544462024386,1,2
2016-12-16 22:00:00,0.0,0.92296296,1.1486071,2.124241,0.8193473086111669,0.7521747551264931,1.6169762145906152,0.8640302637585949,0.9261728262218186,3.051476196214556,0,0
2016-12-16 23:00:00,0.0,3.4343092,3.8859718,4.9668794,1.6802268017831705,1.2422773409920875,1.7677972614743707,2.5117082976205753,2.1102106994513683,3.203007243900705,5,0
2016-12-17 00:00:00,0.0,0.38318646,3.2504613,6.8511467,1.5801528911016776,1.1616827713689728,1.3729118443039567,2.2894346154517313,1.9770458563923632,2.6721718049885186,0,0
2016-12-17 01:00:00,0.0,0.36765862,0.2585078,3.3453777,1.395051439157334,1.1071993738842503,1.058758664692572,1.9299922162068914,1.8790725266441932,2.052357119240714,0,1
2016-12-17 02:00:00,0.0,0.48356265,0.28616267,0.41262546,0.41146924402937307,1.0458480229062712,0.9261924212705447,0.24398978302487334,1.797975821325676,1.6696990960694342,0,1
2016-12-17 03:00:00,0.0,2.0077646,1.5854826,1.585523,0.9529953413776083,1.2665741162396427,1.0082104471915514,0.9911763009033823,2.1584793382982737,1.8520876220011961,0,1
2016-12-17 04:00:00,0.0,0.9070224,1.6905606,3.0393755,1.1327833150805604,1.2639173771189476,1.0080460661227204,1.1301956628888652,2.114753868620613,1.886821892722983,0,0
2016-12-17 05:00:00,0.0,1.3237709,0.6753996,1.8420458,1.4128527214441051,0.9121609827367392,1.0772191618644131,1.1609687290378865,1.080488450701232,1.9605847790970208,1,1
2016-12-17 06:00:00,0.0,0.55813676,1.171753,1.7175267,0.9296433718409106,0.9413193566092594,1.0515010639891162,0.7574901582134326,1.11004186690281,1.9264003563151852,0,0
2016-12-17 07:00:00,0.0,1.4666467,1.4417973,2.4715908,1.1161847404353664,1.1244840277579637,1.1158417008211068,0.8868217692237907,1.195521315498993,1.961308923996569,1,0
2016-12-17 08:00:00,0.0,1.2925503,2.2015808,3.4017782,1.1057778617939977,1.2593152916190515,1.1525816572626617,1.419334623870416,1.3545122453014038,2.0278414873665893,0,0
2016-12-17 09:00:00,0.0,0.82049984,1.4781743,3.5509176,1.1932322417877057,1.0614378068143084,1.1640059615269756,1.5000818849250892,1.2864642785901597,2.113143584418799,0,0
2016-12-17 10:00:00,0.0,2.1354864,1.5092592,2.742654,1.4161788964296604,1.2661818184325133,1.2650495977757303,1.4822585641075654,1.6139387549326052,2.229055342521103,0,0
2016-12-17 11:00:00,0.0,1.3098884,2.3902786,3.375991,1.4219582737391188,1.2638680677665586,1.0880145252516487,1.505430840543969,1.7524109269558343,1.5024633958978197,0,0
2016-12-17 12:00:00,0.0,0.7491917,0.9516909,3.0102844,1.398188894975076,1.295710568381391,1.118514962495325,1.4512152748678795,1.7368833880226482,1.5025251207555776,0,0
2016-12-17 13:00:00,0.0,0.63519186,0.74438256,1.5819942,0.898090676031657,1.1571347862306587,1.140809406994311,0.7104079062929679,1.5222523653503566,1.51809955418814,0,0
2016-12-17 14:00:00,0.0,0.88538146,0.8418982,1.4783151,0.756588385200641,1.08927332946988,1.1742943105444654,0.7437277643913959,1.384877956291523,1.5352727486066942,0,1
2016-12-17 15:00:00,0.0,1.0976963,1.5327752,2.2397768,0.8727565826762137,1.135472738825645,1.0984552728199766,1.022705169674196,1.4820069800787814,1.4734631121421669,1,0
2016-12-17 16:00:00,0.0,1.3804313,0.61679083,1.84765,1.1211696678557848,1.0096301719437208,1.1379059951881172,1.0991375036083426,1.1437559631126262,1.5170723197389624,1,0
2016-12-17 17:00:00,0.0,0.30216435,1.2852485,1.7329814,0.9267639575980616,0.8416761713993509,1.0527721195829547,0.8047268638749759,1.0301042163578205,1.4981691916628925,0,0
2016-12-17 18:00:00,0.0,4.074312,3.9004865,4.9536977,1.9189693178556266,1.3958629502659206,1.3457867593236557,2.754662444337739,2.219971306170071,2.136022132244459,4,0
2016-12-17 19:00:00,0.0,1.0143275,4.563775,8.303905,1.7969347779274802,1.4590522228916327,1.3080935045611455,2.683313972254375,2.3899324282066416,2.1411160478242244,1,0
2016-12-17 20:00:00,0.0,1.354818,0.86236227,5.167423,2.1478193212986216,1.5372916394483411,1.3132824844591104,2.760087164262291,2.4531739362933425,2.1224243978423307,0,0
2016-12-17 21:00:00,0.0,0.503201,1.3527515,1.8726205,0.9574488532445277,1.4382090855500773,1.2868409121878608,0.9018712629540643,2.4100464038653207,2.1017027346758814,0,0
2016-12-17 22:00:00,0.0,0.6810306,0.5951584,1.7610949,0.8463498825530429,1.3216423302402613,1.1656362510919909,0.8788213129026143,2.2192959340238354,1.9983518803578328,0,0
2016-12-17 23:00:00,0.0,1.1689317,1.0159583,1.3129807,0.7843878110266082,1.4661035661626147,1.153889868780983,0.7061144092174376,2.373207022828788,2.0610956613854183,2,0
2016-12-18 00:00:00,0.0,0.82439417,1.0195106,1.8744627,0.8914521899798078,0.9244505216121673,1.1601567359390441,0.7533930108232411,0.9875256814489098,2.085507690805561,0,2
2016-12-18 01:00:00,0.0,3.0970566,3.0031717,3.6136796,1.6967941853041804,1.2715720339286116,1.3653121284101222,2.1599769319571505,1.8082895545727384,2.3818059145478783,2,0
2016-12-18 02:00:00,0.0,0.40999746,3.0606303,5.9035983,1.4438160735514758,1.114101942289042,1.3256967908686919,1.8969386560465578,1.632110601270822,2.36372765682073,0,0
2016-12-18 03:00:00,0.0,1.9498525,2.0420225,4.9942307,1.8189688936780337,1.3552105418289209,1.3967098136894989,2.619835422361359,2.1656118923796517,2.524830026304691,1,0
2016-12-18 04:00:00,0.0,0.5934941,1.569401,3.5595732,0.984448057101033,1.340621121202607,1.3311317257214341,1.197250564440444,2.200566714602381,2.4321276991227454,0,0
2016-12-18 05:00:00,0.0,0.95919013,1.0590568,2.2749987,1.1675122763722183,1.3056641749618476,1.3858838705622307,1.3461061446402367,2.196629844247079,2.513273326591837,0,0
2016-12-18 06:00:00,0.0,4.061286,4.347191,5.0208,1.8713233649477103,1.8451461293128721,1.3847983254625198,2.7182941986763525,3.487022659806359,2.808545661894512,5,0
2016-12-18 07:00:00,0.0,2.4358776,5.416768,9.56814,2.4854512301470613,1.734949643624047,1.5032608387763295,3.508187046844749,3.0521881942714275,2.9886466475921596,1,0
2016-12-18 08:00:00,0.0,0.76538724,2.3916159,7.366925,2.4208502807665497,1.7941812785693836,1.4541416104292126,3.4402878502860292,3.043788577031968,2.989527783367807,1,0
2016-12-18 09:00:00,0.0,2.1972222,2.377781,4.53549,1.799495717574598,1.8354095412611542,1.5953100415450376,2.099775603328294,3.1609522200610236,3.339426670083074,1,0
2016-12-18 10:00:00,0.0,0.67704076,2.5247183,4.6605635,1.213216742205958,1.84933398617651,1.5949775536895585,1.6796714489678568,3.159912524178283,3.350838083194104,0,0
2016-12-18 11:00:00,0.0,1.4172395,0.9919959,2.7625246,1.4305008499848255,1.925675565375688,1.6156698701687675,1.8758543283802689,3.1501627313404366,3.2902054734648245,0,0
2016-12-18 12:00:00,0.0,1.3146617,2.0961142,2.961483,1.1363140382743515,1.467904877924475,1.6565255036186732,1.2106827815383667,2.3333897182678767,3.38326367705115,0,0
2016-12-18 13:00:00,0.0,0.7438097,1.3022436,3.3603256,1.1585703297961973,1.1858935360010778,1.4604215898125623,1.3186658277753773,1.9146647836393826,2.8800809730449846,0,0
2016-12-18 14:00:00,0.0,1.1778435,1.4084023,2.3971505,1.0787716754494452,1.254636262717135,1.5244087706432596,1.2953799562401023,2.118697925361871,2.965753177344444,2,0
2016-12-18 15:00:00,0.0,0.99615985,1.4385444,2.333239,0.9726043370539503,1.0544591876641507,1.4449343644626529,1.047949950059593,1.455426158771517,2.8161898696034378,0,0
2016-12-18 16:00:00,0.0,1.7016187,1.6411821,2.7002432,1.2918739828867183,1.2252221563414576,1.5372780712589835,1.4895965785629584,1.656393607341483,2.911636868928693,2,0
2016-12-18 17:00:00,0.0,3.273641,2.784864,3.1909966,1.990473215751003,1.534622445600224,1.730149005487956,2.0764534442402125,2.0318136240777833,3.1762794402331007,5,1
2016-12-18 18:00:00,0.0,2.0930831,1.7108479,4.022781,2.356114406716702,1.6643593718853267,1.5661321249049007,1.6535231581776109,2.088135346562098,2.711935603166454,2,3
2016-12-18 19:00:00,0.0,1.0491316,1.3018773,1.4305991,2.138618736390482,1.7152463596385998,1.4505699478198393,1.4141546250077164,2.0217757447272993,2.483161223911338,1,2
2016-12-18 20:00:00,0.0,2321.1904,2321.2896,2321.884,774.7775753449096,388.3840242803302,194.8193302715235,1340.7660032462343,948.8127864251223,672.1158264659313,3,2
2016-12-18 21:00:00,0.0,1877.0814,3790.968,6111.595,1399.773639910315,701.0648771585161,351.05966817309,2251.4653689357833,1617.7158589725684,1150.9144842434307,19,1
2016-12-18 22:00:00,0.0,3.352321,1875.0428,5259.576,1400.5413697348454,701.3399942356181,351.28260819597983,2251.4752286666944,1617.9888607865591,1151.094241632357,5,4
2016-12-18 23:00:00,0.0,2.7679148,2.526815,1875.4226,627.7338376437295,701.2557064943194,351.3951644699598,1083.1353590009967,1618.090219493663,1151.078861115031,1,9
2016-12-19 00:00:00,0.0,3.3755822,1.2635368,2.857269,3.165272837948613,701.469456374132,351.5669078730086,1.8866977934489082,1618.1945337030513,1151.2664828057648,3,7
2016-12-19 01:00:00,0.0,0.7288609,2.8720613,3.7129982,2.290786103543405,701.4160779191945,351.56566213941653,1.6997765688346762,1618.2325727737589,1151.2640862892924,1,2
2016-12-19 02:00:00,0.0,1.1769183,0.9976431,3.3762376,1.760453875270666,314.74714575950003,351.56558501991515,1.9838915198609537,766.7238449185251,1151.074882381686,2,1
2016-12-19 03:00:00,0.0,2.5366666,2.2093194,2.7497942,1.480815197676402,2.323044017812507,351.6939605881643,1.512782328262672,2.531260575598319,1151.2018486171523,2,1
2016-12-19 04:00:00,0.0,1.9671155,1.9407045,3.3221438,1.8935667067938116,2.092176405168607,351.71608532039335,1.5494317434403992,2.4128378947209974,1151.218418831625,2,0
2016-12-19 05:00:00,0.0,2.9575865,3.769714,5.300485,2.4871228984649596,2.1237883868678136,351.6897474405936,2.3424671032330666,2.7861149063042148,1151.4335250986644,3,0
2016-12-19 06:00:00,0.0,1.0523665,3.0780313,6.6163054,1.9923562417927256,1.736585719734564,351.6030210469333,2.3876581675053545,2.075063179237235,1151.3952678237858,0,0
2016-12-19 07:00:00,0.0,1.8759282,1.7523662,4.3442,1.961960495411615,1.9277636011027133,351.6719207601486,2.2409403577787623,2.2735855600222634,1151.465697424961,1,0
2016-12-19 08:00:00,0.0,2.4416604,2.0126092,2.8213122,1.7899850645018691,2.138553981483415,158.4428498704917,1.506226070124977,2.373227952135582,542.9854127769561,1,0
2016-12-19 09:00:00,0.0,0.68501085,2.0973666,3.8448224,1.6675331145686294,1.8299446781806772,2.0764943479965927,1.4712208819188393,2.251002384165092,2.76497352492676,0,0
2016-12-19 10:00:00,0.0,0.70084614,0.6391049,2.5147507,1.27583911392716,1.6188998046693874,1.8555381049189978,1.320152144907044,1.9356059119996325,2.569095847819012,0,0
2016-12-19 11:00:00,0.0,0.39420798,0.6651791,1.1760879,0.5933549493427664,1.1916700069223176,1.6577291968950654,0.5226076549324523,1.312372161883532,2.4151580982708514,0,0
2016-12-19 12:00:00,0.0,0.50054485,0.4218807,1.019196,0.5318663288071733,1.0996997216879014,1.4181427207112327,0.4503695194794399,1.2664566830342139,1.9462588687911455,0,0
2016-12-19 13:00:00,0.0,0.40641755,0.45763406,0.6130697,0.4337234550553018,0.8547812844912308,1.391272442796972,0.3862254093330311,1.1012971067939434,1.9401627595509197,0,0
2016-12-19 14:00:00,0.0,0.5068233,0.3935306,0.7362553,0.47126190630339343,0.5323084278230799,1.3354312046532468,0.4001323835781629,0.5359075460711429,1.910933681803668,0,0
2016-12-19 15:00:00,0.0,3.0489278,3.0462227,3.2918878,1.3207229604832937,0.9262946446452336,1.3781196614129552,1.8370036139184258,1.4958373212996117,2.245470741588189,5,0
2016-12-19 16:00:00,0.0,1.9059702,4.3644686,7.1829386,1.8205738560204066,1.127148655537854,1.3730242301036208,2.6048073188523873,2.0116782838610026,2.3098872160255395,2,0
2016-12-19 17:00:00,0.0,0.4929352,1.5698487,5.7031393,1.8159444896881924,1.1436031979957932,1.1676366024590557,2.5465157162030625,1.980403632130837,1.9355701077917622,0,0
2016-12-19 18:00:00,0.0,0.5054102,0.28189877,1.60799,0.9681052219568457,1.1444140912200698,1.1220569064539851,0.9664182194221423,1.9500646840282958,1.889983457404274,0,0
2016-12-19 19:00:00,0.0,1.0285715,1.0665401,1.1577178,0.6756389941332063,1.248106425076807,1.0514438547840186,0.6656074484594193,2.1192436479597716,1.8923067595707361,2,0
2016-12-19 20:00:00,0.0,0.4860451,0.86767954,1.8981831,0.673342258527858,1.2446433741080254,0.8884759009655526,0.6591944721571277,2.0802277618326075,1.6185793458181619,0,0
2016-12-19 21:00:00,0.0,0.5805224,0.35260794,1.1279017,0.6983796385843949,0.8332424302706203,0.8797685374579267,0.5648063673021607,1.0432905242150206,1.6036588630031885,0,0
2016-12-19 22:00:00,0.0,1.1519126,1.0492913,1.0910343,0.7394933075896237,0.707566150861415,0.9173574031996344,0.7015967804371877,0.8381429453348462,1.7140586021546438,1,0
2016-12-19 23:00:00,0.0,0.61247706,1.0140942,1.9664073,0.7816373149599791,0.7274897867439186,0.9355464923698557,0.6956224520798127,0.8276258171078321,1.7001380832447315,0,0
2016-12-20 00:00:00,0.0,0.8769791,0.7103899,1.6655176,0.880456238129821,0.7894179383571084,0.9669160147885887,0.8546251767602321,0.9201732141370117,1.7682278701905332,0,0
2016-12-20 01:00:00,0.0,0.47417557,0.67926574,1.2459997,0.6545439151996899,0.6970186113946568,0.9725625182357316,0.4961044629051347,0.7276419681074656,1.7715055655013519,0,0
2016-12-20 02:00:00,0.0,0.2682374,0.31681165,0.6739723,0.5397973744109269,0.6607173446854532,0.9526803593967392,0.4617565050101924,0.724416502469327,1.7542632427564302,0,0
2016-12-20 03:00:00,0.0,0.9979653,0.87263197,1.0900315,0.5801260668768291,0.7302911525033252,0.7817667913869726,0.6103749415549589,0.7627530426506977,1.0778667212810384,0,0
2016-12-20 04:00:00,0.0,0.36699194,1.034763,1.8858718,0.5443981913733769,0.5994710532865335,0.6535186020739742,0.633824931390243,0.7270575600504872,0.8708880345429496,0,0
2016-12-20 05:00:00,0.0,0.7906858,0.6684434,1.5098481,0.7185476515334722,0.6291725129721994,0.6783311498580591,0.8363811687418377,0.8526234796468728,0.9640496427045214,0,0
2016-12-20 06:00:00,0.0,0.7907265,1.2555116,1.8568548,0.6494680835911357,0.6147970752339824,0.7021075067955453,0.7190139078373289,0.9046584931583067,1.0720150255415435,1,0
2016-12-20 07:00:00,0.0,0.8435551,1.3678337,2.5358238,0.8083224845920839,0.6763603379827304,0.6866894746886937,1.0251900213469645,1.0326695127359977,1.0837585331058586,0,0
2016-12-20 08:00:00,0.0,0.87333655,1.0311038,2.2879362,0.835872719343027,0.7772101854382495,0.7189637650618512,0.9704258774957797,1.150868674974412,1.1438543977313718,0,0
2016-12-20 09:00:00,0.0,2.8802881,3.0987184,3.3775687,1.5323932076367612,1.0909306456139485,0.9106108990586368,1.9842539021303385,1.6026470449195322,1.6553205869132517,3,0
2016-12-20 10:00:00,0.0,1.7195783,2.0439832,5.0121646,1.8244009370382661,1.3163617108151748,0.9579163820508542,1.9801285881262556,1.7101076965234379,1.6640011166625337,2,0
2016-12-20 11:00:00,0.0,2.1371963,3.042963,3.7662585,2.2456875943441634,1.540780156843595,1.0849763349078974,2.6387817655669754,2.3737382059852776,1.9648666357507383,3,0
2016-12-20 12:00:00,0.0,0.6855703,1.5472002,4.4257917,1.5141150230721492,1.5232541153544554,1.069025595294219,1.7849852289955137,2.349937551795092,1.9588673844529274,0,1
2016-12-20 13:00:00,0.0,0.23318931,0.66286445,1.4336675,1.0186520155175847,1.4215264762779254,1.048943407130328,1.1371271654634565,2.2346351280462335,1.942559445495206,0,0
2016-12-20 14:00:00,0.0,0.61868995,0.51814413,1.0759681,0.5124831614763454,1.379085377910254,1.0781477816742522,0.48485808670884456,2.1066905550794868,1.9457574654356253,0,0
2016-12-20 15:00:00,0.0,1.8673778,1.5629865,1.7114497,0.9064189671966296,1.2102669951343896,1.1505988203741693,1.0659398116484866,1.8234915443474053,1.9434413878517995,0,0
2016-12-20 16:00:00,0.0,2.11801,2.686736,3.8704457,1.5346925921822205,1.2766723038499026,1.296517007332539,1.6825024255836294,1.7148780711828215,2.2361407999717184,3,0
2016-12-20 17:00:00,0.0,0.7972932,2.0754647,4.529861,1.5942270086384234,1.0533550850573845,1.2970676209504894,1.7362517787943652,1.4267918789963503,2.2354020151428786,0,0
2016-12-20 18:00:00,0.0,0.6268733,1.0489392,2.9718866,1.1807255430705217,1.0435722551335755,1.2834131852440154,1.496403049820477,1.4906028688471993,2.233387272092753,0,0
2016-12-20 19:00:00,0.0,0.46678182,0.5514865,1.5438904,0.6303161047267625,1.082504348454492,1.2520154123662086,0.6325046868774251,1.4658221220993524,2.180566724607704,0,0
2016-12-20 20:00:00,0.0,0.41809797,0.34247822,0.6024767,0.5039177171269711,1.049072362882697,1.214078870396476,0.4231123147553027,1.4549798240716212,2.1131985717253006,0,0
2016-12-20 21:00:00,0.0,0.3097943,0.37648657,0.5514141,0.3982247340878361,0.7894751385791786,0.9998710668567842,0.31620420501628865,1.1179087344964236,1.7126552733566658,0,0
2016-12-20 22:00:00,0.0,0.6801053,0.5764011,0.89480305,0.46933254801662355,0.5498243263716933,0.9132483151107983,0.4229849263129398,0.6706271006898512,1.4190443601894764,0,0
2016-12-20 23:00:00,0.0,0.20730036,0.63439,1.0870622,0.39906666378481387,0.45149219045589245,0.7524236377566385,0.4207929323354965,0.5377307778352591,1.1744684109336667,0,0
2016-12-21 00:00:00,0.0,1.9386038,1.9105598,2.4858608,0.9420030357531819,0.670113884920509,0.8568430700270424,1.2851422285742435,1.0099441441857913,1.5503109776844468,0,0
2016-12-21 01:00:00,0.0,1.7562019,2.720127,4.143851,1.3007018437731808,0.885017195894902,0.9837607721746973,1.728400985707633,1.419816807430013,1.7660325467173243,4,0
2016-12-21 02:00:00,0.0,0.41136166,1.536486,4.2177873,1.368722282084068,0.883894472934441,0.9664834179085691,1.6590304275512078,1.4200039238331876,1.769749772805142,0,1
2016-12-21 03:00:00,0.0,1.3335944,1.305187,2.563986,1.1670526224501543,1.054527829101668,0.922001483840423,1.523774572490811,1.703236919119466,1.5839906889809272,0,0
2016-12-21 04:00:00,0.0,0.21127772,1.2352796,2.4546773,0.6520779553696251,0.9763898995714029,0.763107112971548,0.8029344450743234,1.6904498883173316,1.3817554871719853,0,0
2016-12-21 05:00:00,0.0,0.46184805,0.44111508,1.5420412,0.6689067721149619,1.0188145270995146,0.7351533587777035,0.7948550766358222,1.7207679300800056,1.353275309306276,0,0
2016-12-21 06:00:00,0.0,0.4838473,0.5919227,0.9357315,0.3856577102347348,0.7763551663424445,0.7232345256314766,0.3822142574531969,1.1942131276961936,1.310028715575244,0,0
2016-12-21 07:00:00,0.0,2.121916,1.7621939,2.1414776,1.0225371327476804,0.8373075440586528,0.8611623699767772,1.2752172349730957,1.3533327506248836,1.6863831226476689,3,0
2016-12-21 08:00:00,0.0,0.63450617,1.7430067,3.3891397,1.080089829224315,0.8744983006696385,0.8791963868020395,1.0796239243174741,1.3347810270824725,1.6844501336808506,0,0
2016-12-21 09:00:00,0.0,0.40120178,0.47823516,1.9732767,1.0525413265537744,0.7190995183942549,0.8868136737479613,1.2115501091981125,1.0373261471976525,1.7004606085159881,0,0
2016-12-21 10:00:00,0.0,0.52076036,0.24889705,0.64593244,0.5188227824276743,0.7706799575876774,0.8735349285795403,0.35483411001788256,1.0640689651304795,1.6895442975622827,0,0
2016-12-21 11:00:00,0.0,1.6952717,1.3266693,1.2237458,0.8724112829945273,0.9762505561094212,0.9975325416044684,0.8322163593243197,1.3865693900641751,1.827439474828783,0,1
2016-12-21 12:00:00,0.0,1.8320546,1.5804403,2.170556,1.3493622657323485,1.2009517961430618,0.9886534812427533,1.173126908159432,1.5418444663809645,1.5814811392574202,0,0
2016-12-21 13:00:00,0.0,4.45451,5.181626,5.5785904,2.6606120571088643,1.589717419768269,1.2135124819134613,3.261487739326364,2.4638667165520625,2.317651562424383,7,0
2016-12-21 14:00:00,0.0,1.1330165,3.6420515,8.783653,2.473193656353538,1.6728024696740331,1.2736503851718355,2.9628052843300967,2.466680468451666,2.3072774394641558,0,0
2016-12-21 15:00:00,0.0,1.1540738,0.73134756,3.7601063,2.247200038362915,1.7982811520476318,1.2586903352209426,2.3225241946719053,2.459864775263205,2.240694501035951,0,3
2016-12-21 16:00:00,0.0,0.8458973,0.94198936,1.400039,1.0443292365731156,1.8524706468409902,1.3115753022143337,0.6914298339407187,2.4526036321034534,2.2335605810299586,0,0
2016-12-21 17:00:00,0.0,1.2087349,1.1103127,1.5605487,1.0695687339963862,1.771381195174962,1.3738158756421923,1.0165942946356803,2.3483246665362008,2.279985334578992,0,0
2016-12-21 18:00:00,0.0,0.9742304,1.3532501,2.29811,1.009620864802615,1.6284104515827649,1.414681123862913,0.9437277875367838,2.291287026074562,2.3776127148122783,1,0
2016-12-21 19:00:00,0.0,1.2385424,1.3400517,2.3924499,1.1405025646786375,1.092415900625877,1.3410666601970727,1.1441379285777586,1.175875059630252,2.0839726477020686,0,0
2016-12-21 20:00:00,0.0,1.8722831,1.1929756,1.4827979,1.3616852239468493,1.215626978971618,1.444214724322825,1.2461267416610662,1.4317206081528078,2.1574822410234265,1,0
2016-12-21 21:00:00,0.0,0.86880004,1.8819652,2.8306413,1.3265418136081524,1.168081339205384,1.4831812456265077,1.1392776364971289,1.4085282773284307,2.1513386953611904,0,0
2016-12-21 22:00:00,0.0,0.69044423,0.84940934,2.2206197,1.1438424290981632,1.1421724968884006,1.4973215718646953,1.3231555803591608,1.4929601214850292,2.159901438087296,0,0
2016-12-21 23:00:00,0.0,1.5322624,1.1581188,1.9099691,1.0305023325657567,1.1960937782563035,1.4837374867156325,1.0510021206318798,1.5909867059334528,2.191644208203137,0,0
2016-12-22 00:00:00,0.0,0.44325417,1.4472754,2.5423834,0.8886537017925688,1.1075977577003604,1.3680041046415625,0.8631676655061974,1.4219380027698407,2.057667805301113,0,0
2016-12-22 01:00:00,0.0,0.32241714,0.23045889,1.5934138,0.7659779865685846,0.9549102078333738,1.0236630542296254,0.842943665408473,1.3615171582609058,1.4181453744245154,0,0
2016-12-22 02:00:00,0.0,0.7462509,0.69164544,0.76649016,0.5039740749731532,0.7672382037694552,0.9914325913705367,0.47516942728361394,0.9736657076112637,1.4792174013260657,0,0
2016-12-22 03:00:00,0.0,1.2254666,1.6090935,2.2194874,0.7647115907276564,0.8266826462601126,0.997381992732748,0.9971414565389195,1.0263439313180998,1.4976254072880029,0,0
2016-12-22 04:00:00,0.0,0.4480221,0.9401773,2.4939556,0.8065799037076783,0.7862789451381316,0.9642257210132658,0.8999742665583719,1.0047721460204981,1.5102873188641723,0,0
2016-12-22 05:00:00,0.0,0.45713654,0.5123516,1.2720737,0.710208448339428,0.6070912616562906,0.9015925199562969,0.678836147918639,0.809866743811594,1.4019433109865553,0,0
2016-12-22 06:00:00,0.0,0.75918084,0.45728412,0.75593454,0.5547798597237061,0.659745725225681,0.8836717414630206,0.45621888561356794,0.8338272483603429,1.335361561207157,0,0
2016-12-22 07:00:00,0.0,0.67058814,0.798855,1.2149835,0.6289685359838182,0.7177742198457481,0.8363422138395609,0.5182877025834528,0.8439514896171173,1.3154373187013908,0,0
2016-12-22 08:00:00,0.0,1.8458056,1.7223855,2.204239,1.0918582902957905,0.9010333693176094,0.834135786543532,1.2536472684645392,1.16611408226192,1.2662054825089037,0,0
2016-12-22 09:00:00,0.0,0.6936791,1.6071548,3.078823,1.0700243401170295,0.8124020999203677,0.81954237309024,1.152831643087129,1.039567120362558,1.2144163502718899,0,0
2016-12-22 10:00:00,0.0,3.8956301,3.8193374,4.659767,2.145038323572345,1.3870034297780813,1.0866411874581063,2.8499893306832003,2.2132784548663516,1.9162128966793985,2,0
2016-12-22 11:00:00,0.0,1.4285908,3.8404193,7.3387165,2.00596667142732,1.5489124808615553,1.078001871258923,2.4173492871699986,2.334829421467627,1.886186028532684,0,0
2016-12-22 12:00:00,0.0,0.45870343,1.2476922,4.4130282,1.9276414414895973,1.4988328908033133,1.0792893080144972,2.4340851628920523,2.316992119234722,1.8862741363802715,0,0
2016-12-22 13:00:00,0.0,0.27585223,0.3967475,1.3897645,0.7210488456035407,1.4330435845879423,1.0754089022168452,0.8065947989023927,2.2578674741323197,1.8830943119989465,0,0
2016-12-22 14:00:00,0.0,0.872727,0.6868843,0.85873854,0.5357609077578543,1.2708637895925874,1.0859485794550983,0.5096541380055589,1.9722973424604824,1.8845036398715054,0,0
2016-12-22 15:00:00,0.0,0.47695297,0.80579334,1.4026339,0.5418440984890753,1.234742769989337,1.023572434954852,0.5041245060911843,1.9557277870364786,1.805613930166757,0,0
2016-12-22 16:00:00,0.0,1.6501241,1.6560149,2.1783805,0.9999347280851604,0.8604917868443505,1.1237476083112157,1.2938266542925234,1.2578903575747866,2.045650137860541,2,0
2016-12-22 17:00:00,0.0,0.4256827,1.7592163,3.299788,0.8509199438221701,0.6933404257900123,1.1211264533257839,1.1367680888413771,1.0744074418558445,2.08914062324149,0,0
2016-12-22 18:00:00,0.0,0.70194876,0.3959752,1.6203051,0.9259185418582481,0.7338813201736616,1.1163571054884878,1.168045779509712,1.1350964286623837,2.131257924209771,0,0
2016-12-22 19:00:00,0.0,0.6222757,0.58505154,0.9094505,0.5833023940064685,0.7916185610458144,1.1123310728168783,0.3621421131892158,1.1810778536029631,2.1087478593721842,0,0
2016-12-22 20:00:00,0.0,1.1556537,1.12708,0.9728484,0.8266260442432838,0.838772994032727,1.0548183918126572,0.8609621097632252,1.1401660131355622,1.869605557077809,0,0
2016-12-22 21:00:00,0.0,0.75965774,1.1676146,2.0003574,0.8458623612987566,0.8858904515785022,1.0603166107839193,0.8780626312152098,1.2348478481086447,1.872635894991872,0,0
2016-12-22 22:00:00,0.0,0.54551697,0.6860056,1.7219208,0.820276092107048,0.7017892430567584,0.7811405149505545,0.8444743432336055,0.8790681805822939,1.2087444037214874,0,0
2016-12-22 23:00:00,0.0,3.341567,3.4849718,3.9988985,1.5489138906810525,1.1877699674621682,0.9405551966260906,2.234301250438067,2.109218652953921,1.9585315235459935,5,0
2016-12-23 00:00:00,0.0,0.47813952,3.4180627,6.834856,1.4550744926646149,1.1504684269816854,0.9421748735776736,2.150087670536553,2.027349055653605,1.9700172434421073,0,0
2016-12-23 01:00:00,0.0,0.48274323,0.3017439,3.63215,1.434149919158186,1.1272130056326168,0.9594157833392161,2.032660913971849,1.968827802322677,1.9775249899366825,0,0
2016-12-23 02:00:00,0.0,0.537408,0.29375553,0.33925915,0.4994302242774494,1.0241720574792512,0.9314725257559888,0.2957485778653032,1.7405116220149726,1.8957236375935886,0,0
2016-12-23 03:00:00,0.0,0.4210964,0.4084776,0.5328334,0.4804158562751844,0.9677451744698997,0.9268178130242007,0.30633138365040247,1.6547121373192435,1.887419541562408,0,0
2016-12-23 04:00:00,0.0,0.90111,0.6601926,0.8354011,0.6198714812475259,1.027010700202856,0.8643999716298072,0.5179587727456406,1.7347069427150055,1.686709039586546,2,0
2016-12-23 05:00:00,0.0,0.5056891,0.7953982,1.382573,0.6092985230947546,0.554364373686102,0.8710671705741351,0.5254604810769021,0.528932885174586,1.6814483489977017,0,0
2016-12-23 06:00:00,0.0,0.556821,0.5201837,1.0256981,0.6545400470468716,0.5674779516610279,0.8589731893213567,0.55081978621234,0.5288640893630976,1.6054929633362969,0,0
2016-12-23 07:00:00,0.0,1.020012,0.8450317,1.1506783,0.6941740336781572,0.6570227574628417,0.8921178815477296,0.6128141487562513,0.7103682819138064,1.704524683027901,0,0
2016-12-23 08:00:00,0.0,0.46737564,0.9202205,1.5618838,0.6814028896248582,0.6453507063598063,0.8347613819195285,0.6485232553332643,0.705822768436066,1.5853670529801611,0,0
2016-12-23 09:00:00,0.0,0.5928746,0.39963016,1.1625177,0.6934207604592033,0.6739804037530376,0.8208627891114684,0.5777291693058481,0.7290701371689218,1.5440655476614682,0,0
2016-12-23 10:00:00,0.0,0.6360922,0.24550028,0.4797961,0.565447477897402,0.6298107557877795,0.828410727995318,0.28267825835204174,0.6023526176425207,1.5207587277367658,0,0
2016-12-23 11:00:00,0.0,4.228849,3.8316412,3.8620358,1.8192717265193594,1.250337308072109,0.9023508408791058,2.290331831648412,1.9281947777760733,1.6204542879603137,6,0
2016-12-23 12:00:00,0.0,1.7417157,2.5459952,6.2593694,2.202218704119889,1.4478197322895463,1.0076488419752867,2.060252442820367,1.8856057028585784,1.6438727477260278,0,0
2016-12-23 13:00:00,0.0,1.022921,1.0601475,1.8106737,2.3311616050199264,1.4483045414586642,1.0526636494607529,1.856173111234473,1.7313833963883154,1.6220249552724229,0,2
2016-12-23 14:00:00,0.0,1.690075,2.3601515,2.3665864,1.484903807180023,1.652087766849691,1.1487192366047487,1.7339206742832871,2.277206586954642,1.9723200245461825,3,0
2016-12-23 15:00:00,0.0,0.67163444,1.8874091,4.118759,1.1282101005736322,1.6652144023467605,1.1695974030498988,1.386032865759659,2.2377091062476313,1.9666228217176185,0,0
2016-12-23 16:00:00,0.0,3.3259192,2.9137154,3.926704,1.8958761866424187,2.1135188958311724,1.371664825809476,2.5393253047010136,2.4735949738655334,2.1440424707420864,4,0
2016-12-23 17:00:00,0.0,0.78767663,3.0656548,5.8907647,1.5950767328723992,1.539990270026211,1.3951637890491597,1.8256688150132008,1.9820895109294108,2.140066173671631,0,0
2016-12-23 18:00:00,0.0,0.70839185,0.84756875,3.156511,1.6073292059015731,1.3677696532376027,1.4077946927635743,2.069699319328249,1.9780522187622693,2.1447806137046017,0,0
2016-12-23 19:00:00,0.0,0.33661294,0.50340676,1.2160697,0.6108938160642544,1.2533850013533365,1.3508447714059997,0.5340829126614065,1.9874544257834557,2.0463196765752394,0,0
2016-12-23 20:00:00,0.0,0.2231957,0.24086952,0.52885014,0.4227334922749636,1.0089051125736817,1.3304964397116865,0.3745087542754073,1.543486052296941,2.0430480632385404,0,0
2016-12-23 21:00:00,0.0,0.36144903,0.21580164,0.42248583,0.30708588171104867,0.957207543806311,1.3112109730765356,0.19842806341108313,1.5724135451371972,2.0410537071020545,0,0
2016-12-23 22:00:00,0.0,0.913162,0.64526594,0.6515649,0.49926888374915673,0.5550813499067054,1.3343001228689388,0.4376556492228069,0.6553954624416319,2.0849188424259517,0,0
2016-12-23 23:00:00,0.0,0.30522758,0.7496585,1.3384967,0.5266128377413626,0.47467316500816314,1.007331717517187,0.45192420465079897,0.5294520887687107,1.6605628055965402,0,0
2016-12-24 00:00:00,0.0,0.23933668,0.16544886,0.83147454,0.48590874054506167,0.3964973111280553,0.882133482182829,0.4657918688618461,0.3855891438462777,1.5794898533655435,0,0
2016-12-24 01:00:00,0.0,0.9985544,0.83342654,0.9499486,0.5143728668148568,0.5068208752820068,0.8801029383176718,0.5286911348123846,0.6474713577166802,1.6017272583973166,0,0
2016-12-24 02:00:00,0.0,1.7743161,2.1660335,2.8883383,1.0040691073777699,0.7653409725595663,0.8871230425666237,1.3194416045473796,1.2171244959426173,1.6840942969643362,3,0
2016-12-24 03:00:00,0.0,1.3179595,2.541256,4.4570417,1.3636100809964011,0.9247594107707314,0.9409834772885212,1.8504362763050948,1.4963648815072614,1.8220943865969805,0,0
2016-12-24 04:00:00,0.0,0.37662297,1.1947255,3.5226586,1.1562996073960943,0.8353362371054757,0.6952087935060905,1.5325775271477469,1.3593480189165086,1.1886345090359347,0,0
2016-12-24 05:00:00,0.0,1.4510268,1.2353843,2.2892945,1.0485364308046214,1.0263027690911957,0.7504879670496791,0.9614126160449948,1.5555855630361037,1.3007950520841822,2,0
2016-12-24 06:00:00,0.0,0.8230765,1.6569984,2.7984855,0.8835753764297951,1.1235927287130982,0.7600450199205767,0.9680859128515192,1.605357952003268,1.3031692208683503,0,0
2016-12-24 07:00:00,0.0,1.3421462,1.2854553,2.7413862,1.2054164519449138,1.180858029670504,0.8438394524762556,1.4615051442854614,1.7675156556046179,1.521382342636313,0,0
2016-12-24 08:00:00,0.0,0.38826773,1.1011109,2.0504105,0.8511634494208793,0.9498499401127503,0.8575954563361583,0.8162175881922482,1.2842880228995444,1.5248798212515864,0,0
2016-12-24 09:00:00,0.0,0.49742752,0.43048933,1.3612578,0.742613816829369,0.8130945966295822,0.8689270037001566,0.7618957141205289,1.1285341329000138,1.5275540004070547,0,0
2016-12-24 10:00:00,0.0,0.7091128,0.4278112,0.64498115,0.5316027121082225,0.8685095820265682,0.8519229095660219,0.4068294900518973,1.1960565571729174,1.4602673879492882,0,0
2016-12-24 11:00:00,0.0,2.7486553,2.4763625,2.4873388,1.318398566540153,1.0847810079805158,1.055541888535856,1.5014493174263155,1.4582405701862056,1.8646634902037587,0,0
2016-12-24 12:00:00,0.0,1.5834491,1.5199164,3.7267625,1.6804057615108623,1.2115097891701154,1.167551258941607,1.5112910550365688,1.5776727764636054,1.9619666028485008,0,0
2016-12-24 13:00:00,0.0,0.83452266,1.2181562,2.230395,1.7222090243237127,1.1269058682159676,1.153881948943236,1.3829059095603604,1.3348431572923352,1.9184356954152961,0,0
2016-12-24 14:00:00,0.0,0.5027029,0.9001786,1.5014387,0.9735582185424781,1.1459783925413154,1.0479141663270328,1.0301538245231612,1.3351805018634053,1.6056576110023781,0,0
2016-12-24 15:00:00,0.0,0.57840323,0.6702004,1.2489629,0.6385429069086699,1.1594743342097655,0.9862844654196739,0.7436746430732615,1.4050605294725067,1.5429595946652626,0,0
2016-12-24 16:00:00,0.0,1.0192657,0.90359515,1.3455021,0.7001239309433044,1.2111664776335085,1.0398380298300385,0.7055282860853914,1.5774141462426916,1.6633777774903242,0,0
2016-12-24 17:00:00,0.0,0.33959398,0.939546,1.7942135,0.6457542926585212,0.8096562556004994,0.9472186317905077,0.6558347903257054,1.12838697031895,1.4410315893497965,0,0
2016-12-24 18:00:00,0.0,0.88652605,0.5969651,1.2988341,0.7484619039220937,0.6935024054153818,0.9525060972927488,0.7629438510053828,0.9030208306194373,1.488025950099568,0,0
2016-12-24 19:00:00,0.0,1.3493167,0.8595393,1.201345,0.8584788725672292,0.7793014017552669,0.953103634985617,0.6949022159441998,0.9668570071974792,1.4361542180626339,0,0
2016-12-24 20:00:00,0.0,0.913505,1.5991199,2.0391018,1.0497825504151694,0.8477684215368451,0.9968734070390802,1.0470343144415282,1.1510801309583767,1.540021884234753,1,0
2016-12-24 21:00:00,0.0,0.68931705,0.65067923,1.9273158,0.9840462294988871,0.8662540667104903,1.012864200460128,1.00357165577833,1.1461534726942268,1.5575401514900138,0,0
2016-12-24 22:00:00,0.0,0.93911576,1.0171515,1.3222501,0.847312627365992,0.8528957499666104,1.0320311138000597,0.8118514915995656,1.1146303397968529,1.5925324730052408,0,0
2016-12-24 23:00:00,0.0,74.85112,75.01436,75.88394,25.49318189094775,13.27148222068146,7.040569238140983,43.32898558999599,31.152845189142223,22.608328362737605,5,0
2016-12-25 00:00:00,0.0,23.688034,66.55965,141.4496,33.159420173515564,17.07173320150722,8.882617803461303,43.697521614098726,33.30771041011749,24.392560799564425,8,0
