DATETIME,ATT_FLAG,Global_Score,Region_1_DMA_1,Region_2_DMA_2,Region_3_DMA_3,Region_4_DMA_4,Region_5_DMA_5
2016-04-07 12:00:00,0.0,1.9788272,1.860535979270935,0.6108539700508118,0.9249566197395325,3.465381145477295,2.2733707427978516
2016-04-07 13:00:00,0.0,0.77905506,0.7063294053077698,1.4847190380096436,0.4248846471309662,1.1599537134170532,0.992218017578125
2016-04-07 14:00:00,0.0,1.0784367,0.8749337196350098,0.24609535932540894,0.6112569570541382,1.308309555053711,2.9228250980377197
2016-04-07 15:00:00,0.0,0.581123,0.648208498954773,0.07321654260158539,0.12619391083717346,0.6236730217933655,1.0272507667541504
2016-04-07 16:00:00,0.0,0.2806843,0.19751982390880585,1.6778159141540527,0.5214031934738159,0.15987353026866913,0.22054891288280487
2016-04-07 17:00:00,0.0,0.50627476,0.5030750632286072,0.4047125279903412,0.6164079308509827,0.503363311290741,0.3632259964942932
2016-04-07 18:00:00,0.0,1.5221925,1.4017900228500366,0.017431030049920082,0.42212751507759094,3.6287715435028076,0.8593970537185669
2016-04-07 19:00:00,0.0,1.8511134,2.487854242324829,0.3660057485103607,0.6005285382270813,0.8012222051620483,2.427779197692871
2016-04-07 20:00:00,0.0,5.0257936,7.219454288482666,2.472567319869995,0.5511125922203064,4.523131370544434,1.2124868631362915
2016-04-07 21:00:00,0.0,2.677126,3.2913482189178467,3.8653907775878906,1.7153069972991943,1.9869884252548218,1.5856493711471558
2016-04-07 22:00:00,0.0,1.2636875,1.0417298078536987,0.007006784435361624,0.9343296885490417,2.8887317180633545,0.6421520113945007
2016-04-07 23:00:00,0.0,1.3633491,0.593977153301239,0.13776631653308868,0.26990705728530884,5.420340061187744,1.099766492843628
2016-05-07 00:00:00,0.0,3.9807827,0.9437792897224426,0.0699707567691803,2.030150890350342,16.472822189331055,4.733044147491455
2016-05-07 01:00:00,0.0,3.848892,0.9064961075782776,0.3187375068664551,2.071566104888916,16.399011611938477,3.5334112644195557
2016-05-07 02:00:00,0.0,3.2150733,4.25037145614624,0.729015052318573,3.5872421264648438,0.4494636654853821,1.8133231401443481
2016-05-07 03:00:00,0.0,1.6410865,1.3916500806808472,0.21800801157951355,3.156750440597534,1.0797430276870728,1.8234150409698486
2016-05-07 04:00:00,0.0,0.8464688,0.92568439245224,1.1055781841278076,0.7961985468864441,0.9091847538948059,0.28461751341819763
2016-05-07 05:00:00,0.0,0.7216812,0.38406574726104736,2.8576393127441406,0.517656147480011,1.964430570602417,0.3956158757209778
2016-05-07 06:00:00,0.0,1.7589638,2.2777392864227295,1.3188883066177368,1.1890733242034912,0.6162249445915222,1.7534328699111938
2016-05-07 07:00:00,0.0,2.4156358,2.9448845386505127,0.4092230796813965,1.7797459363937378,1.8992398977279663,1.7582470178604126
2016-05-07 08:00:00,0.0,0.3010623,0.36279889941215515,0.19316788017749786,0.18295548856258392,0.2867560386657715,0.18933960795402527
2016-05-07 09:00:00,0.0,0.59139246,0.5665256381034851,0.32408595085144043,0.8625664114952087,0.6176366209983826,0.2869381904602051
2016-05-07 10:00:00,0.0,0.6284803,0.5291256308555603,1.4889390468597412,1.5368578433990479,0.060906119644641876,0.41308721899986267
2016-05-07 11:00:00,0.0,0.9328515,0.4556960165500641,0.02362632006406784,3.756939172744751,0.1319526731967926,0.4825097620487213
2016-05-07 12:00:00,0.0,0.57803124,0.4886377155780792,4.4651570320129395,0.8685963749885559,0.2815137505531311,0.15302708745002747
2016-05-07 13:00:00,0.0,0.675983,0.7577245235443115,0.27098482847213745,0.6924005746841431,0.1528838872909546,1.1734756231307983
2016-05-07 14:00:00,0.0,0.51060385,0.4018896818161011,0.01974649354815483,0.6873763799667358,0.4065242409706116,1.1583902835845947
2016-05-07 15:00:00,0.0,0.9319661,0.33114293217658997,0.24233990907669067,2.5507941246032715,1.7925995588302612,0.37025314569473267
2016-05-07 16:00:00,0.0,0.76946497,0.46555188298225403,0.10678857564926147,0.9967880845069885,1.707838773727417,0.7186426520347595
2016-05-07 17:00:00,0.0,0.6106074,0.6932126879692078,0.2839549481868744,0.8487837910652161,0.08415192365646362,0.701125979423523
2016-05-07 18:00:00,0.0,0.7604643,0.9411895871162415,1.1680691242218018,0.5206186771392822,0.23480631411075592,0.9138424396514893
2016-05-07 19:00:00,0.0,1.583415,2.265998601913452,0.062111642211675644,1.0886718034744263,0.42963409423828125,0.7531550526618958
2016-05-07 20:00:00,0.0,0.3799116,0.4773600399494171,0.03815622255206108,0.14937011897563934,0.49323803186416626,0.08578647673130035
2016-05-07 21:00:00,0.0,0.2537074,0.30347082018852234,5.089455225970596e-05,0.35674339532852173,0.07322769612073898,0.15406733751296997
2016-05-07 22:00:00,0.0,0.57390517,0.4799693524837494,0.3858071565628052,1.4039987325668335,0.3154004216194153,0.18426395952701569
2016-05-07 23:00:00,0.0,0.44382012,0.359540730714798,1.1751172542572021,0.6561204791069031,0.15959782898426056,0.892535388469696
2016-06-07 00:00:00,0.0,0.3646857,0.32063865661621094,0.3801317811012268,0.6044078469276428,0.09020910412073135,0.6859267354011536
2016-06-07 01:00:00,0.0,0.5653088,0.7509956955909729,0.08696389198303223,0.41940394043922424,0.04058321937918663,0.7443771362304688
2016-06-07 02:00:00,0.0,1.8453742,2.762122392654419,0.593217670917511,1.3899627923965454,0.186209574341774,0.3584326505661011
2016-06-07 03:00:00,0.0,0.794013,0.36805224418640137,0.08953263610601425,0.9348165392875671,2.188688278198242,0.8388110995292664
2016-06-07 04:00:00,0.0,0.5238714,0.532224714756012,0.29637420177459717,0.16871623694896698,0.9986521005630493,0.3212811350822449
2016-06-07 05:00:00,0.0,0.943474,0.7272823452949524,0.031531184911727905,0.5076990127563477,2.67690110206604,0.19771842658519745
2016-06-07 06:00:00,0.0,1.2543086,1.6435242891311646,0.7140796780586243,1.338866949081421,0.22830472886562347,0.7016026377677917
2016-06-07 07:00:00,0.0,0.3005844,0.27291086316108704,0.1415373831987381,0.6366831660270691,0.19883237779140472,0.09628093242645264
2016-06-07 08:00:00,0.0,0.36443305,0.2967509925365448,1.1220539808273315,0.46713942289352417,0.4143262207508087,0.3140706717967987
2016-06-07 09:00:00,0.0,2.369947,3.5433855056762695,2.043674945831299,1.636159062385559,0.3743586838245392,0.18728706240653992
2016-06-07 10:00:00,0.0,0.4799466,0.3538292348384857,1.7144347429275513,0.9725965857505798,0.11865230649709702,0.6981569528579712
2016-06-07 11:00:00,0.0,4.034751,1.8513565063476562,0.00043567002285271883,13.672882080078125,2.1674110889434814,4.544814586639404
2016-06-07 12:00:00,0.0,2.4984114,2.4562008380889893,0.10148581862449646,2.523780107498169,1.48970627784729,5.071743011474609
2016-06-07 13:00:00,0.0,1.1980366,0.5940017104148865,0.0776025652885437,0.6875290870666504,4.23131799697876,0.6874982118606567
2016-06-07 14:00:00,0.0,0.5274229,0.6017562747001648,0.1840163618326187,0.05898653715848923,0.3555760979652405,1.2877695560455322
2016-06-07 15:00:00,0.0,0.70091105,0.5994672179222107,0.3766116797924042,0.13864192366600037,0.25051671266555786,3.1628105640411377
2016-06-07 16:00:00,0.0,1.4413613,0.8798925280570984,0.4415102005004883,3.992999792098999,0.44080424308776855,2.3457448482513428
2016-06-07 17:00:00,0.0,0.5733577,0.6193439364433289,1.022472620010376,0.6237421631813049,0.044344715774059296,1.022761344909668
2016-06-07 18:00:00,0.0,2.0512693,2.921812057495117,3.323683023452759,1.4075993299484253,0.5058587789535522,0.3408006429672241
2016-06-07 19:00:00,0.0,1.0601865,0.5947909951210022,7.210514545440674,0.5960671305656433,2.378068685531616,0.820892333984375
2016-06-07 20:00:00,0.0,0.5616417,0.43951383233070374,0.41291487216949463,0.2979116141796112,1.3971368074417114,0.3310020864009857
2016-06-07 21:00:00,0.0,0.42535943,0.40569350123405457,0.7941641807556152,0.14665916562080383,0.39406856894493103,0.9936380982398987
2016-06-07 22:00:00,0.0,1.8065194,1.6468414068222046,0.48242419958114624,4.098013401031494,0.4275720715522766,1.498657464981079
2016-06-07 23:00:00,0.0,0.90199393,1.165761113166809,5.5692925453186035,0.05433144420385361,0.5052129626274109,0.33034372329711914
2016-07-07 00:00:00,0.0,67.54509,119.27623748779297,0.15161873400211334,1.2695939540863037,2.918160915374756,3.085880756378174
2016-07-07 01:00:00,0.0,31.666504,50.93959045410156,0.30901962518692017,10.821510314941406,6.326927185058594,4.690336227416992
2016-07-07 02:00:00,0.0,4.056282,6.037522792816162,1.1563360691070557,0.7064948081970215,2.204555034637451,1.9964821338653564
2016-07-07 03:00:00,0.0,4.7356286,6.547316074371338,6.844785690307617,3.8063971996307373,0.9880447387695312,1.5226366519927979
2016-07-07 04:00:00,0.0,4.072856,5.994774341583252,0.0031534337904304266,1.2446823120117188,2.0874180793762207,1.9825935363769531
2016-07-07 05:00:00,0.0,2.7632887,3.8294248580932617,1.2000179290771484,0.19694052636623383,0.3503115773200989,5.4711103439331055
2016-07-07 06:00:00,0.0,2.5042279,3.594090223312378,0.49946075677871704,0.4325905442237854,1.3882941007614136,2.044498920440674
2016-07-07 07:00:00,0.0,2.4726746,3.7665865421295166,9.496128768660128e-05,0.6272539496421814,0.8316946029663086,1.4285475015640259
2016-07-07 08:00:00,0.0,0.83486664,0.4018831253051758,5.274016380310059,1.466323971748352,1.137127161026001,0.6889722943305969
2016-07-07 09:00:00,0.0,0.6704737,0.3993288576602936,0.060085494071245193,1.2023954391479492,0.879141628742218,1.153908133506775
2016-07-07 10:00:00,0.0,2.0541763,3.087651491165161,0.04076973348855972,1.5539569854736328,0.30951887369155884,0.28521332144737244
2016-07-07 11:00:00,0.0,1.1995533,1.3028799295425415,0.1047542616724968,2.378521680831909,0.46872466802597046,0.06904736906290054
2016-07-07 12:00:00,0.0,1.3045362,2.0933570861816406,0.20943142473697662,0.30138158798217773,0.4378083050251007,0.11768095195293427
2016-07-07 13:00:00,0.0,3.2567496,5.5313262939453125,0.055281735956668854,0.35522985458374023,0.5728612542152405,0.18412108719348907
2016-07-07 14:00:00,0.0,1.8531446,2.2038886547088623,0.031048232689499855,0.15319766104221344,3.192897319793701,0.8345460891723633
2016-07-07 15:00:00,0.0,1.1573814,0.9883666038513184,0.5386672019958496,1.851000189781189,0.7305853962898254,1.859209656715393
2016-07-07 16:00:00,0.0,0.70714813,0.6692935824394226,0.05920741707086563,0.8519130945205688,0.3294694721698761,1.503859519958496
2016-07-07 17:00:00,0.0,0.8179795,0.8397290110588074,0.13203339278697968,0.6776270270347595,0.5522478818893433,1.5696158409118652
2016-07-07 18:00:00,0.0,0.66684914,0.7886926531791687,2.615177869796753,0.3762173056602478,0.2718915045261383,0.6484881639480591
2016-07-07 19:00:00,0.0,0.7107964,0.9386739134788513,0.35710710287094116,0.3704740107059479,0.22623726725578308,0.8754962086677551
2016-07-07 20:00:00,0.0,0.4298698,0.48756423592567444,0.0749937891960144,0.1124417632818222,0.7477474212646484,0.17163553833961487
2016-07-07 21:00:00,0.0,0.906713,0.8268929123878479,1.952483057975769,1.8537226915359497,0.5053309798240662,0.16934242844581604
2016-07-07 22:00:00,0.0,0.54630005,0.6766953468322754,2.2073171138763428,0.3298608362674713,0.26836979389190674,0.21382033824920654
2016-07-07 23:00:00,0.0,0.5850168,0.7063422799110413,2.185309648513794,0.4074108302593231,0.30655717849731445,0.2551048994064331
2016-08-07 00:00:00,0.0,0.68886524,0.7653878331184387,1.3839908838272095,0.5112909078598022,0.4864595830440521,0.7209125757217407
2016-08-07 01:00:00,0.0,0.9034052,0.8713321685791016,3.566622734069824,0.7517021894454956,0.5157480835914612,1.373918890953064
2016-08-07 02:00:00,0.0,2.19717,2.341576099395752,1.6919338703155518,1.128900408744812,2.647819757461548,2.5378775596618652
2016-08-07 03:00:00,0.0,0.23654367,0.34105154871940613,0.1438262164592743,0.060986876487731934,0.048716288059949875,0.2685982584953308
2016-08-07 04:00:00,0.0,0.49761412,0.4522416293621063,2.6531460285186768,0.40654096007347107,0.1886652410030365,0.9310058951377869
2016-08-07 05:00:00,0.0,0.61089957,0.6700215935707092,6.818961264798418e-05,0.5826707482337952,0.4141314625740051,0.8026196360588074
2016-08-07 06:00:00,0.0,1.8292748,3.0912415981292725,0.3393153250217438,0.31173545122146606,0.07861585170030594,0.34930914640426636
2016-08-07 07:00:00,0.0,0.47985765,0.36696577072143555,0.0005924487486481667,0.3555905818939209,1.0800338983535767,0.44418439269065857
2016-08-07 08:00:00,0.0,0.5022235,0.2881130278110504,0.7167401909828186,0.10980840772390366,1.548627257347107,0.5887766480445862
2016-08-07 09:00:00,0.0,0.7491142,0.5683355331420898,1.7582701444625854,1.0766395330429077,0.5207261443138123,1.4080075025558472
2016-08-07 10:00:00,0.0,0.7982979,0.3829525411128998,0.24611742794513702,3.1828174591064453,0.09576397389173508,0.4849407970905304
2016-08-07 11:00:00,0.0,0.3246013,0.29508671164512634,0.008934669196605682,0.3969275951385498,0.5037140250205994,0.14058685302734375
2016-08-07 12:00:00,0.0,0.65248007,0.5114240646362305,0.2436252385377884,0.9439939856529236,0.7364737391471863,0.943891167640686
2016-08-07 13:00:00,0.0,0.95827156,1.1202799081802368,2.9491147994995117,0.7077189683914185,0.7842387557029724,0.23153644800186157
2016-08-07 14:00:00,0.0,0.9404695,0.8948699831962585,1.77173912525177,1.412742018699646,0.3507186770439148,1.211836814880371
2016-08-07 15:00:00,0.0,1.330929,1.0004767179489136,3.971635341644287,1.698844075202942,1.522404432296753,1.6745328903198242
2016-08-07 16:00:00,0.0,1.636378,1.4239201545715332,0.4087831676006317,1.3729196786880493,3.133643627166748,1.0588631629943848
2016-08-07 17:00:00,0.0,1.9812975,1.5252562761306763,1.4054222106933594,0.42012926936149597,2.7041497230529785,6.32856559753418
2016-08-07 18:00:00,0.0,0.33996093,0.3418174088001251,0.19434519112110138,0.20898427069187164,0.28591465950012207,0.6890154480934143
2016-08-07 19:00:00,0.0,0.27775475,0.2751834988594055,0.3193131685256958,0.4456266760826111,0.1230437383055687,0.2597607374191284
2016-08-07 20:00:00,0.0,0.2612122,0.2135944962501526,0.06084597110748291,0.24874278903007507,0.47855061292648315,0.23848925530910492
2016-08-07 21:00:00,0.0,1.2962654,0.46783068776130676,0.40019938349723816,3.806060314178467,1.7699260711669922,1.2698428630828857
2016-08-07 22:00:00,0.0,0.46004286,0.3515738546848297,1.2247161865234375,0.48214536905288696,0.6508731245994568,0.5470557808876038
2016-08-07 23:00:00,0.0,0.5765564,0.48126235604286194,0.01484889816492796,0.9995313882827759,0.399984747171402,0.8575408458709717
2016-09-07 00:00:00,0.0,0.45901233,0.4562598168849945,0.02153496816754341,0.6023306250572205,0.45159319043159485,0.34707266092300415
2016-09-07 01:00:00,0.0,0.8738445,0.7877160906791687,0.5590417981147766,1.0844589471817017,0.8996861577033997,1.0555179119110107
2016-09-07 02:00:00,0.0,0.60103095,0.31681743264198303,0.6722566485404968,0.9321912527084351,1.4674607515335083,0.19272282719612122
2016-09-07 03:00:00,0.0,0.7475771,1.0715819597244263,2.7531204223632812,0.26638123393058777,0.07242483645677567,0.3257715106010437
2016-09-07 04:00:00,0.0,0.3773413,0.2514163553714752,0.13384149968624115,0.06397020816802979,1.259361982345581,0.19862888753414154
2016-09-07 05:00:00,0.0,2.1520367,3.389930486679077,0.8726856708526611,0.2919469177722931,0.7687627673149109,0.7203965187072754
2016-09-07 06:00:00,0.0,0.32826778,0.22688548266887665,0.7031135559082031,0.485507071018219,0.39009085297584534,0.4594910144805908
2016-09-07 07:00:00,0.0,0.83832926,1.3194186687469482,1.9268146753311157,0.10557994991540909,0.1000276654958725,0.2540102005004883
2016-09-07 08:00:00,0.0,0.9133055,1.4442216157913208,1.5641100406646729,0.08142317086458206,0.13424788415431976,0.3842521011829376
2016-09-07 09:00:00,0.0,1.5452285,2.0505032539367676,0.03985260799527168,1.542899250984192,0.14130321145057678,1.3508672714233398
2016-09-07 10:00:00,0.0,2.9532228,2.2695796489715576,1.2273560762405396,6.903736114501953,0.5160926580429077,4.838129997253418
2016-09-07 11:00:00,0.0,1.661067,0.7471545338630676,3.6838150024414062,1.266306757926941,5.2454071044921875,1.057088017463684
2016-09-07 12:00:00,0.0,0.6830447,0.5671848654747009,5.392196178436279,0.6399205923080444,0.22668810188770294,1.075007438659668
2016-09-07 13:00:00,0.0,1.3053975,0.616992712020874,1.232241153717041,0.42439964413642883,4.20067024230957,1.9291353225708008
2016-09-07 14:00:00,0.0,0.83495426,0.8381773829460144,0.7713949680328369,0.5470818877220154,0.9802684187889099,1.0809823274612427
2016-09-07 15:00:00,0.0,1.219372,0.8055777549743652,1.579613208770752,3.5899806022644043,0.4358263611793518,0.8347180485725403
2016-09-07 16:00:00,0.0,0.71153045,0.48311102390289307,0.010163105092942715,2.0531370639801025,0.25760260224342346,0.7039507031440735
2016-09-07 17:00:00,0.0,0.21826257,0.18489372730255127,0.28075021505355835,0.2985469698905945,0.10961975157260895,0.4524810314178467
2016-09-07 18:00:00,0.0,0.2667796,0.1710890531539917,0.14180293679237366,0.48755979537963867,0.15934334695339203,0.673815131187439
2016-09-07 19:00:00,0.0,0.52003294,0.6073033213615417,0.003317160764709115,0.22768059372901917,0.24528750777244568,1.118010401725769
2016-09-07 20:00:00,0.0,0.54497975,0.24217312037944794,0.15113426744937897,0.5196884274482727,1.5769059658050537,0.6986703872680664
2016-09-07 21:00:00,0.0,1.1493993,0.3613755702972412,1.246641993522644,2.6195552349090576,1.6992334127426147,2.318248987197876
2016-09-07 22:00:00,0.0,1.2436898,1.0162153244018555,5.56382942199707,0.8939818739891052,0.8415889739990234,2.8441669940948486
2016-09-07 23:00:00,0.0,0.97898614,1.2262295484542847,0.11625807732343674,0.6727456450462341,0.13584856688976288,1.722618579864502
2016-10-07 00:00:00,0.0,0.39612824,0.4659357964992523,1.1341356039047241,0.36655330657958984,0.10841471701860428,0.34803611040115356
2016-10-07 01:00:00,0.0,0.3954771,0.48768898844718933,0.029153257608413696,0.2692562937736511,0.19353631138801575,0.5080689191818237
2016-10-07 02:00:00,0.0,1.354319,1.1706523895263672,0.6419263482093811,1.506399154663086,2.3015263080596924,0.7106649875640869
2016-10-07 03:00:00,0.0,1.833209,1.6437063217163086,0.18594050407409668,2.6176059246063232,0.5386686325073242,4.274791717529297
2016-10-07 04:00:00,0.0,1.404108,1.8531070947647095,3.125362127320841e-05,0.9767175912857056,1.2409124374389648,0.09465803951025009
2016-10-07 05:00:00,0.0,0.3358661,0.2999042570590973,0.448268324136734,0.19395379722118378,0.650732696056366,0.22086645662784576
2016-10-07 06:00:00,0.0,3.0504527,3.7638912200927734,1.0254045724868774,1.3326739072799683,4.066302299499512,0.5044599771499634
2016-10-07 07:00:00,0.0,0.27419814,0.24739164113998413,0.9990434646606445,0.29210418462753296,0.17725421488285065,0.3921424150466919
2016-10-07 08:00:00,0.0,0.6455566,0.6229690909385681,0.04881247505545616,0.5210333466529846,0.9966415166854858,0.5337849855422974
2016-10-07 09:00:00,0.0,4.023835,5.90400505065918,0.14074258506298065,0.7926026582717896,0.4548819959163666,5.613914966583252
2016-10-07 10:00:00,0.0,0.74365276,0.884283721446991,2.018815517425537,0.45328155159950256,0.3849312961101532,0.7169890999794006
2016-10-07 11:00:00,0.0,1.267208,0.8247469067573547,1.1937319040298462,3.9207763671875,0.46222934126853943,0.7053099870681763
2016-10-07 12:00:00,0.0,1.6905525,1.4217544794082642,1.8593965768814087,1.8171443939208984,1.7061806917190552,3.0122413635253906
2016-10-07 13:00:00,0.0,1.5065228,1.8985003232955933,3.287271738052368,1.4088733196258545,0.3494037687778473,0.9053141474723816
2016-10-07 14:00:00,0.0,0.41070047,0.40631768107414246,1.0923876762390137,0.37517476081848145,0.25484591722488403,0.6014906764030457
2016-10-07 15:00:00,0.0,0.54410213,0.6370826959609985,2.0251855850219727,0.4246383309364319,0.18129704892635345,0.45991843938827515
2016-10-07 16:00:00,0.0,0.95825016,0.8582153916358948,1.0768173933029175,1.3344027996063232,0.31415167450904846,1.9977240562438965
2016-10-07 17:00:00,0.0,1.0247353,0.42536571621894836,0.0025785828474909067,1.5180364847183228,2.6997768878936768,1.081892967224121
2016-10-07 18:00:00,0.0,0.83379287,0.39586710929870605,0.297328919172287,0.4150793254375458,2.2200095653533936,1.9023330211639404
2016-10-07 19:00:00,0.0,0.57442504,0.5747998952865601,0.024530278518795967,0.18984399735927582,1.286378264427185,0.13674849271774292
2016-10-07 20:00:00,0.0,0.5170948,0.49819624423980713,0.7367600798606873,0.3403088450431824,0.5965718030929565,0.7458599209785461
2016-10-07 21:00:00,0.0,0.2555787,0.2835463583469391,0.2679094970226288,0.3023950159549713,0.25093257427215576,0.010892033576965332
2016-10-07 22:00:00,0.0,0.60729253,0.337022989988327,0.16549526154994965,1.6716997623443604,0.8047131299972534,0.13116003572940826
2016-10-07 23:00:00,0.0,0.39340067,0.42003121972084045,1.3622957468032837,0.3972127437591553,0.1905956119298935,0.3396315574645996
2016-11-07 00:00:00,0.0,0.6699835,0.42218324542045593,3.680953025817871,0.35118797421455383,1.4241048097610474,0.642223060131073
2016-11-07 01:00:00,0.0,0.6053147,0.6298516392707825,0.696133553981781,0.6487492322921753,0.5204465985298157,0.5078958868980408
2016-11-07 02:00:00,0.0,2.0887332,1.9721916913986206,6.0633225440979,1.2716542482376099,3.426114797592163,0.8838037848472595
2016-11-07 03:00:00,0.0,0.6499163,0.379888653755188,1.3201483488082886,2.077939510345459,0.30456212162971497,0.20785407721996307
2016-11-07 04:00:00,0.0,0.97935265,0.46021485328674316,0.025108201429247856,0.7683838605880737,3.6520988941192627,0.024629708379507065
2016-11-07 05:00:00,0.0,0.36677477,0.27324947714805603,0.2744614779949188,0.46714550256729126,0.6711534857749939,0.2426927387714386
2016-11-07 06:00:00,0.0,0.9235006,1.100727915763855,0.04875776916742325,0.9985563158988953,0.7663965225219727,0.22240644693374634
2016-11-07 07:00:00,0.0,0.9736374,0.9436569213867188,0.17016109824180603,0.3375130593776703,1.2112343311309814,2.0518124103546143
2016-11-07 08:00:00,0.0,1.2175779,0.8472659587860107,0.13271185755729675,0.11891220510005951,3.646287441253662,1.383089303970337
2016-11-07 09:00:00,0.0,0.55003905,0.7194473147392273,0.024593092501163483,0.2843862473964691,0.051537420600652695,1.002221941947937
2016-11-07 10:00:00,0.0,1.6537592,2.3518550395965576,0.24239659309387207,0.7526899576187134,0.7838426828384399,0.9172461628913879
2016-11-07 11:00:00,0.0,1.6442533,2.3608343601226807,0.006601492874324322,1.3164863586425781,0.36638638377189636,0.5640382766723633
2016-11-07 12:00:00,0.0,0.9181984,0.8159992098808289,0.02803853340446949,0.8979223966598511,1.3040673732757568,1.11414635181427
2016-11-07 13:00:00,0.0,0.45971808,0.5284709930419922,0.6241666078567505,0.315532386302948,0.24811717867851257,0.6287147402763367
2016-11-07 14:00:00,0.0,2.8701668,3.6281697750091553,0.620821475982666,1.1591947078704834,0.11037873476743698,6.708315372467041
2016-11-07 15:00:00,0.0,1.436251,0.7793444991111755,1.2107537984848022,1.1829198598861694,3.5559353828430176,2.167945146560669
2016-11-07 16:00:00,0.0,0.4308205,0.13214172422885895,0.47687217593193054,0.7329305410385132,0.8128816485404968,1.014080286026001
2016-11-07 17:00:00,0.0,0.2766022,0.20032565295696259,0.24896924197673798,0.5591355562210083,0.3329901695251465,0.1480577290058136
2016-11-07 18:00:00,0.0,0.41008687,0.46517184376716614,0.5681110620498657,0.30615803599357605,0.10145169496536255,0.7620569467544556
2016-11-07 19:00:00,0.0,0.24789904,0.14801962673664093,3.8974132537841797,0.10178601741790771,0.22288177907466888,0.23427486419677734
2016-11-07 20:00:00,0.0,0.3752181,0.47773298621177673,1.057178020477295,0.17808519303798676,0.13579107820987701,0.35361918807029724
2016-11-07 21:00:00,0.0,0.14588234,0.10402446240186691,0.02944166027009487,0.23873479664325714,0.11219237744808197,0.32260555028915405
2016-11-07 22:00:00,0.0,0.41722208,0.32685738801956177,1.094265341758728,0.4887564778327942,0.4717874526977539,0.5694748759269714
2016-11-07 23:00:00,0.0,1.1815361,1.9523040056228638,1.3954230546951294,0.08406408876180649,0.17432817816734314,0.1866440773010254
2016-12-07 00:00:00,0.0,0.28580898,0.31810784339904785,0.053947050124406815,0.3546099364757538,0.11617860943078995,0.32643285393714905
2016-12-07 01:00:00,0.0,0.38353664,0.5275940895080566,1.1926764249801636,0.019892636686563492,0.1130470559000969,0.4266411066055298
2016-12-07 02:00:00,0.0,0.46352547,0.5008969902992249,0.003935736138373613,0.36950066685676575,0.4821988642215729,0.4860583543777466
2016-12-07 03:00:00,0.0,2.4420455,2.3841981887817383,1.1377853155136108,0.6655184626579285,5.837744235992432,0.2816387712955475
2016-12-07 04:00:00,0.0,0.30146155,0.3398045599460602,0.12508000433444977,0.1983710378408432,0.1788361370563507,0.5105016231536865
2016-12-07 05:00:00,0.0,0.9294317,1.3032395839691162,0.10026274621486664,0.7670697569847107,0.3796783983707428,0.14007723331451416
2016-12-07 06:00:00,0.0,0.35787815,0.3008701503276825,0.0012668045237660408,0.36242398619651794,0.6949676275253296,0.19121715426445007
2016-12-07 07:00:00,0.0,0.7097612,0.6000624895095825,0.007911025546491146,0.8012272119522095,0.3835294544696808,1.9542557001113892
2016-12-07 08:00:00,0.0,0.41631678,0.4720885753631592,1.4262216091156006,0.2105492204427719,0.16860155761241913,0.6228048205375671
2016-12-07 09:00:00,0.0,0.48438907,0.6493158936500549,2.4485321044921875,0.0995246022939682,0.10769282281398773,0.33652254939079285
2016-12-07 10:00:00,0.0,0.6128419,0.801993191242218,0.9805343151092529,0.7945300340652466,0.03991540148854256,0.0706782415509224
2016-12-07 11:00:00,0.0,0.7165703,0.6364409923553467,1.7006759643554688,0.9342643022537231,0.41575294733047485,1.096785545349121
2016-12-07 12:00:00,0.0,1.0363325,1.2400470972061157,2.9643688201904297,1.1184998750686646,0.46761706471443176,0.18349571526050568
2016-12-07 13:00:00,0.0,1.8890872,2.283374786376953,2.044776201248169,1.8741304874420166,0.9453297853469849,1.1621921062469482
2016-12-07 14:00:00,0.0,1.792373,1.3263355493545532,7.443592548370361,1.4881528615951538,3.792320489883423,0.20827142894268036
2016-12-07 15:00:00,0.0,0.5869265,0.33364322781562805,0.4182634651660919,1.2148048877716064,0.7078484892845154,0.8383914828300476
2016-12-07 16:00:00,0.0,1.5560111,0.8328189849853516,0.0001852573623182252,0.48314136266708374,5.4192728996276855,1.4009355306625366
2016-12-07 17:00:00,0.0,1.1619923,1.3402310609817505,0.5779441595077515,1.3729692697525024,0.229366734623909,1.501456379890442
2016-12-07 18:00:00,0.0,0.5232668,0.6762617230415344,0.7350301742553711,0.0770440325140953,0.6535557508468628,0.10524030029773712
2016-12-07 19:00:00,0.0,0.2913411,0.256987065076828,6.017174746375531e-05,0.473212331533432,0.0666704922914505,0.6451842188835144
2016-12-07 20:00:00,0.0,0.369777,0.19068396091461182,0.03981226310133934,0.7226300239562988,0.34073492884635925,0.9601574540138245
2016-12-07 21:00:00,0.0,0.7381346,0.3178945481777191,0.011800416745245457,3.1779685020446777,0.1371091604232788,0.22324416041374207
2016-12-07 22:00:00,0.0,0.4260976,0.3621772825717926,0.17560605704784393,0.679781436920166,0.3612399101257324,0.5417965650558472
2016-12-07 23:00:00,0.0,1.0994049,1.2507994174957275,2.4380955696105957,0.3525608479976654,0.24870499968528748,2.6520683765411377
2016-07-13 00:00:00,0.0,1.0125045,0.9578312039375305,2.183077812194824,0.8371806144714355,1.2992392778396606,0.8529320359230042
2016-07-13 01:00:00,0.0,0.8624398,0.7341017127037048,0.24879683554172516,1.0617321729660034,0.2178288847208023,2.565185546875
2016-07-13 02:00:00,0.0,1.0501623,0.8770573139190674,0.01461880560964346,1.2066155672073364,0.25665685534477234,3.4625184535980225
2016-07-13 03:00:00,0.0,0.46690166,0.3428837060928345,0.055118411779403687,0.534285843372345,0.9546413421630859,0.34248819947242737
2016-07-13 04:00:00,0.0,0.774565,0.85078364610672,2.782252788543701,0.4159052073955536,0.6728922128677368,0.6209123134613037
2016-07-13 05:00:00,0.0,0.94725436,0.7372429966926575,0.0041907536797225475,0.8018174767494202,1.267627477645874,2.1369497776031494
2016-07-13 06:00:00,0.0,2.2653317,2.898447275161743,0.8416157960891724,1.7042704820632935,1.2050851583480835,1.6598552465438843
2016-07-13 07:00:00,0.0,0.56515306,0.5612576603889465,0.5832595229148865,0.7230352759361267,0.12538038194179535,1.077307105064392
2016-07-13 08:00:00,0.0,0.41003093,0.38430389761924744,0.04717130586504936,0.7103773951530457,0.18128621578216553,0.529805064201355
2016-07-13 09:00:00,0.0,0.51860106,0.47399935126304626,0.07844670861959457,0.7609800696372986,0.48612403869628906,0.5289211273193359
2016-07-13 10:00:00,0.0,0.999707,0.5583997368812561,0.5628629326820374,3.6821110248565674,0.06434661149978638,0.6994365453720093
2016-07-13 11:00:00,0.0,1.0541012,0.9155347347259521,1.6398195028305054,1.0313664674758911,0.6760337948799133,2.440474033355713
2016-07-13 12:00:00,0.0,0.35737422,0.34632277488708496,0.3353956937789917,0.21074232459068298,0.40080180764198303,0.6097851395606995
2016-07-13 13:00:00,0.0,0.31834504,0.26184892654418945,3.452188730239868,0.23483411967754364,0.3156098425388336,0.024791855365037918
2016-07-13 14:00:00,0.0,0.7620422,0.9592445492744446,2.0137972831726074,0.4614035487174988,0.5971452593803406,0.08057638257741928
2016-07-13 15:00:00,0.0,1.9995261,1.5992156267166138,0.7866055965423584,6.095104694366455,0.10496722906827927,0.8528336882591248
2016-07-13 16:00:00,0.0,3.1838486,4.706873416900635,6.10078239440918,0.9518397450447083,0.589427649974823,1.762721061706543
2016-07-13 17:00:00,0.0,1.0765767,1.2014973163604736,2.0742387771606445,0.610648512840271,0.8883301615715027,1.2224445343017578
2016-07-13 18:00:00,0.0,1.2029293,1.4508248567581177,0.9713473916053772,0.05626719444990158,2.152026653289795,0.1191902682185173
2016-07-13 19:00:00,0.0,0.68442667,1.006630778312683,1.184773564338684,0.0798792764544487,0.20372168719768524,0.5253071784973145
2016-07-13 20:00:00,0.0,0.52950764,0.2879221737384796,0.5802358984947205,0.4649757742881775,1.4935563802719116,0.39218398928642273
2016-07-13 21:00:00,0.0,1.3452828,0.7826488018035889,0.00475460896268487,4.477917671203613,1.0788123607635498,0.04043038189411163
2016-07-13 22:00:00,0.0,0.51810324,0.33562812209129333,0.5696120262145996,0.45012167096138,0.9833477139472961,0.9048665165901184
2016-07-13 23:00:00,0.0,0.5668512,0.38420578837394714,0.007247221190482378,0.7713542580604553,1.174669861793518,0.38106176257133484
2016-07-14 00:00:00,0.0,0.75512064,0.5924482941627502,1.0828897953033447,1.2846931219100952,1.0174773931503296,0.2633362114429474
2016-07-14 01:00:00,0.0,0.9251197,0.7204012870788574,0.9378067851066589,1.8178107738494873,0.6639066338539124,1.045170545578003
2016-07-14 02:00:00,0.0,0.69797546,0.4749926030635834,0.018587814643979073,1.4770077466964722,0.47892528772354126,1.225751280784607
2016-07-14 03:00:00,0.0,0.22739092,0.13204316794872284,0.17030319571495056,0.3709249496459961,0.5269034504890442,0.038417596369981766
2016-07-14 04:00:00,0.0,0.26891974,0.20938245952129364,0.04578068107366562,0.18030862510204315,0.4945090711116791,0.44221600890159607
2016-07-14 05:00:00,0.0,0.5036631,0.2522054612636566,3.6858787536621094,0.1685660034418106,1.2987124919891357,0.4119381904602051
2016-07-14 06:00:00,0.0,0.22883856,0.175850972533226,0.207459956407547,0.15743736922740936,0.5746415853500366,0.07190562784671783
2016-07-14 07:00:00,0.0,0.2772286,0.28172579407691956,0.15250255167484283,0.162520632147789,0.31485411524772644,0.4163215160369873
2016-07-14 08:00:00,0.0,0.47390395,0.2297755479812622,1.0334750413894653,0.4644002318382263,0.5960822105407715,1.601601243019104
2016-07-14 09:00:00,0.0,0.45683995,0.26298433542251587,1.050599455833435,1.1104915142059326,0.11267826706171036,0.9299265146255493
2016-07-14 10:00:00,0.0,2.6562386,3.5658438205718994,0.16026213765144348,1.1221227645874023,2.1318116188049316,1.425050973892212
2016-07-14 11:00:00,0.0,0.6415992,0.4439731538295746,0.10261401534080505,0.32300710678100586,1.603285789489746,0.8366866111755371
2016-07-14 12:00:00,0.0,0.5149998,0.37298643589019775,0.081866554915905,0.2340620458126068,1.2129558324813843,0.7455816268920898
2016-07-14 13:00:00,0.0,0.9137083,1.0056484937667847,0.09820419549942017,1.2036274671554565,0.6802039742469788,0.4672178030014038
2016-07-14 14:00:00,0.0,3.7649746,3.039271354675293,1.7700152397155762,3.9723739624023438,7.310252666473389,2.0507421493530273
2016-07-14 15:00:00,0.0,3.0753822,4.373851776123047,2.7686214447021484,2.0015478134155273,0.5932071805000305,1.5842713117599487
2016-07-14 16:00:00,0.0,1.4618331,1.4623745679855347,0.03129865601658821,1.3938134908676147,1.8769302368164062,1.2088316679000854
2016-07-14 17:00:00,0.0,0.49356353,0.7006403803825378,0.051599614322185516,0.15187479555606842,0.25152644515037537,0.3831135928630829
2016-07-14 18:00:00,0.0,0.40147802,0.4506828486919403,0.9061735272407532,0.13544291257858276,0.18779335916042328,0.8195850849151611
2016-07-14 19:00:00,0.0,0.29549107,0.3745978772640228,0.18464410305023193,0.17585790157318115,0.05770915374159813,0.4740384817123413
2016-07-14 20:00:00,0.0,0.36717877,0.42044058442115784,0.009194858372211456,0.31704846024513245,0.12310968339443207,0.6519529223442078
2016-07-14 21:00:00,0.0,0.48985624,0.4497205317020416,0.3180190324783325,1.1617867946624756,0.13541556894779205,0.21802257001399994
2016-07-14 22:00:00,0.0,0.3324988,0.347886323928833,0.14918674528598785,0.422150194644928,0.16206522285938263,0.4273706376552582
2016-07-14 23:00:00,0.0,0.3026981,0.3219453990459442,0.9271003603935242,0.24899737536907196,0.2130749225616455,0.28193047642707825
2016-07-15 00:00:00,0.0,0.32689384,0.3760641813278198,1.4298264980316162,0.20339296758174896,0.05495041608810425,0.44816601276397705
2016-07-15 01:00:00,0.0,0.67242527,0.7438949942588806,0.00867145974189043,0.6054591536521912,0.6664599776268005,0.537175714969635
2016-07-15 02:00:00,0.0,0.7434772,0.46213987469673157,1.3123645782470703,0.21681170165538788,2.211151361465454,0.6425144076347351
2016-07-15 03:00:00,0.0,0.55050063,0.48561397194862366,0.6629319787025452,0.6543276906013489,0.4095849096775055,0.9766183495521545
2016-07-15 04:00:00,0.0,1.2469186,1.7873997688293457,0.011718694120645523,0.9117292761802673,0.6063792109489441,0.02035566419363022
2016-07-15 05:00:00,0.0,0.7557994,1.0002444982528687,0.9024137854576111,0.6207122802734375,0.3975384533405304,0.11583475023508072
2016-07-15 06:00:00,0.0,2.3228683,2.1665828227996826,1.8289436101913452,0.07521743327379227,6.2592339515686035,0.42881226539611816
2016-07-15 07:00:00,0.0,0.7953698,0.7361280918121338,0.5071052312850952,0.7103800177574158,0.46900734305381775,1.9427521228790283
2016-07-15 08:00:00,0.0,1.9566875,1.0509744882583618,3.082366704940796,0.39847785234451294,7.362501621246338,0.3762381374835968
2016-07-15 09:00:00,0.0,0.83132374,0.6174961924552917,0.030113527551293373,1.5696337223052979,0.429733544588089,1.725332260131836
2016-07-15 10:00:00,0.0,0.7197653,0.5682992935180664,0.04162130132317543,1.8610551357269287,0.3363519012928009,0.47181323170661926
2016-07-15 11:00:00,0.0,0.54027325,0.5970457792282104,0.6253933906555176,0.7635416388511658,0.04254451394081116,0.6586635112762451
2016-07-15 12:00:00,0.0,0.9426489,1.129847526550293,0.2379448562860489,0.4132257103919983,0.5747662782669067,1.565917730331421
2016-07-15 13:00:00,0.0,0.72552305,0.8449596762657166,0.03329727053642273,0.4493022859096527,0.8103545904159546,0.5168903470039368
2016-07-15 14:00:00,0.0,1.0111238,0.9667807221412659,0.8494168519973755,1.2941991090774536,0.18768879771232605,2.2632381916046143
2016-07-15 15:00:00,0.0,1.2284622,0.4007774889469147,0.8582005500793457,3.2726058959960938,2.3703856468200684,0.7115195393562317
2016-07-15 16:00:00,0.0,1.0820589,0.8210716247558594,0.5855931639671326,0.26557883620262146,2.2146809101104736,2.21885085105896
2016-07-15 17:00:00,0.0,1.503252,0.8371410369873047,0.43055835366249084,0.48126333951950073,5.7000579833984375,0.2121608853340149
2016-07-15 18:00:00,0.0,0.3956112,0.38023796677589417,0.09680528938770294,0.4792919456958771,0.45222100615501404,0.3170435428619385
2016-07-15 19:00:00,0.0,2.751294,4.027700901031494,2.97160005569458,1.8799391984939575,0.6116291880607605,0.30706101655960083
2016-07-15 20:00:00,0.0,0.36410788,0.2822989821434021,1.2759777307510376,0.5983119606971741,0.22504492104053497,0.4604966342449188
2016-07-15 21:00:00,0.0,1.0288489,0.3668192923069,0.14302077889442444,4.341588973999023,0.36268192529678345,0.5909805297851562
2016-07-15 22:00:00,0.0,0.3301954,0.35623717308044434,0.029170505702495575,0.2807649075984955,0.35602426528930664,0.2905038297176361
2016-07-15 23:00:00,0.0,0.69484425,0.6284279227256775,0.007257834542542696,0.618034303188324,0.5843722224235535,1.5929813385009766
2016-07-16 00:00:00,0.0,0.37040144,0.2711555063724518,0.0923316553235054,0.18088524043560028,0.7573980093002319,0.6898040771484375
2016-07-16 01:00:00,0.0,0.71858364,0.7589647173881531,0.03209850564599037,0.14608803391456604,0.7516362071037292,1.5919444561004639
2016-07-16 02:00:00,0.0,0.4969014,0.27616646885871887,0.7858608961105347,0.8660653233528137,0.42475080490112305,1.2292976379394531
2016-07-16 03:00:00,0.0,1.0531708,1.3905771970748901,1.0909706354141235,0.8534552454948425,0.33253082633018494,0.6299052834510803
2016-07-16 04:00:00,0.0,0.61608565,0.6468722224235535,0.4927326738834381,0.7163366079330444,0.36486247181892395,0.7264055013656616
2016-07-16 05:00:00,0.0,2.104528,2.9145920276641846,0.020919065922498703,0.859287440776825,1.0527737140655518,1.7847862243652344
2016-07-16 06:00:00,0.0,0.5096034,0.35024845600128174,0.49867987632751465,0.21009492874145508,1.0127078294754028,1.1121705770492554
2016-07-16 07:00:00,0.0,0.82213235,1.1698042154312134,2.6279335021972656,0.37070363759994507,0.18566526472568512,0.1884690821170807
2016-07-16 08:00:00,0.0,1.1931171,1.8266342878341675,2.603910446166992,0.32184553146362305,0.13536874949932098,0.4151018261909485
2016-07-16 09:00:00,0.0,0.38493156,0.30261513590812683,0.05434492230415344,0.4776225686073303,0.5623525381088257,0.4887809157371521
2016-07-16 10:00:00,0.0,0.9326028,0.6045534014701843,0.447154700756073,2.1070122718811035,1.2563296556472778,0.4005228877067566
2016-07-16 11:00:00,0.0,1.6696709,1.272678256034851,0.3431881368160248,1.447158932685852,3.829090118408203,0.9936583638191223
2016-07-16 12:00:00,0.0,0.50229293,0.4190998077392578,0.46623122692108154,0.9488069415092468,0.28560686111450195,0.6082682013511658
2016-07-16 13:00:00,0.0,1.5151498,1.2949225902557373,0.334534615278244,0.7502871751785278,3.9236717224121094,0.2552635371685028
2016-07-16 14:00:00,0.0,0.4955408,0.523510217666626,1.5084935426712036,0.6548532843589783,0.06616324186325073,0.5470998287200928
2016-07-16 15:00:00,0.0,0.47549963,0.31325867772102356,1.0218244791030884,0.970496654510498,0.2516597807407379,0.8378387093544006
2016-07-16 16:00:00,0.0,0.4564705,0.37139034271240234,1.757789969444275,0.5454146265983582,0.20228123664855957,0.9308007955551147
2016-07-16 17:00:00,0.0,0.23041116,0.12649627029895782,1.6224005222320557,0.3137832283973694,0.2858518064022064,0.2629808783531189
2016-07-16 18:00:00,0.0,0.32590201,0.17811745405197144,0.28064823150634766,0.34603092074394226,0.8520359396934509,0.26796287298202515
2016-07-16 19:00:00,0.0,0.5945472,0.23116004467010498,1.556080937385559,0.45234018564224243,2.0007050037384033,0.32257401943206787
2016-07-16 20:00:00,0.0,0.9959393,1.1867876052856445,0.9121108055114746,0.4172523617744446,0.7924606204032898,1.240595817565918
2016-07-16 21:00:00,0.0,0.6757385,0.43085750937461853,1.1093114614486694,1.2020896673202515,0.6523100137710571,1.1565155982971191
2016-07-16 22:00:00,0.0,0.3687206,0.2351006120443344,0.7407165169715881,0.3575604259967804,0.7413582801818848,0.44485586881637573
2016-07-16 23:00:00,0.0,2.4229429,2.2088544368743896,0.014845014549791813,0.4087769091129303,6.338172435760498,0.9826358556747437
2016-07-17 00:00:00,0.0,20.321909,5.617166996002197,0.0069747427478432655,13.141766548156738,70.14051818847656,39.011749267578125
2016-07-17 01:00:00,0.0,2.514085,0.41975143551826477,0.03045136108994484,1.050118327140808,11.461935997009277,2.6041977405548096
2016-07-17 02:00:00,0.0,1.2197437,1.1866977214813232,8.003756374819204e-05,2.3652396202087402,0.4162754416465759,1.124387502670288
2016-07-17 03:00:00,0.0,0.42837206,0.2959514558315277,3.9051125049591064,0.09401868283748627,0.77350252866745,0.33485114574432373
2016-07-17 04:00:00,0.0,0.82339734,0.7439671158790588,0.7837247252464294,0.26650598645210266,1.9473978281021118,0.3174557387828827
2016-07-17 05:00:00,0.0,2.3423173,3.3146121501922607,0.1356922686100006,2.022183895111084,0.5938359498977661,0.6802825331687927
2016-07-17 06:00:00,0.0,0.73067844,0.46379780769348145,0.7232474088668823,0.6058754324913025,1.7545664310455322,0.7604208588600159
2016-07-17 07:00:00,0.0,0.334098,0.3237059414386749,2.432084321975708,0.22318537533283234,0.15032391250133514,0.38765567541122437
2016-07-17 08:00:00,0.0,0.97418016,1.2315850257873535,3.8712682723999023,0.4755651652812958,0.4292433261871338,0.5316932797431946
2016-07-17 09:00:00,0.0,3.5104632,3.671377420425415,1.789373755455017,0.5195654630661011,8.055489540100098,0.2555246949195862
2016-07-17 10:00:00,0.0,1.2057986,1.200652003288269,0.012839572504162788,0.548615038394928,2.0892128944396973,1.1390137672424316
2016-07-17 11:00:00,0.0,1.5970179,0.7005895972251892,0.0685855820775032,5.1244215965271,1.682623267173767,1.0349308252334595
2016-07-17 12:00:00,0.0,0.48564184,0.18651723861694336,1.0212607383728027,0.9543904662132263,1.162380337715149,0.14188224077224731
2016-07-17 13:00:00,0.0,0.5994576,0.5546404123306274,0.06118030846118927,0.7210327982902527,0.9908167719841003,0.10529494285583496
2016-07-17 14:00:00,0.0,0.58497506,0.5260533094406128,0.0736464411020279,0.2281440794467926,1.0700575113296509,0.8418973684310913
2016-07-17 15:00:00,0.0,0.4526138,0.583912193775177,0.03732550889253616,0.4069027006626129,0.17624631524085999,0.3322826623916626
2016-07-17 16:00:00,0.0,0.44520196,0.38733556866645813,0.552239716053009,0.5409115552902222,0.3320884704589844,0.7960978746414185
2016-07-17 17:00:00,0.0,0.59770244,0.32864683866500854,2.260080575942993,1.345265507698059,0.2712319791316986,1.0595297813415527
2016-07-17 18:00:00,0.0,0.35216483,0.3079679608345032,1.1076737642288208,0.35649755597114563,0.28902754187583923,0.5313763618469238
2016-07-17 19:00:00,0.0,0.25420028,0.25909850001335144,0.04649980366230011,0.3144221007823944,0.1291409283876419,0.3902021646499634
2016-07-17 20:00:00,0.0,0.3309137,0.24195213615894318,0.01363241858780384,0.8560672402381897,0.27301791310310364,0.12630219757556915
2016-07-17 21:00:00,0.0,0.5372593,0.27854272723197937,0.04015488177537918,1.5004231929779053,0.7136226892471313,0.21966183185577393
2016-07-17 22:00:00,0.0,0.83003163,0.42674240469932556,0.3608207404613495,2.169358015060425,1.1766058206558228,0.416743665933609
2016-07-17 23:00:00,0.0,0.77218604,0.3893943727016449,0.06636971980333328,0.7479506731033325,1.9236987829208374,1.2726534605026245
2016-07-18 00:00:00,0.0,0.7861187,0.4240899980068207,0.00018827716121450067,0.6783146262168884,1.86161208152771,1.461316466331482
2016-07-18 01:00:00,0.0,0.47307295,0.4027317762374878,1.2433319091796875,0.10552768409252167,1.0408285856246948,0.35218703746795654
2016-07-18 02:00:00,0.0,0.40984654,0.35368800163269043,0.5832704901695251,0.2976148724555969,0.6684371829032898,0.4473138451576233
2016-07-18 03:00:00,0.0,0.31246555,0.25690212845802307,0.2876143157482147,0.5482286810874939,0.3414945602416992,0.18867281079292297
2016-07-18 04:00:00,0.0,0.46639225,0.5269644856452942,1.5802260637283325,0.39089974761009216,0.25517377257347107,0.3262450695037842
2016-07-18 05:00:00,0.0,0.3098686,0.2011355310678482,0.08419006317853928,0.07601024210453033,0.5735521912574768,0.9664921760559082
2016-07-18 06:00:00,0.0,0.69359344,0.7092491984367371,0.13594698905944824,0.12553878128528595,0.4405442178249359,2.176002264022827
2016-07-18 07:00:00,0.0,0.9193784,1.347090721130371,1.78728187084198,0.5538977980613708,0.07547465711832047,0.2525509297847748
2016-07-18 08:00:00,0.0,0.36189184,0.41799280047416687,1.337910532951355,0.22727666795253754,0.12720532715320587,0.4275597333908081
2016-07-18 09:00:00,0.0,0.39125106,0.19619818031787872,5.2132086753845215,0.34874382615089417,0.23403362929821014,0.7055973410606384
2016-07-18 10:00:00,0.0,1.4056904,1.0150221586227417,0.7275453209877014,3.9393997192382812,0.4936226010322571,1.081364393234253
2016-07-18 11:00:00,0.0,1.4165976,1.4011353254318237,1.4161999225616455,1.4993276596069336,0.9987586140632629,2.0959115028381348
2016-07-18 12:00:00,0.0,4.710819,6.965156078338623,2.2342886924743652,1.9442228078842163,0.7553223967552185,3.567584991455078
2016-07-18 13:00:00,0.0,2.1936634,2.172720193862915,4.486543655395508,2.3382585048675537,1.8028371334075928,2.1770071983337402
2016-07-18 14:00:00,0.0,3.6065536,4.502779006958008,4.0388665199279785,1.5023690462112427,3.0755746364593506,2.732659101486206
2016-07-18 15:00:00,0.0,4.090771,4.639630317687988,4.383211135864258,6.888599872589111,0.17041662335395813,2.6889219284057617
2016-07-18 16:00:00,0.0,0.6791661,0.8038459420204163,0.00973264779895544,0.6039787530899048,0.5976594090461731,0.3726595938205719
2016-07-18 17:00:00,0.0,0.5204328,0.5764932036399841,1.221640706062317,0.6313415765762329,0.20921863615512848,0.3593020439147949
2016-07-18 18:00:00,0.0,0.11605955,0.12173206359148026,0.008462292142212391,0.14211031794548035,0.03224138170480728,0.21001657843589783
2016-07-18 19:00:00,0.0,0.38575083,0.1732073426246643,0.8161271810531616,0.5539169907569885,0.6862146258354187,0.7333154678344727
2016-07-18 20:00:00,0.0,0.24656385,0.11145630478858948,1.358099341392517,0.3556189239025116,0.3082616329193115,0.4805079698562622
2016-07-18 21:00:00,0.0,0.6444032,0.5199149250984192,0.05131050571799278,0.869768500328064,0.7877269983291626,0.8944002985954285
2016-07-18 22:00:00,0.0,1.5287827,1.8194557428359985,0.017510319128632545,0.9337301850318909,0.24169211089611053,3.4563140869140625
2016-07-18 23:00:00,0.0,2.272814,3.513007879257202,0.010870026424527168,0.499275267124176,0.9431085586547852,0.8278139233589172
2016-07-19 00:00:00,0.0,0.5782745,0.4491405189037323,0.0004349749651737511,0.4696105122566223,0.6634482145309448,1.5386461019515991
2016-07-19 01:00:00,0.0,1.2554418,0.7904588580131531,0.10285890847444534,1.0225780010223389,1.9887335300445557,3.4577364921569824
2016-07-19 02:00:00,0.0,0.9228912,0.8069027066230774,0.2753937542438507,1.2142665386199951,1.0387109518051147,1.0681052207946777
2016-07-19 03:00:00,0.0,1.732892,1.7117400169372559,1.777214527130127,2.51767897605896,0.2774406373500824,3.0223872661590576
2016-07-19 04:00:00,0.0,1.3801875,1.0904182195663452,0.9245949387550354,1.9159969091415405,0.6370733976364136,3.595482349395752
2016-07-19 05:00:00,0.0,0.6384998,0.45773935317993164,1.4096742868423462,0.3740803301334381,1.3980129957199097,0.6638555526733398
2016-07-19 06:00:00,0.0,0.88697946,0.7483602166175842,0.9207936525344849,0.6276769638061523,0.8051612973213196,2.3072032928466797
2016-07-19 07:00:00,0.0,0.7249681,0.48168638348579407,3.574887275695801,0.05400928109884262,1.9341288805007935,0.5303250551223755
2016-07-19 08:00:00,0.0,0.9022193,1.3155847787857056,1.9646658897399902,0.2590056359767914,0.3706224858760834,0.21233347058296204
2016-07-19 09:00:00,0.0,1.2845739,1.6604456901550293,4.9701457023620605,0.7130276560783386,0.49916642904281616,0.48261991143226624
2016-07-19 10:00:00,0.0,1.7092681,1.88961660861969,4.043936252593994,2.5903491973876953,0.15790210664272308,1.216507077217102
2016-07-19 11:00:00,0.0,1.6506027,2.1475741863250732,0.16924647986888885,1.5286318063735962,0.7292101979255676,0.8649974465370178
2016-07-19 12:00:00,0.0,0.62874997,0.6255381107330322,6.305660724639893,0.3549984395503998,0.3976736068725586,0.11224225908517838
2016-07-19 13:00:00,0.0,0.37134176,0.37577465176582336,2.0106468200683594,0.23289069533348083,0.20409591495990753,0.46988773345947266
2016-07-19 14:00:00,0.0,1.6618522,1.0075161457061768,1.9571996927261353,0.6486167907714844,5.427143096923828,0.6979344487190247
2016-07-19 15:00:00,0.0,3.4063392,2.291496753692627,0.7996112108230591,4.908047199249268,6.204050540924072,3.223090887069702
2016-07-19 16:00:00,0.0,0.71241677,0.64473956823349,0.3405032753944397,0.895939290523529,0.8546786904335022,0.6413347721099854
2016-07-19 17:00:00,0.0,0.53048086,0.5609748959541321,0.2149532288312912,0.23172423243522644,1.0385278463363647,0.06013999506831169
2016-07-19 18:00:00,0.0,0.7759363,1.266930103302002,0.003324411576613784,0.11677945405244827,0.2611066401004791,0.07760237902402878
2016-07-19 19:00:00,0.0,1.9981363,2.5048258304595947,0.9270604252815247,0.20402637124061584,0.6834006905555725,4.666247367858887
2016-07-19 20:00:00,0.0,1.5300049,1.2566816806793213,1.2121847867965698,0.34504634141921997,4.3712334632873535,0.35092610120773315
2016-07-19 21:00:00,0.0,1.2035362,0.9507262706756592,0.011999436654150486,2.0624208450317383,1.6869581937789917,0.6692436337471008
2016-07-19 22:00:00,0.0,1.3321241,1.1129013299942017,0.2976487874984741,1.5759867429733276,1.4769588708877563,2.225860118865967
2016-07-19 23:00:00,0.0,0.72526795,0.6161733269691467,0.42939284443855286,0.9419816732406616,1.1344785690307617,0.3584364056587219
2016-07-20 00:00:00,0.0,0.24710737,0.15374447405338287,0.6857131123542786,0.20768070220947266,0.6096919775009155,0.13210684061050415
2016-07-20 01:00:00,0.0,1.7303547,2.1016619205474854,1.5366644859313965,1.1092884540557861,1.7897186279296875,0.5339135527610779
2016-07-20 02:00:00,0.0,1.4445765,1.1179585456848145,1.8750889301300049,1.726797342300415,1.1945676803588867,3.240286111831665
2016-07-20 03:00:00,0.0,1.1406642,1.0583537817001343,0.13388384878635406,1.9096910953521729,0.828938364982605,1.0859434604644775
2016-07-20 04:00:00,0.0,2.2618027,2.9613564014434814,0.23378579318523407,1.9752976894378662,0.7054563164710999,1.7964757680892944
2016-07-20 05:00:00,0.0,0.9239453,0.39543452858924866,2.2414863109588623,0.5194632411003113,2.4201982021331787,1.8550245761871338
2016-07-20 06:00:00,0.0,0.39861652,0.4143311083316803,2.48708438873291,0.1314760148525238,0.059966277331113815,0.8423457145690918
2016-07-20 07:00:00,0.0,1.490295,0.9724268317222595,1.2724124193191528,0.3034830093383789,3.609710454940796,3.019918441772461
2016-07-20 08:00:00,0.0,0.4246538,0.5004457235336304,0.06743569672107697,0.22013254463672638,0.513177216053009,0.2622026205062866
2016-07-20 09:00:00,0.0,0.4836194,0.3737868070602417,0.24177397787570953,0.465239554643631,1.0899713039398193,0.17412513494491577
2016-07-20 10:00:00,0.0,0.5367934,0.351726770401001,0.8652380108833313,1.5577706098556519,0.374748170375824,0.06195072457194328
2016-07-20 11:00:00,0.0,0.3849779,0.24262003600597382,0.01746087335050106,0.4875226616859436,0.9642258882522583,0.13786740601062775
2016-07-20 12:00:00,0.0,2.334885,1.1445568799972534,0.796319842338562,0.46199652552604675,9.68852710723877,0.2701758146286011
2016-07-20 13:00:00,0.0,1.1965199,1.1617506742477417,0.23792898654937744,0.8731130361557007,1.0642403364181519,2.4422340393066406
2016-07-20 14:00:00,0.0,0.8315781,0.6594628095626831,4.181860446929932,1.9888943433761597,0.12028928846120834,0.24614989757537842
2016-07-20 15:00:00,0.0,1.7586814,2.0318634510040283,9.546921730041504,1.786503553390503,0.5172566175460815,0.29633793234825134
2016-07-20 16:00:00,0.0,1.0796162,1.6427587270736694,0.23737016320228577,0.3715623915195465,0.5291105508804321,0.11380182206630707
2016-07-20 17:00:00,0.0,0.67608213,0.8642861843109131,0.011292079463601112,0.28738388419151306,0.12850601971149445,1.3515355587005615
2016-07-20 18:00:00,0.0,2.963045,5.041922092437744,1.0482749938964844,0.24134419858455658,0.22981533408164978,0.5146003365516663
2016-07-20 19:00:00,0.0,0.6729,0.8677381873130798,2.3634841442108154,0.418418824672699,0.31787368655204773,0.14786368608474731
2016-07-20 20:00:00,0.0,0.5718222,0.44663122296333313,1.3750598430633545,1.278223991394043,0.39234915375709534,0.20003394782543182
2016-07-20 21:00:00,0.0,1.6550823,1.5245813131332397,0.4284987449645996,2.019122362136841,1.4660861492156982,2.438410997390747
2016-07-20 22:00:00,0.0,0.9118608,0.8397892117500305,0.04330361634492874,0.8582786321640015,1.2877817153930664,0.9973363876342773
2016-07-20 23:00:00,0.0,1.7056065,2.287419557571411,0.10396022349596024,1.9262349605560303,0.5350411534309387,0.2775285542011261
2016-07-21 00:00:00,0.0,1.0719084,0.9324221014976501,0.3391932547092438,1.0336058139801025,1.864246129989624,0.7724432945251465
2016-07-21 01:00:00,0.0,1.2339463,0.7006167769432068,0.0066842068918049335,0.9491233825683594,3.2194442749023438,1.7645595073699951
2016-07-21 02:00:00,0.0,0.6982759,0.842595100402832,0.25359827280044556,0.5784865617752075,0.6074296236038208,0.3121431767940521
2016-07-21 03:00:00,0.0,0.4789234,0.5625125169754028,0.24822920560836792,0.6452654004096985,0.07435973733663559,0.4519498348236084
2016-07-21 04:00:00,0.0,0.74295914,0.8125135898590088,0.8057616353034973,0.9537509679794312,0.5499266386032104,0.27885308861732483
2016-07-21 05:00:00,0.0,0.35172614,0.32658839225769043,0.15528906881809235,0.49272510409355164,0.5142121911048889,0.020562952384352684
2016-07-21 06:00:00,0.0,2.2554698,2.01613450050354,0.19408589601516724,0.2500320374965668,5.613316059112549,1.8401148319244385
2016-07-21 07:00:00,0.0,1.0377644,1.075910210609436,1.548961877822876,0.46535518765449524,1.3501513004302979,1.136130690574646
2016-07-21 08:00:00,0.0,2.198049,2.3668253421783447,2.2017478942871094,1.0265729427337646,2.675140380859375,2.399637222290039
2016-07-21 09:00:00,0.0,2.58627,3.0481512546539307,0.19658643007278442,1.1328868865966797,3.6680266857147217,1.0627530813217163
2016-07-21 10:00:00,0.0,3.7696447,5.326837539672852,1.0102194547653198,1.7570240497589111,2.6576309204101562,0.5844570398330688
2016-07-21 11:00:00,0.0,0.53805643,0.43586793541908264,0.18692715466022491,1.1892141103744507,0.3249228894710541,0.4724278151988983
2016-07-21 12:00:00,0.0,0.776306,0.6996558308601379,0.0031762481667101383,1.4741365909576416,0.302816778421402,1.0368907451629639
2016-07-21 13:00:00,0.0,0.73256624,0.48787251114845276,4.981213092803955,1.2231721878051758,0.45731011033058167,0.7617046236991882
2016-07-21 14:00:00,0.0,1.0382183,1.0953855514526367,4.032634735107422,1.7080119848251343,0.20424781739711761,0.23391905426979065
2016-07-21 15:00:00,0.0,2.6044116,3.1674764156341553,2.6491026878356934,2.1004254817962646,2.088866710662842,0.9990295171737671
2016-07-21 16:00:00,0.0,1.5177372,1.247388482093811,6.773674488067627,0.7154514193534851,1.2392810583114624,3.7171430587768555
2016-07-21 17:00:00,0.0,1.3990058,1.0491679906845093,0.002015147591009736,1.2821099758148193,2.383960485458374,2.3281757831573486
2016-07-21 18:00:00,0.0,0.8359867,0.794710099697113,0.3012385964393616,1.3675605058670044,0.27055269479751587,1.2765876054763794
2016-07-21 19:00:00,0.0,0.32497406,0.4298904836177826,1.2009657621383667,0.24950730800628662,0.020039275288581848,0.14218072593212128
2016-07-21 20:00:00,0.0,0.6765444,0.6731300354003906,1.0930076837539673,0.8621875047683716,0.2945151925086975,0.9365915656089783
2016-07-21 21:00:00,0.0,0.72295034,0.2601146399974823,0.340318500995636,3.177032470703125,0.29845336079597473,0.0438481867313385
2016-07-21 22:00:00,0.0,0.61382633,0.5105244517326355,0.061832182109355927,1.354764699935913,0.2989584505558014,0.6260125041007996
2016-07-21 23:00:00,0.0,0.66462946,0.7408514618873596,2.3282663822174072,0.23884570598602295,0.5075269341468811,0.8114390969276428
2016-07-22 00:00:00,0.0,0.5133616,0.40020081400871277,6.704920291900635,0.3023943603038788,0.11867004632949829,0.7043387293815613
2016-07-22 01:00:00,0.0,0.45760426,0.3916201591491699,2.73460054397583,0.7248560190200806,0.3163602352142334,0.06374657154083252
2016-07-22 02:00:00,0.0,2.4116554,0.4105987548828125,2.2290046215057373,10.110177040100098,2.925528049468994,0.09196619689464569
2016-07-22 03:00:00,0.0,0.393746,0.349163293838501,0.21929150819778442,0.3700568675994873,0.15323029458522797,1.1672143936157227
2016-07-22 04:00:00,0.0,3.4003189,3.7191669940948486,2.113245725631714,2.240262031555176,4.436446666717529,2.0258750915527344
2016-07-22 05:00:00,0.0,1.6927994,2.180619478225708,0.0002594224351923913,1.8650745153427124,0.5068485140800476,0.9629466533660889
2016-07-22 06:00:00,0.0,0.6612501,0.45972833037376404,0.10753735899925232,0.445117712020874,1.1727656126022339,1.4918889999389648
2016-07-22 07:00:00,0.0,1.2003597,0.8589169383049011,0.11664478480815887,0.27399376034736633,2.9373703002929688,2.1013169288635254
2016-07-22 08:00:00,0.0,1.9886032,1.35407555103302,0.04731547832489014,0.5094775557518005,6.31586217880249,1.2968549728393555
2016-07-22 09:00:00,0.0,0.6336959,0.46920183300971985,2.129298448562622,1.0577446222305298,0.3580932021141052,0.9869791865348816
2016-07-22 10:00:00,0.0,1.8783156,0.8511077761650085,0.8384867906570435,6.850855350494385,0.6184329390525818,1.804368019104004
2016-07-22 11:00:00,0.0,1.0958711,0.595595121383667,0.10946039110422134,0.6901192665100098,2.168273687362671,3.177492380142212
2016-07-22 12:00:00,0.0,0.81657284,0.8095738887786865,1.147797703742981,0.9665893912315369,0.707263171672821,0.7045235633850098
2016-07-22 13:00:00,0.0,2.0168107,2.2104883193969727,0.0026636787224560976,2.2008931636810303,1.3446147441864014,2.212477207183838
2016-07-22 14:00:00,0.0,5.288927,8.879220962524414,0.9045990109443665,1.0290062427520752,0.4805600643157959,0.7127569913864136
2016-07-22 15:00:00,0.0,3.0949488,5.039797782897949,4.967442512512207,0.6536634564399719,0.2604552209377289,0.1903412938117981
2016-07-22 16:00:00,0.0,1.3469563,1.6092783212661743,0.6133139729499817,2.288526773452759,0.11011011898517609,0.4731690585613251
2016-07-22 17:00:00,0.0,2.328439,2.9998579025268555,0.0338737778365612,0.8848347067832947,0.3992016911506653,4.7760419845581055
2016-07-22 18:00:00,0.0,0.40733212,0.15741880238056183,0.6455774307250977,0.26971426606178284,0.7819214463233948,1.4325510263442993
2016-07-22 19:00:00,0.0,0.6298252,0.4221426248550415,0.32411786913871765,0.44252628087997437,1.3813871145248413,0.9648861289024353
2016-07-22 20:00:00,0.0,0.51072747,0.1675085872411728,0.0008146017789840698,1.1460040807724,1.2711478471755981,0.25504887104034424
2016-07-22 21:00:00,0.0,1.8661593,1.9346184730529785,0.9713064432144165,1.5335686206817627,0.6610448956489563,4.370100975036621
2016-07-22 22:00:00,0.0,1.0536802,0.5284274220466614,1.8703752756118774,2.33258056640625,1.6732370853424072,0.6787235140800476
2016-07-22 23:00:00,0.0,6.0131125,5.02266263961792,0.0021983932238072157,3.2297756671905518,11.280598640441895,9.111281394958496
2016-07-23 00:00:00,0.0,6.4832716,2.1470584869384766,0.03121171146631241,4.695204734802246,20.27004051208496,13.115843772888184
2016-07-23 01:00:00,0.0,1.2434905,0.380745530128479,0.7518285512924194,0.8324972987174988,4.55151891708374,1.4730638265609741
2016-07-23 02:00:00,0.0,0.37094182,0.3236556351184845,0.0038937495555728674,0.33589115738868713,0.7509765028953552,0.14269869029521942
2016-07-23 03:00:00,0.0,2.5388527,1.1989697217941284,0.2848292887210846,10.260228157043457,0.2611634433269501,1.615207552909851
2016-07-23 04:00:00,0.0,0.9534496,0.39782989025115967,0.3991643488407135,0.40283656120300293,3.9103615283966064,0.21471531689167023
2016-07-23 05:00:00,0.0,0.31745085,0.33972203731536865,0.1185302808880806,0.2828874886035919,0.2984292805194855,0.3273271918296814
2016-07-23 06:00:00,0.0,0.3275881,0.23228931427001953,0.10110302269458771,0.30622193217277527,0.5247763395309448,0.6483138799667358
2016-07-23 07:00:00,0.0,0.23769186,0.27619943022727966,1.3268632888793945,0.10524918138980865,0.08046133816242218,0.24128147959709167
2016-07-23 08:00:00,0.0,1.6232561,2.0990054607391357,5.737569808959961,0.7498967051506042,0.6082608103752136,1.0448023080825806
2016-07-23 09:00:00,0.0,0.46850893,0.46203505992889404,1.5107985734939575,0.34408050775527954,0.6236906051635742,0.19296234846115112
2016-07-23 10:00:00,0.0,0.6976687,0.8285747170448303,3.1824285984039307,0.9266063570976257,0.04435884952545166,0.03369387611746788
2016-07-23 11:00:00,0.0,3.1745214,4.63865852355957,0.29284945130348206,3.376950979232788,0.09537331759929657,0.1443742960691452
2016-07-23 12:00:00,0.0,0.6936752,0.9014802575111389,1.9298838376998901,0.8078683614730835,0.06829909980297089,0.03236301243305206
2016-07-23 13:00:00,0.0,0.7405655,1.0683674812316895,0.44738414883613586,0.5703534483909607,0.21669816970825195,0.061687275767326355
2016-07-23 14:00:00,0.0,0.67950976,0.6027465462684631,1.362207293510437,0.6300274729728699,1.0190883874893188,0.4617454409599304
2016-07-23 15:00:00,0.0,1.078746,1.0041697025299072,2.2674429416656494,1.482598066329956,1.0953638553619385,0.4932076930999756
2016-07-23 16:00:00,0.0,2.3830302,3.071955680847168,4.210729598999023,2.3312089443206787,1.1461025476455688,0.04786171764135361
2016-07-23 17:00:00,0.0,1.8386635,2.470001220703125,1.8742233514785767,1.3975087404251099,0.9277356863021851,0.40789011120796204
2016-07-23 18:00:00,0.0,2.962701,3.642726182937622,0.5638453960418701,2.5379855632781982,1.1623996496200562,3.376044273376465
2016-07-23 19:00:00,0.0,0.36576995,0.36410436034202576,3.067734956741333,0.2654443085193634,0.17100335657596588,0.21668338775634766
2016-07-23 20:00:00,0.0,0.26308647,0.2944187819957733,0.5384488105773926,0.2388264685869217,0.1535894125699997,0.2403266727924347
2016-07-23 21:00:00,0.0,0.4846455,0.28572356700897217,0.46413037180900574,1.1494522094726562,0.6461971402168274,0.23717941343784332
2016-07-23 22:00:00,0.0,0.3672751,0.3564601242542267,3.5206499099731445,0.2650030553340912,0.22826829552650452,0.0660589411854744
2016-07-23 23:00:00,0.0,0.40616533,0.417917400598526,0.062330588698387146,0.481129914522171,0.43173232674598694,0.24568134546279907
2016-07-24 00:00:00,0.0,0.66362983,0.48024463653564453,0.0009988857200369239,0.5549798607826233,0.9985557198524475,1.5336161851882935
2016-07-24 01:00:00,0.0,0.65521055,0.6335613131523132,0.11585602909326553,0.3540259301662445,0.7220218777656555,1.3300977945327759
2016-07-24 02:00:00,0.0,0.4949308,0.5392720699310303,2.947511672973633,0.3351885676383972,0.203750342130661,0.4048529267311096
2016-07-24 03:00:00,0.0,0.77540076,0.520679235458374,1.6789206266403198,0.20249450206756592,2.4679739475250244,0.11843262612819672
2016-07-24 04:00:00,0.0,1.8326547,2.5501348972320557,1.3623149394989014,1.2597345113754272,0.7922936677932739,0.46860018372535706
2016-07-24 05:00:00,0.0,0.47845078,0.37729886174201965,0.4264223575592041,0.5896396636962891,0.7970290184020996,0.346277117729187
2016-07-24 06:00:00,0.0,1.6637224,2.0466907024383545,4.690989971160889,1.5771634578704834,0.9324353337287903,0.04032496362924576
2016-07-24 07:00:00,0.0,0.54888016,0.6227052807807922,0.7336223125457764,0.15883028507232666,0.4008101522922516,1.0014543533325195
2016-07-24 08:00:00,0.0,5.1569734,7.2769317626953125,0.00154454808216542,0.23451091349124908,6.294105529785156,0.3504055440425873
2016-07-24 09:00:00,0.0,0.4893391,0.5400920510292053,0.03162217140197754,0.47329220175743103,0.08042637258768082,1.042930245399475
2016-07-24 10:00:00,0.0,0.8301498,0.8518924117088318,0.004028972703963518,0.9213647842407227,0.5376037359237671,1.2585530281066895
2016-07-24 11:00:00,0.0,1.1345927,0.7493563294410706,0.012863868847489357,4.107494831085205,0.07698779553174973,0.37467247247695923
2016-07-24 12:00:00,0.0,0.29197156,0.4191589057445526,0.43697160482406616,0.08027064055204391,0.11824817210435867,0.16709010303020477
2016-07-24 13:00:00,0.0,0.7701976,0.9012219905853271,0.11148926615715027,0.14027801156044006,0.40528038144111633,1.889691710472107
2016-07-24 14:00:00,0.0,0.35599974,0.2667750120162964,0.4521370828151703,0.420523077249527,0.5237314701080322,0.46086758375167847
2016-07-24 15:00:00,0.0,2.0879354,3.092362403869629,1.7442090511322021,1.6490554809570312,0.200088769197464,0.219074547290802
2016-07-24 16:00:00,0.0,0.7059995,0.4143771231174469,0.2362249791622162,1.0796154737472534,0.7922310829162598,1.7684431076049805
2016-07-24 17:00:00,0.0,0.97716045,0.7559830546379089,0.011200334876775742,2.643286943435669,0.5700699090957642,0.3424017131328583
2016-07-24 18:00:00,0.0,0.52560973,0.3685239553451538,0.012777269817888737,0.902168869972229,0.7008756995201111,0.6306387782096863
2016-07-24 19:00:00,0.0,0.5720387,0.40289822220802307,0.0032099883537739515,0.9904363751411438,0.7915233373641968,0.6127954721450806
2016-07-24 20:00:00,0.0,0.39821962,0.3296663463115692,5.4810665460536256e-05,0.741862952709198,0.4065636098384857,0.2931022047996521
2016-07-24 21:00:00,0.0,0.63954353,0.3962452709674835,0.8024747967720032,1.3824154138565063,0.7777356505393982,0.5167378187179565
2016-07-24 22:00:00,0.0,1.696227,2.702064275741577,0.004953019320964813,0.8630638718605042,0.2385580986738205,0.09297539293766022
2016-07-24 23:00:00,0.0,0.64663506,0.6621671319007874,0.0733695775270462,0.9316549897193909,0.3351304233074188,0.743107259273529
2016-07-25 00:00:00,0.0,0.47584262,0.47519397735595703,0.1518314927816391,0.4448961615562439,0.6407366991043091,0.32632970809936523
2016-07-25 01:00:00,0.0,0.94485223,1.2509325742721558,3.6075339317321777,0.15619520843029022,0.19582632184028625,1.1336442232131958
2016-07-25 02:00:00,0.0,0.3510856,0.43174970149993896,0.02300320379436016,0.18907758593559265,0.20273330807685852,0.4922521114349365
2016-07-25 03:00:00,0.0,2.7379339,2.650745391845703,1.5900827646255493,1.1770334243774414,5.934375286102295,0.6858312487602234
2016-07-25 04:00:00,0.0,1.0406277,1.0678802728652954,0.39609217643737793,0.6499393582344055,1.464307427406311,0.9805113673210144
2016-07-25 05:00:00,0.0,1.1907909,1.7130669355392456,0.26372939348220825,0.9500406384468079,0.30643129348754883,0.25784218311309814
2016-07-25 06:00:00,0.0,0.8346465,0.5401231050491333,0.2528613805770874,0.8326627016067505,1.8929178714752197,0.8987309336662292
2016-07-25 07:00:00,0.0,0.9739442,0.6554394364356995,2.011045455932617,1.1796598434448242,1.1242425441741943,2.0026731491088867
2016-07-25 08:00:00,0.0,2.4042416,3.8149616718292236,0.9909223318099976,1.131020426750183,0.09379922598600388,0.5646604299545288
2016-07-25 09:00:00,0.0,0.29519516,0.3933383524417877,0.13219785690307617,0.08159635961055756,0.24774542450904846,0.2039198875427246
2016-07-25 10:00:00,0.0,0.5771003,0.3913814127445221,0.10568325221538544,1.9226864576339722,0.2106773853302002,0.09573159366846085
2016-07-25 11:00:00,0.0,0.9789974,0.7201147675514221,0.7172754406929016,0.9978366494178772,1.308341383934021,1.9884027242660522
2016-07-25 12:00:00,0.0,1.0443345,1.0648452043533325,0.2773953080177307,1.0475772619247437,0.17511582374572754,2.6284613609313965
2016-07-25 13:00:00,0.0,0.76893836,0.3792032301425934,5.070363521575928,0.6293002367019653,1.6013514995574951,0.8196367025375366
2016-07-25 14:00:00,0.0,0.6996574,0.3593619763851166,3.035324811935425,0.4192839562892914,1.8357667922973633,0.659975528717041
2016-07-25 15:00:00,0.0,2.689939,2.208244562149048,0.011772681027650833,4.8828301429748535,1.2632235288619995,4.908843040466309
2016-07-25 16:00:00,0.0,0.9076534,0.8709728717803955,0.19927306473255157,1.5050526857376099,0.2866099774837494,1.3462082147598267
2016-07-25 17:00:00,0.0,0.65781105,0.5960729718208313,0.009106507524847984,0.7098814845085144,0.8543371558189392,0.7553721070289612
2016-07-25 18:00:00,0.0,0.6335135,0.6438003778457642,0.07745155692100525,0.5559117197990417,0.3944728672504425,1.2649320363998413
2016-07-25 19:00:00,0.0,0.6575158,0.7255313396453857,2.789104700088501,0.4628646969795227,0.20658588409423828,0.8462918400764465
2016-07-25 20:00:00,0.0,0.539391,0.6650163531303406,2.695336103439331,0.29874715209007263,0.11365865170955658,0.41280999779701233
2016-07-25 21:00:00,0.0,4.330244,4.797469139099121,1.692610740661621,9.42521858215332,0.1269453465938568,0.6258695721626282
2016-07-25 22:00:00,0.0,1.4111509,1.4668205976486206,4.069158554077148,2.2115657329559326,0.29164472222328186,0.9710410833358765
2016-07-25 23:00:00,0.0,0.92983896,0.9542760252952576,2.491145610809326,1.0922231674194336,0.11371028423309326,1.5369420051574707
2016-07-26 00:00:00,0.0,0.5901502,0.7096843719482422,1.432016134262085,0.7177891731262207,0.03612766042351723,0.4086494445800781
2016-07-26 01:00:00,0.0,0.80130047,0.8335199952125549,4.3974690437316895,0.6347370147705078,0.30484539270401,0.8692240118980408
2016-07-26 02:00:00,0.0,2.1537874,1.8121329545974731,0.3354837894439697,5.16986608505249,0.36479219794273376,2.5108933448791504
2016-07-26 03:00:00,0.0,2.5839233,3.704287528991699,0.8119471073150635,1.9297388792037964,0.5038740038871765,1.089641809463501
2016-07-26 04:00:00,0.0,3.898394,5.865292072296143,0.005442931782454252,2.070106029510498,1.3418312072753906,0.7437320351600647
2016-07-26 05:00:00,0.0,0.59469986,0.48024389147758484,2.5262982845306396,0.4889717400074005,0.2756708264350891,1.5418606996536255
2016-07-26 06:00:00,0.0,1.811324,1.948238492012024,0.17116673290729523,0.356242835521698,2.7507174015045166,2.3023290634155273
2016-07-26 07:00:00,0.0,6.1611667,10.074087142944336,0.9032342433929443,1.58426833152771,0.6406188607215881,1.6686493158340454
2016-07-26 08:00:00,0.0,1.1039039,1.6453438997268677,0.046049367636442184,0.4107358753681183,0.6210485696792603,0.1777685433626175
2016-07-26 09:00:00,0.0,0.97043484,0.9926523566246033,1.2736382484436035,0.9265895485877991,1.2332842350006104,0.37807151675224304
2016-07-26 10:00:00,0.0,1.1764805,0.7507429122924805,5.88870096206665,2.6112143993377686,0.5491438508033752,1.1399054527282715
2016-07-26 11:00:00,0.0,1.1055944,0.8340530395507812,5.095216751098633,2.7585108280181885,0.32620686292648315,0.20876047015190125
2016-07-26 12:00:00,0.0,0.4178702,0.143249049782753,3.2663803100585938,0.6697106957435608,0.7407335638999939,0.34773725271224976
2016-07-26 13:00:00,0.0,0.776717,0.9668622016906738,2.142051935195923,0.4056702256202698,0.6279173493385315,0.204243004322052
2016-07-26 14:00:00,0.0,2.1776433,2.0586633682250977,1.306885004043579,0.7192638516426086,5.295335292816162,0.20541474223136902
2016-07-26 15:00:00,0.0,1.6247678,0.4495501220226288,0.04075188189744949,5.014777660369873,2.695869207382202,1.2651339769363403
2016-07-26 16:00:00,0.0,1.070179,1.0721778869628906,0.28519612550735474,0.7792314887046814,1.2851766347885132,1.3873436450958252
2016-07-26 17:00:00,0.0,0.7970202,1.3038591146469116,0.11714346706867218,0.21917878091335297,0.11045057326555252,0.13867606222629547
2016-07-26 18:00:00,0.0,1.0408033,1.066137671470642,0.5596354007720947,0.8932269811630249,1.0927443504333496,1.176448941230774
2016-07-26 19:00:00,0.0,3.1793327,5.341833114624023,1.9894243478775024,0.3113069236278534,0.319233238697052,0.526030957698822
2016-07-26 20:00:00,0.0,1.2482477,1.8279143571853638,0.03220781311392784,0.17789390683174133,0.3074150085449219,1.5938334465026855
2016-07-26 21:00:00,0.0,0.40513167,0.42018482089042664,0.007949858903884888,0.9678965210914612,0.05192437395453453,0.047382652759552
2016-07-26 22:00:00,0.0,0.75785625,0.7084472179412842,2.2169318199157715,0.7332287430763245,0.36724451184272766,1.4162102937698364
2016-07-26 23:00:00,0.0,0.4967292,0.5871174931526184,2.3712644577026367,0.09545893222093582,0.35461798310279846,0.4366832971572876
2016-07-27 00:00:00,0.0,0.48115975,0.5071197748184204,0.22034543752670288,0.5013770461082458,0.28209051489830017,0.7035937309265137
2016-07-27 01:00:00,0.0,0.5134804,0.6683667302131653,0.7603431940078735,0.32126012444496155,0.06284116208553314,0.6474512815475464
2016-07-27 02:00:00,0.0,1.1733518,0.9700518250465393,1.761414885520935,2.5879745483398438,0.32752808928489685,1.2507377862930298
2016-07-27 03:00:00,0.0,0.9330532,0.5357033610343933,0.8093672394752502,0.45222288370132446,2.699066638946533,1.0990034341812134
2016-07-27 04:00:00,0.0,0.2894325,0.30024734139442444,2.242910861968994,0.11921167373657227,0.16466033458709717,0.25241172313690186
2016-07-27 05:00:00,0.0,1.7623516,2.338409185409546,2.9383385181427,1.1072256565093994,0.9817032814025879,0.5246152281761169
2016-07-27 06:00:00,0.0,0.5593769,0.8251891732215881,1.625792947379523e-06,0.2262687236070633,0.32812097668647766,0.09198392182588577
2016-07-27 07:00:00,0.0,0.38424549,0.43823012709617615,1.6828526258468628,0.23373769223690033,0.25251883268356323,0.22959661483764648
2016-07-27 08:00:00,0.0,0.39414427,0.3668656051158905,0.17515908181667328,0.2215600311756134,0.7433294057846069,0.30351147055625916
2016-07-27 09:00:00,0.0,0.84331554,0.49136582016944885,1.6117116212844849,0.07327098399400711,3.082582950592041,0.1917736977338791
2016-07-27 10:00:00,0.0,0.86234707,0.2581072151660919,4.976942539215088,2.2997028827667236,1.3631738424301147,0.06731894612312317
2016-07-27 11:00:00,0.0,0.8155027,0.43755170702934265,3.0533909797668457,0.7224331498146057,1.7438815832138062,1.0619443655014038
2016-07-27 12:00:00,0.0,1.7827471,2.640289068222046,0.12815900146961212,1.3228658437728882,0.4718383848667145,0.15002281963825226
2016-07-27 13:00:00,0.0,0.2970762,0.2754591405391693,0.14555934071540833,0.1448449343442917,0.49857014417648315,0.3784477710723877
2016-07-27 14:00:00,0.0,3.051515,4.449483871459961,0.47776100039482117,2.809741497039795,0.19915972650051117,0.7218680381774902
2016-07-27 15:00:00,0.0,0.5632549,0.5089080929756165,1.103122591972351,0.709810733795166,0.3164003789424896,0.9298908114433289
2016-07-27 16:00:00,0.0,0.42757958,0.2562938928604126,0.46973422169685364,0.9957667589187622,0.49055272340774536,0.3402239978313446
2016-07-27 17:00:00,0.0,0.7810102,0.3981008529663086,0.014623267576098442,0.34668877720832825,2.653172016143799,0.7538408637046814
2016-07-27 18:00:00,0.0,0.36940005,0.31256911158561707,0.6800070405006409,0.1462090164422989,0.7822720408439636,0.30079203844070435
2016-07-27 19:00:00,0.0,0.45296398,0.45769646763801575,1.0851093530654907,0.5877160429954529,0.20720970630645752,0.46078673005104065
2016-07-27 20:00:00,0.0,0.56110775,0.340344101190567,0.20729225873947144,0.3828740417957306,1.6987863779067993,0.2951153814792633
2016-07-27 21:00:00,0.0,0.45054972,0.2599705755710602,1.512480594101362e-06,0.672653317451477,0.9159016609191895,0.5036143064498901
2016-07-27 22:00:00,0.0,1.3510671,0.3413032293319702,0.16992579400539398,6.386714935302734,0.5802321434020996,0.24151314795017242
2016-07-27 23:00:00,0.0,0.48669052,0.30687204003334045,1.1956576108932495,0.8429350256919861,0.8269596099853516,0.16946104168891907
2016-07-28 00:00:00,0.0,0.47804958,0.37626203894615173,1.1988188028335571,0.9293285608291626,0.2507864236831665,0.5165549516677856
2016-07-28 01:00:00,0.0,0.28452933,0.2155018001794815,4.390822887420654,0.10924414545297623,0.17536817491054535,0.16990239918231964
2016-07-28 02:00:00,0.0,0.8481596,1.261600136756897,0.9711576104164124,0.3372983932495117,0.23755843937397003,0.2993253469467163
2016-07-28 03:00:00,0.0,1.2707902,0.2963170111179352,0.7811880707740784,5.946341514587402,0.6950629949569702,0.06533732265233994
2016-07-28 04:00:00,0.0,1.5771625,1.3667216300964355,0.22156323492527008,0.37754541635513306,3.6526968479156494,1.6458526849746704
2016-07-28 05:00:00,0.0,1.5012615,1.5574945211410522,0.562550961971283,1.0442208051681519,0.3842790722846985,4.153083801269531
2016-07-28 06:00:00,0.0,1.3479677,1.4980388879776,1.6980174779891968,0.6199200749397278,2.0547213554382324,0.3972926139831543
2016-07-28 07:00:00,0.0,0.37408128,0.4713994264602661,1.3227508068084717,0.2046929895877838,0.16201476752758026,0.2205507457256317
2016-07-28 08:00:00,0.0,2.7397888,4.517389297485352,2.944899559020996,0.25578323006629944,0.24981273710727692,0.7273768782615662
2016-07-28 09:00:00,0.0,2.247445,3.284785032272339,5.216264247894287,1.0090501308441162,0.5176652669906616,0.4755045473575592
2016-07-28 10:00:00,0.0,3.6222272,4.315383434295654,2.835542917251587,2.1483383178710938,0.17625761032104492,8.269712448120117
2016-07-28 11:00:00,0.0,1.1594447,0.8945301175117493,0.9507701992988586,2.9118034839630127,0.11425115168094635,1.5635597705841064
2016-07-28 12:00:00,0.0,1.1017735,0.9128146171569824,0.17766942083835602,1.4077157974243164,1.4134513139724731,1.385717511177063
2016-07-28 13:00:00,0.0,1.1146334,0.9699460864067078,0.8052088618278503,1.3780219554901123,1.3629810810089111,1.1645753383636475
2016-07-28 14:00:00,0.0,1.4543474,1.441597819328308,1.6057695150375366,1.019584059715271,1.261466383934021,2.591367244720459
2016-07-28 15:00:00,0.0,0.42576656,0.24087190628051758,0.03882100433111191,1.2585716247558594,0.3420484662055969,0.32096874713897705
2016-07-28 16:00:00,0.0,1.0513203,0.45426467061042786,0.2687448561191559,4.504964351654053,0.02479388937354088,0.5818415284156799
2016-07-28 17:00:00,0.0,0.40235558,0.26684531569480896,0.004008175805211067,1.1277424097061157,0.21409495174884796,0.3750334084033966
2016-07-28 18:00:00,0.0,0.43648922,0.2788262963294983,0.9135099649429321,0.7233748435974121,0.3953016400337219,0.8332406282424927
2016-07-28 19:00:00,0.0,0.8805646,0.9225055575370789,2.82867169380188,0.6429616808891296,0.4928831458091736,1.2361387014389038
2016-07-28 20:00:00,0.0,1.2493136,1.4415746927261353,2.8508245944976807,0.4556708037853241,0.8406956791877747,1.7993251085281372
2016-07-28 21:00:00,0.0,1.9634153,2.7815964221954346,1.3992936611175537,1.6463301181793213,0.38878583908081055,0.5058606863021851
2016-07-28 22:00:00,0.0,0.691466,0.4622831642627716,0.4968816041946411,1.1085829734802246,1.165781021118164,0.5552030205726624
2016-07-28 23:00:00,0.0,1.3814464,1.0598939657211304,0.32271963357925415,0.7753661274909973,3.137681245803833,1.56267249584198
2016-07-29 00:00:00,0.0,0.7741841,0.9752964973449707,0.4083508849143982,0.4909185767173767,0.5325721502304077,0.5775066018104553
2016-07-29 01:00:00,0.0,0.5517099,0.5340674519538879,2.0946335792541504,0.43825289607048035,0.5543409585952759,0.4657788574695587
2016-07-29 02:00:00,0.0,0.6748268,0.8165760040283203,0.4505726397037506,0.44229504466056824,0.33879655599594116,0.8753778338432312
2016-07-29 03:00:00,0.0,2.9469087,1.8346260786056519,0.010200371965765953,9.89414119720459,0.12824976444244385,3.1297783851623535
2016-07-29 04:00:00,0.0,1.474713,1.4164618253707886,2.738227367401123,1.5287209749221802,0.8872567415237427,2.441875457763672
2016-07-29 05:00:00,0.0,1.1097604,1.1428030729293823,0.03329337015748024,1.06833016872406,1.176905870437622,1.1356199979782104
2016-07-29 06:00:00,0.0,0.23242179,0.2682980000972748,0.005975112318992615,0.08568736165761948,0.1432892233133316,0.48654335737228394
2016-07-29 07:00:00,0.0,0.37684143,0.27295002341270447,1.22175133228302,0.17018617689609528,0.6936455965042114,0.5962021350860596
2016-07-29 08:00:00,0.0,0.6650744,0.4766581952571869,0.5558149814605713,0.20428483188152313,2.015458345413208,0.26609712839126587
2016-07-29 09:00:00,0.0,2.6576893,3.0054714679718018,2.1979308128356934,0.7938050627708435,4.25606632232666,1.150573968887329
2016-07-29 10:00:00,0.0,0.8140468,0.5228191018104553,0.05336284637451172,0.9662168622016907,2.1334047317504883,0.17641009390354156
2016-07-29 11:00:00,0.0,3.0438325,3.4503233432769775,1.3174971342086792,5.77501916885376,0.45053625106811523,0.795157790184021
2016-07-29 12:00:00,0.0,0.7416615,0.565585196018219,0.017947589978575706,1.2197624444961548,1.1960943937301636,0.34711363911628723
2016-07-29 13:00:00,0.0,1.3446935,1.3863900899887085,1.5811983346939087,1.9415887594223022,0.28474220633506775,1.845736026763916
2016-07-29 14:00:00,0.0,0.43680072,0.36424604058265686,0.8682618737220764,0.6704064607620239,0.5063877105712891,0.23367595672607422
2016-07-29 15:00:00,0.0,0.5137166,0.45668140053749084,2.263216018676758,0.4897262454032898,0.19918036460876465,1.0109745264053345
2016-07-29 16:00:00,0.0,0.5848759,0.3982052803039551,0.2783438563346863,1.4928549528121948,0.44549474120140076,0.436487078666687
2016-07-29 17:00:00,0.0,0.8623564,0.4501682221889496,2.499293327331543,0.3403506875038147,2.7044448852539062,0.6161059737205505
2016-07-29 18:00:00,0.0,0.6584671,0.42940661311149597,0.00026470760349184275,0.4931904673576355,1.0996757745742798,1.7144992351531982
2016-07-29 19:00:00,0.0,1.4754825,0.84169602394104,0.4470313787460327,0.2890947163105011,5.499253273010254,0.5698931813240051
2016-07-29 20:00:00,0.0,0.5308495,0.5791952610015869,0.48852473497390747,0.4806840419769287,0.5090773105621338,0.37724703550338745
2016-07-29 21:00:00,0.0,0.49623087,0.587992787361145,0.4078778624534607,0.31186431646347046,0.5871220827102661,0.13132983446121216
2016-07-29 22:00:00,0.0,0.9884827,0.7192566990852356,0.004377456847578287,2.4419174194335938,0.783941924571991,0.6643006205558777
2016-07-29 23:00:00,0.0,0.25005123,0.39941170811653137,0.05498363822698593,0.07652097195386887,0.06149466708302498,0.03630713373422623
2016-07-30 00:00:00,0.0,0.8359713,0.5749619603157043,0.3197718858718872,0.8786779642105103,1.0831433534622192,2.0237908363342285
2016-07-30 01:00:00,0.0,0.24191737,0.2645769417285919,0.05884743481874466,0.3067261874675751,0.1564403474330902,0.1878969818353653
2016-07-30 02:00:00,0.0,0.4392692,0.3522202968597412,0.5832536220550537,0.6649759411811829,0.3453386127948761,0.6949588060379028
2016-07-30 03:00:00,0.0,2.4570184,2.108593225479126,1.0625721216201782,5.179062843322754,2.238527297973633,0.514960765838623
2016-07-30 04:00:00,0.0,0.7757699,0.7789280414581299,0.47401562333106995,0.7430949807167053,0.8596926331520081,0.7425762414932251
2016-07-30 05:00:00,0.0,0.3564768,0.2667640149593353,1.681053638458252,0.5931724309921265,0.3729167580604553,0.12062232941389084
2016-07-30 06:00:00,0.0,0.26567373,0.3728513717651367,0.14571930468082428,0.2696846127510071,0.031231900677084923,0.05585051700472832
2016-07-30 07:00:00,0.0,1.7664293,2.4098880290985107,0.26458537578582764,0.9728209376335144,0.12427013367414474,2.543731212615967
2016-07-30 08:00:00,0.0,1.0937533,1.4381595849990845,1.6172758340835571,0.873607337474823,0.5037075281143188,0.3142719268798828
2016-07-30 09:00:00,0.0,1.2380574,0.7670744061470032,0.021663544699549675,0.060743339359760284,4.796432971954346,0.20119599997997284
2016-07-30 10:00:00,0.0,0.6620976,0.8742929100990295,1.817777956603095e-05,0.6342396140098572,0.23217971622943878,0.35555219650268555
2016-07-30 11:00:00,0.0,1.4159888,2.136308193206787,0.019560787826776505,0.9324251413345337,0.29528555274009705,0.25064465403556824
2016-07-30 12:00:00,0.0,0.4466985,0.6077819466590881,0.0838191881775856,0.29052215814590454,0.10719158500432968,0.4383627474308014
2016-07-30 13:00:00,0.0,0.27972886,0.2890439033508301,0.3928891718387604,0.14411742985248566,0.24335046112537384,0.49653083086013794
2016-07-30 14:00:00,0.0,0.22610229,0.08050037920475006,0.8317897319793701,0.16883741319179535,0.5509793162345886,0.4799705743789673
2016-07-30 15:00:00,0.0,1.6996341,2.584379196166992,0.19345149397850037,1.0359963178634644,0.07546424120664597,0.7713699340820312
2016-07-30 16:00:00,0.0,1.3713932,0.6358776092529297,0.05900309607386589,3.3378965854644775,1.9661616086959839,1.6303578615188599
2016-07-30 17:00:00,0.0,1.3227128,1.1619857549667358,0.0268611591309309,0.4129447042942047,2.0850613117218018,2.869022846221924
2016-07-30 18:00:00,0.0,1.281235,1.6091276407241821,1.8941371440887451,1.6238645315170288,0.14656488597393036,0.5467260479927063
2016-07-30 19:00:00,0.0,0.89525366,0.8390119075775146,0.007256854325532913,1.2508752346038818,0.2787799537181854,1.9111944437026978
2016-07-30 20:00:00,0.0,0.22076824,0.1778760552406311,0.03630925714969635,0.43318361043930054,0.11139742285013199,0.34390804171562195
2016-07-30 21:00:00,0.0,0.25331113,0.16098983585834503,0.011662384495139122,0.17303340137004852,0.5307413935661316,0.5226342678070068
2016-07-30 22:00:00,0.0,0.35752463,0.10112011432647705,0.3355267345905304,1.4737955331802368,0.20381192862987518,0.21697402000427246
2016-07-30 23:00:00,0.0,0.30470878,0.18374407291412354,3.637971878051758,0.3210165798664093,0.3261168897151947,0.1311780959367752
2016-07-31 00:00:00,0.0,1.5581473,2.353398084640503,0.6826943755149841,0.30715614557266235,0.24345643818378448,1.4954502582550049
2016-07-31 01:00:00,0.0,0.4028,0.33452072739601135,0.48351144790649414,0.3762189447879791,0.6754031777381897,0.3617591857910156
2016-07-31 02:00:00,0.0,0.41448766,0.24155540764331818,0.0678706169128418,0.3790634572505951,1.1261038780212402,0.3553996682167053
2016-07-31 03:00:00,0.0,1.0231472,0.38651445508003235,0.04501963406801224,3.682096242904663,1.0692651271820068,0.353607714176178
2016-07-31 04:00:00,0.0,0.91420406,1.094208836555481,2.5642147064208984,0.8293781280517578,0.5174650549888611,0.264412522315979
2016-07-31 05:00:00,0.0,1.059126,0.8361685276031494,0.6073415875434875,0.7446772456169128,2.5373423099517822,0.4732244610786438
2016-07-31 06:00:00,0.0,2.1683588,2.7999937534332275,0.46882015466690063,0.46695560216903687,0.30305176973342896,5.045176029205322
2016-07-31 07:00:00,0.0,0.740265,0.6395708918571472,0.2910993695259094,0.9237598180770874,0.8447222709655762,0.9528056979179382
2016-07-31 08:00:00,0.0,1.0184622,0.847818911075592,4.079072952270508,0.415519654750824,2.1072793006896973,0.42688921093940735
2016-07-31 09:00:00,0.0,2.6364892,2.9422810077667236,1.1606355905532837,1.0090582370758057,3.981116533279419,1.6656079292297363
2016-07-31 10:00:00,0.0,0.6000006,0.8050526976585388,0.4307370185852051,0.45552507042884827,0.1351180523633957,0.478381484746933
2016-07-31 11:00:00,0.0,1.1342964,0.6840144991874695,0.010451256297528744,3.6831626892089844,0.2641516625881195,1.1791859865188599
2016-07-31 12:00:00,0.0,0.54211843,0.67136150598526,0.2520792484283447,0.35554003715515137,0.22046341001987457,0.7285785675048828
2016-07-31 13:00:00,0.0,0.5975346,0.6655403971672058,0.22836850583553314,0.36524197459220886,0.506758451461792,0.8471616506576538
2016-07-31 14:00:00,0.0,0.35194302,0.2356100231409073,0.44080063700675964,0.2970011532306671,0.1146504282951355,1.5391371250152588
2016-07-31 15:00:00,0.0,0.33516654,0.35242071747779846,0.00592314125970006,0.6183657050132751,0.013769262470304966,0.38079893589019775
2016-07-31 16:00:00,0.0,0.5515456,0.5485014319419861,0.005964807700365782,1.2716947793960571,0.20565970242023468,0.05124546214938164
2016-07-31 17:00:00,0.0,0.59104735,0.39573076367378235,2.730201482772827,1.6077959537506104,0.23959127068519592,0.06389718502759933
2016-07-31 18:00:00,0.0,0.47259864,0.29814499616622925,0.18545211851596832,1.0965527296066284,0.2845751941204071,0.8282286524772644
2016-07-31 19:00:00,0.0,0.45041746,0.3219395577907562,0.0009577498422004282,1.0299370288848877,0.29359865188598633,0.5939232707023621
2016-07-31 20:00:00,0.0,1.2024285,1.2334884405136108,0.36156585812568665,0.5158312916755676,1.070171594619751,2.6592788696289062
2016-07-31 21:00:00,0.0,0.6022133,0.6163941025733948,0.014038600027561188,0.5489000678062439,0.375629186630249,1.153992772102356
2016-07-31 22:00:00,0.0,1.7475419,0.7835914492607117,0.15637381374835968,4.0907368659973145,3.0575835704803467,1.535871148109436
2016-07-31 23:00:00,0.0,1.0652114,0.9139618873596191,0.6533482670783997,1.4036245346069336,1.0198551416397095,1.5628249645233154
2016-01-08 00:00:00,0.0,0.6278153,0.32781726121902466,0.0067185997031629086,1.0081579685211182,1.422110676765442,0.5274614095687866
2016-01-08 01:00:00,0.0,0.6392667,0.2906067669391632,0.007124027702957392,0.3266250789165497,1.990368127822876,1.071958065032959
2016-01-08 02:00:00,0.0,2.3562794,1.9550861120224,0.49333569407463074,0.37650734186172485,5.270759582519531,3.5934362411499023
2016-01-08 03:00:00,0.0,1.8144153,0.926374614238739,1.3794173002243042,0.5759910941123962,6.829272747039795,0.6426506638526917
2016-01-08 04:00:00,0.0,1.1162783,1.1118372678756714,0.08216807246208191,1.5118459463119507,0.3803504407405853,1.9970829486846924
2016-01-08 05:00:00,0.0,1.5372852,2.209383726119995,0.9551525712013245,0.8987417817115784,0.616517186164856,0.3790230453014374
2016-01-08 06:00:00,0.0,1.5053871,1.851610541343689,1.3803510665893555,0.05452536419034004,0.3656240403652191,3.9928977489471436
2016-01-08 07:00:00,0.0,0.73108196,0.9887217879295349,2.8315443992614746,0.34368643164634705,0.19708490371704102,0.2725646197795868
2016-01-08 08:00:00,0.0,0.41867727,0.615778386592865,0.7146865725517273,0.22156713902950287,0.11392160505056381,0.04033293202519417
2016-01-08 09:00:00,0.0,0.27205,0.31968453526496887,1.3217182159423828,0.11593173444271088,0.17444297671318054,0.167844757437706
2016-01-08 10:00:00,0.0,2.058268,2.872746706008911,1.3190687894821167,0.20531593263149261,0.9038901329040527,2.6190240383148193
2016-01-08 11:00:00,0.0,3.641855,6.0432448387146,1.5450474165845662e-05,1.427274465560913,0.15524518489837646,0.12105412781238556
2016-01-08 12:00:00,0.0,0.450657,0.33458003401756287,1.771166205406189,0.4378681182861328,0.7024675011634827,0.39870432019233704
2016-01-08 13:00:00,0.0,0.29751843,0.2348908632993698,0.012314919382333755,0.11497063934803009,0.43463462591171265,0.8240903615951538
2016-01-08 14:00:00,0.0,0.20389703,0.1661195009946823,0.018883243203163147,0.3420681953430176,0.11321159452199936,0.393715500831604
2016-01-08 15:00:00,0.0,0.939167,1.1896556615829468,0.08900825679302216,1.036721110343933,0.29090046882629395,0.6125206351280212
2016-01-08 16:00:00,0.0,1.8356831,0.6307207942008972,0.29630523920059204,3.503068208694458,3.8668441772460938,2.977844476699829
2016-01-08 17:00:00,0.0,0.3669969,0.23442687094211578,0.005366447381675243,0.27954649925231934,0.6965667009353638,0.8291162848472595
2016-01-08 18:00:00,0.0,0.5645606,0.47960230708122253,1.3019866943359375,0.7794238924980164,0.8245444893836975,0.05897172540426254
2016-01-08 19:00:00,0.0,1.0529369,1.415148138999939,1.9827537536621094,0.9424106478691101,0.33732524514198303,0.09295604377985
2016-01-08 20:00:00,0.0,1.2479056,1.7248672246932983,2.666700839996338,0.6453887224197388,0.4182806611061096,0.5376861095428467
2016-01-08 21:00:00,0.0,0.6018202,0.647487461566925,2.2569971084594727,0.36577579379081726,0.57500159740448,0.374033123254776
2016-01-08 22:00:00,0.0,2.3026469,2.2803637981414795,0.39745065569877625,5.016578674316406,1.1266340017318726,0.22128337621688843
2016-01-08 23:00:00,0.0,3.113871,2.3768069744110107,0.25590020418167114,1.819900393486023,6.007688999176025,5.451016426086426
2016-02-08 00:00:00,0.0,1.2352837,0.8159056305885315,0.009152524173259735,0.7666634917259216,2.804875135421753,2.1313862800598145
2016-02-08 01:00:00,0.0,0.5738717,0.49358701705932617,3.26729416847229,0.5879329442977905,0.14619724452495575,1.1060477495193481
2016-02-08 02:00:00,0.0,0.86216086,0.5730888247489929,0.287651389837265,1.17437744140625,0.7986289858818054,2.305023431777954
2016-02-08 03:00:00,0.0,1.7751291,1.903622031211853,0.2565436363220215,1.535420536994934,1.6190930604934692,2.07637095451355
2016-02-08 04:00:00,0.0,0.41313618,0.5722991824150085,0.07933834195137024,0.16614142060279846,0.3123936653137207,0.15014831721782684
2016-02-08 05:00:00,0.0,0.36464417,0.329096257686615,0.39610645174980164,0.3087084889411926,0.5973991751670837,0.26063230633735657
2016-02-08 06:00:00,0.0,1.2664862,0.4455687701702118,0.02294500730931759,0.2884133756160736,5.653395652770996,0.5374124646186829
2016-02-08 07:00:00,0.0,0.38769212,0.30342987179756165,0.02098444476723671,0.2670365869998932,0.41249188780784607,1.152689814567566
2016-02-08 08:00:00,0.0,0.24543895,0.3742448389530182,0.10208190232515335,0.11731366813182831,0.019704148173332214,0.12769782543182373
2016-02-08 09:00:00,0.0,1.3125268,1.9777464866638184,0.23555967211723328,0.46587398648262024,0.6061931848526001,0.30817851424217224
2016-02-08 10:00:00,0.0,1.7844597,1.3962715864181519,0.004481023643165827,0.24275222420692444,5.891610145568848,0.06905706971883774
2016-02-08 11:00:00,0.0,3.381293,3.3900585174560547,3.464538335800171,5.949406147003174,2.3335444927215576,0.6472488641738892
2016-02-08 12:00:00,0.0,0.82339644,0.7610485553741455,0.0019147510174661875,1.5182567834854126,0.33282020688056946,1.0453566312789917
2016-02-08 13:00:00,0.0,0.6983231,0.7863339781761169,0.059418436139822006,0.9060916304588318,0.06710100173950195,1.0710269212722778
2016-02-08 14:00:00,0.0,0.36131755,0.37107786536216736,0.842482328414917,0.2911475598812103,0.21198031306266785,0.5666016340255737
2016-02-08 15:00:00,0.0,0.6639048,0.5359622836112976,0.34030628204345703,0.8017353415489197,0.7559683918952942,1.1101447343826294
2016-02-08 16:00:00,0.0,2.3192182,1.8585339784622192,0.4609815776348114,5.499478340148926,2.1499130725860596,0.2787114381790161
2016-02-08 17:00:00,0.0,1.0681233,0.6228670477867126,0.7976270914077759,0.8297273516654968,2.7823662757873535,1.2245523929595947
2016-02-08 18:00:00,0.0,1.1728861,1.41730797290802,0.08888790756464005,0.27889153361320496,0.3946828246116638,2.9037022590637207
2016-02-08 19:00:00,0.0,0.28570613,0.3802049458026886,0.0007709313649684191,0.14514030516147614,0.05169392377138138,0.44545847177505493
2016-02-08 20:00:00,0.0,0.21371873,0.19105589389801025,0.361501008272171,0.3856844902038574,0.21096301078796387,0.016632424667477608
2016-02-08 21:00:00,0.0,0.34619334,0.41144922375679016,0.029434382915496826,0.3404270112514496,0.3189234733581543,0.0916614681482315
2016-02-08 22:00:00,0.0,0.8864,0.5339924693107605,0.14647674560546875,3.2465415000915527,0.18480350077152252,0.2833728492259979
2016-02-08 23:00:00,0.0,0.44884837,0.49341046810150146,0.19584785401821136,0.7483600378036499,0.0490475632250309,0.4202324450016022
2016-03-08 00:00:00,0.0,0.8243513,0.8482721447944641,0.6242126226425171,0.4299660623073578,1.0882385969161987,0.9592323303222656
2016-03-08 01:00:00,0.0,0.4181291,0.36185455322265625,0.1525857150554657,0.36223918199539185,0.7608880400657654,0.3201412260532379
2016-03-08 02:00:00,0.0,0.5602284,0.47753074765205383,1.5280956029891968,0.5411909818649292,0.7079179883003235,0.5893057584762573
2016-03-08 03:00:00,0.0,1.6272702,0.8660957217216492,2.9597351236532177e-09,3.8315932750701904,2.74664306640625,0.784666895866394
2016-03-08 04:00:00,0.0,0.857694,0.8558220863342285,1.6595509052276611,0.9498094916343689,1.0317765474319458,0.20261597633361816
2016-03-08 05:00:00,0.0,0.5135865,0.40312397480010986,0.5911692976951599,0.4208417236804962,1.0086630582809448,0.4528856873512268
2016-03-08 06:00:00,0.0,0.591805,0.5890455842018127,2.426703929901123,0.5112625360488892,0.17946521937847137,1.0121803283691406
2016-03-08 07:00:00,0.0,0.63263214,0.7922477126121521,3.7570884227752686,0.34898871183395386,0.10268628597259521,0.31760603189468384
2016-03-08 08:00:00,0.0,0.47012258,0.48378387093544006,0.38766777515411377,0.27368268370628357,0.6644510626792908,0.41246312856674194
2016-03-08 09:00:00,0.0,1.7327304,1.0043433904647827,5.4517059326171875,0.5912395119667053,5.563424587249756,0.46720385551452637
2016-03-08 10:00:00,0.0,0.9374695,0.7270853519439697,0.3254627585411072,0.6003300547599792,2.2665088176727295,0.6169506311416626
2016-03-08 11:00:00,0.0,1.8284701,2.529576539993286,1.1575409173965454,1.7317248582839966,0.19723448157310486,0.8135299682617188
2016-03-08 12:00:00,0.0,1.1442899,1.3858909606933594,7.288236141204834,0.6541153192520142,0.2562922537326813,0.570496678352356
2016-03-08 13:00:00,0.0,0.7975433,0.7504759430885315,2.1712753772735596,0.8606593012809753,0.4028666615486145,1.3167448043823242
2016-03-08 14:00:00,0.0,3.0204313,4.049464702606201,2.2851717472076416,1.4781898260116577,0.789315402507782,3.6334140300750732
2016-03-08 15:00:00,0.0,3.283134,4.754014492034912,4.458178997039795,2.7578558921813965,0.4054667055606842,0.11924877017736435
2016-03-08 16:00:00,0.0,0.9539937,0.2851044833660126,4.114813804626465,4.22089147567749,0.06330514699220657,0.018757307901978493
2016-03-08 17:00:00,0.0,0.89856815,0.413822203874588,0.17674347758293152,0.5559968948364258,3.395216464996338,0.2178649753332138
2016-03-08 18:00:00,0.0,0.23789592,0.20561575889587402,0.018237613141536713,0.24234077334403992,0.3823893666267395,0.22584928572177887
2016-03-08 19:00:00,0.0,1.6538813,1.2527045011520386,0.09327296167612076,0.6425333023071289,4.852402210235596,0.6235393285751343
2016-03-08 20:00:00,0.0,1.1314452,1.3270787000656128,2.4795796871185303,0.41668835282325745,0.655152440071106,1.7049460411071777
2016-03-08 21:00:00,0.0,1.9369024,1.9745688438415527,0.5483400225639343,1.2396013736724854,1.5863875150680542,3.8917200565338135
2016-03-08 22:00:00,0.0,0.85793763,0.6118928790092468,0.6881765127182007,1.2694647312164307,1.2486904859542847,0.9726567268371582
2016-03-08 23:00:00,0.0,1.1519861,1.2845879793167114,0.3892360329627991,1.035645842552185,1.2161171436309814,0.6384285092353821
2016-04-08 00:00:00,0.0,1.7535208,1.7453511953353882,0.007437215652316809,1.1527284383773804,2.4432473182678223,2.0834245681762695
2016-04-08 01:00:00,0.0,0.47808868,0.5977185368537903,0.001338054658845067,0.39755135774612427,0.22711384296417236,0.45964425802230835
2016-04-08 02:00:00,0.0,0.39324543,0.44590505957603455,0.5380815267562866,0.32304486632347107,0.18251276016235352,0.5327116847038269
2016-04-08 03:00:00,0.0,2.8282912,3.801910638809204,3.0248587131500244,2.276501178741455,0.5227261185646057,1.9378013610839844
2016-04-08 04:00:00,0.0,1.5884914,1.768668293952942,0.11859828978776932,1.7821918725967407,0.6408630609512329,2.194279193878174
2016-04-08 05:00:00,0.0,1.3171909,1.5352897644042969,0.1356164962053299,0.719732403755188,0.8306713104248047,2.2009544372558594
2016-04-08 06:00:00,0.0,0.68934345,0.3102007210254669,0.08502096682786942,0.08010804653167725,2.9216580390930176,0.2748916447162628
2016-04-08 07:00:00,0.0,0.26921484,0.38829514384269714,0.02358831837773323,0.1371917873620987,0.14158102869987488,0.07053946703672409
2016-04-08 08:00:00,0.0,0.7354292,1.0284749269485474,1.8652770519256592,0.45528486371040344,0.1686898022890091,0.1767382174730301
2016-04-08 09:00:00,0.0,0.7930009,0.9085605144500732,0.06536208093166351,0.458660364151001,0.9739384055137634,0.5500078201293945
2016-04-08 10:00:00,0.0,1.7977592,1.1003590822219849,0.10125765204429626,0.44650205969810486,6.597321510314941,0.3717494606971741
2016-04-08 11:00:00,0.0,3.4086084,2.42502760887146,1.6990586519241333,3.11865234375,8.991753578186035,0.47439831495285034
2016-04-08 12:00:00,0.0,1.2106848,1.0762392282485962,1.7287113666534424,1.9436887502670288,0.6446582674980164,1.5956416130065918
2016-04-08 13:00:00,0.0,0.8729929,0.2940162718296051,0.8570913076400757,0.39271074533462524,3.746486186981201,0.16270826756954193
2016-04-08 14:00:00,0.0,0.93889505,0.8157162666320801,5.834432601928711,0.9805943369865417,0.1521284133195877,1.7579518556594849
2016-04-08 15:00:00,0.0,1.2757412,1.2855515480041504,1.0888259410858154,1.8429476022720337,0.17639274895191193,2.194856882095337
2016-04-08 16:00:00,0.0,0.30828488,0.2774561047554016,0.2867644727230072,0.23266413807868958,0.21682074666023254,0.7910363078117371
2016-04-08 17:00:00,0.0,0.55895364,0.41705629229545593,0.6265811324119568,0.07474600523710251,1.27713143825531,0.9839825630187988
2016-04-08 18:00:00,0.0,1.1977082,1.4219183921813965,1.4670060873031616,0.42246493697166443,0.6020913124084473,2.1841278076171875
2016-04-08 19:00:00,0.0,1.7679157,2.3772690296173096,1.2871403694152832,1.7128887176513672,0.03392768278717995,1.3627663850784302
2016-04-08 20:00:00,0.0,2.6760447,3.8875739574432373,0.2068442404270172,1.6163324117660522,0.5363795161247253,1.6230802536010742
2016-04-08 21:00:00,0.0,0.31514966,0.33617091178894043,0.5969776511192322,0.2513541281223297,0.3284877836704254,0.20686572790145874
2016-04-08 22:00:00,0.0,0.64531,0.37248244881629944,0.04935930669307709,0.412393182516098,2.0865156650543213,0.3167579472064972
2016-04-08 23:00:00,0.0,0.53762996,0.32711392641067505,0.5942283868789673,0.32411980628967285,1.6593338251113892,0.19723688066005707
2016-05-08 00:00:00,0.0,0.42040664,0.2582019865512848,0.22760455310344696,0.4383849799633026,1.147308349609375,0.13829456269741058
2016-05-08 01:00:00,0.0,0.4292688,0.4806564748287201,0.2629339396953583,0.36861729621887207,0.10814247280359268,0.8306385278701782
2016-05-08 02:00:00,0.0,0.93395394,1.2006964683532715,0.1683918982744217,0.46026310324668884,0.6824552416801453,0.7939711809158325
2016-05-08 03:00:00,0.0,0.736495,0.6255415081977844,0.15307961404323578,1.5021772384643555,0.3568665385246277,0.8724759221076965
2016-05-08 04:00:00,0.0,1.5827386,2.2049577236175537,2.71758770942688,1.0746039152145386,0.4006287157535553,0.5236390829086304
2016-05-08 05:00:00,0.0,0.53108025,0.4549935758113861,1.0384907722473145,0.47680553793907166,0.8744745254516602,0.3547884225845337
2016-05-08 06:00:00,0.0,4.4121547,6.804281234741211,1.563528299331665,0.41167116165161133,2.7058377265930176,0.7584498524665833
2016-05-08 07:00:00,0.0,1.2496828,1.8459473848342896,0.5553704500198364,0.4042023718357086,0.5686949491500854,0.5169929265975952
2016-05-08 08:00:00,0.0,0.70917606,0.9173837304115295,0.0009593376889824867,0.2345343977212906,0.8098455667495728,0.2914354205131531
2016-05-08 09:00:00,0.0,0.5669116,0.4628889858722687,1.04804527759552,0.5065591335296631,0.7511715292930603,0.8539252877235413
2016-05-08 10:00:00,0.0,0.5564194,0.35696646571159363,0.357311487197876,0.8291333317756653,0.7766522169113159,0.9402571320533752
2016-05-08 11:00:00,0.0,0.86745965,0.4127197563648224,1.623518705368042,2.381035089492798,0.8794100880622864,0.7372139692306519
2016-05-08 12:00:00,0.0,0.42028606,0.38800060749053955,0.22681595385074615,0.32759740948677063,0.3376119136810303,0.9692510962486267
2016-05-08 13:00:00,0.0,0.7169624,0.5092169642448425,0.014009197242558002,0.8182521462440491,1.0074912309646606,1.4534912109375
2016-05-08 14:00:00,0.0,1.2753125,1.8484225273132324,0.2437371164560318,1.0093934535980225,0.26838448643684387,0.32202914357185364
2016-05-08 15:00:00,0.0,0.9632547,0.8856978416442871,1.8883135318756104,1.9844523668289185,0.44362306594848633,0.3195902705192566
2016-05-08 16:00:00,0.0,1.2255241,0.8579034805297852,0.6422164440155029,1.0906692743301392,2.4506213665008545,1.669149398803711
2016-05-08 17:00:00,0.0,2.3628974,3.568659543991089,0.44589945673942566,0.832098662853241,0.3755156695842743,1.7643909454345703
2016-05-08 18:00:00,0.0,3.9793274,6.124267101287842,0.08945071697235107,0.8083572387695312,1.3305293321609497,2.266754150390625
2016-05-08 19:00:00,0.0,0.9255812,1.033400535583496,0.037431493401527405,1.0070068836212158,0.1692206710577011,1.6818405389785767
2016-05-08 20:00:00,0.0,1.0425093,0.8769538998603821,0.1275574117898941,0.6809663772583008,1.8200498819351196,1.5365839004516602
2016-05-08 21:00:00,0.0,0.8042911,0.5159384608268738,0.43262752890586853,1.3153916597366333,1.5305603742599487,0.4619264602661133
2016-05-08 22:00:00,0.0,1.1999371,0.8003706336021423,0.046783678233623505,2.356703996658325,1.960218071937561,0.5307931900024414
2016-05-08 23:00:00,0.0,2.3796828,2.2210590839385986,0.27671971917152405,1.1409541368484497,3.8606624603271484,3.433225393295288
2016-06-08 00:00:00,0.0,0.8640491,0.382583349943161,0.40539664030075073,0.8106715083122253,2.7136824131011963,0.724058985710144
2016-06-08 01:00:00,0.0,0.65467864,0.31493526697158813,0.4124472439289093,0.901011049747467,1.7013475894927979,0.490944504737854
2016-06-08 02:00:00,0.0,0.9566574,0.9766235947608948,5.03568172454834,1.3475061655044556,0.2391929179430008,0.3886822462081909
2016-06-08 03:00:00,0.0,1.4371221,1.3714966773986816,2.163276433944702,1.8055846691131592,0.3306172788143158,2.9409115314483643
2016-06-08 04:00:00,0.0,0.8029952,0.6912074089050293,0.09268999844789505,1.0007816553115845,1.1292824745178223,0.7341688275337219
2016-06-08 05:00:00,0.0,0.6956599,0.680133044719696,2.947951078414917,0.6075001955032349,0.257938414812088,1.1460405588150024
2016-06-08 06:00:00,0.0,2.1361773,2.411245584487915,1.665848731994629,1.7383689880371094,1.770479440689087,1.9394829273223877
2016-06-08 07:00:00,0.0,2.295247,3.30239200592041,0.21124909818172455,0.9689861536026001,0.7109781503677368,1.8668049573898315
2016-06-08 08:00:00,0.0,1.1657357,0.7016975283622742,6.0375165939331055,0.9763489365577698,2.084282636642456,1.4559898376464844
2016-06-08 09:00:00,0.0,0.47617358,0.3486001491546631,1.0776491165161133,0.3909301161766052,0.9811884164810181,0.356645405292511
2016-06-08 10:00:00,0.0,1.0240749,0.3949791193008423,1.8603016138076782,1.1240125894546509,2.7315433025360107,1.4266337156295776
2016-06-08 11:00:00,0.0,1.1919037,0.8465195298194885,2.7963192462921143,0.7038601636886597,1.9660006761550903,2.362510919570923
2016-06-08 12:00:00,0.0,1.0613941,0.5710306763648987,2.596088409423828,0.698497474193573,2.2342700958251953,2.202436685562134
2016-06-08 13:00:00,0.0,0.27283612,0.15525732934474945,1.600152611732483,0.592008650302887,0.30486950278282166,0.03186926990747452
2016-06-08 14:00:00,0.0,1.2904919,1.8101140260696411,2.1446995735168457,1.1834050416946411,0.09780991077423096,0.23380421102046967
2016-06-08 15:00:00,0.0,0.4851411,0.33652111887931824,1.5629860162734985,0.9252471923828125,0.13289694488048553,0.9536412358283997
2016-06-08 16:00:00,0.0,1.1476691,1.2017521858215332,4.47269344329834,0.8999758362770081,1.0778921842575073,0.5474866628646851
2016-06-08 17:00:00,0.0,1.1990519,0.7176012396812439,0.45171093940734863,1.049276351928711,1.8827718496322632,3.3401880264282227
2016-06-08 18:00:00,0.0,0.768926,0.49295344948768616,0.2708534896373749,0.40288734436035156,1.3927394151687622,2.098172664642334
2016-06-08 19:00:00,0.0,0.3514704,0.25006231665611267,0.27161234617233276,0.2945588529109955,0.7108730673789978,0.450524240732193
2016-06-08 20:00:00,0.0,0.57488054,0.5926335453987122,0.09163574874401093,0.6216883659362793,0.45349422097206116,0.7196856737136841
2016-06-08 21:00:00,0.0,0.42099652,0.31056922674179077,0.27865251898765564,0.46894028782844543,0.9039667248725891,0.1900462806224823
2016-06-08 22:00:00,0.0,0.47111183,0.37020495533943176,0.2239067256450653,1.2235287427902222,0.31788334250450134,0.08977530896663666
2016-06-08 23:00:00,0.0,0.5486325,0.41179803013801575,0.274662584066391,0.4057571589946747,0.7498525977134705,1.3360284566879272
2016-07-08 00:00:00,0.0,0.42817268,0.30496451258659363,0.05591046065092087,0.3803987503051758,0.6851382851600647,0.8944015502929688
2016-07-08 01:00:00,0.0,0.52057165,0.5241509675979614,0.647236704826355,0.6057509183883667,0.25508952140808105,0.7829594612121582
2016-07-08 02:00:00,0.0,0.2911739,0.3291638493537903,1.9132332801818848,0.2624779939651489,0.02348553203046322,0.17639175057411194
2016-07-08 03:00:00,0.0,1.3812249,1.7225165367126465,0.17375832796096802,1.71073317527771,0.4844716191291809,0.6280202865600586
2016-07-08 04:00:00,0.0,1.0217589,1.3825966119766235,3.441357135772705,0.7834779024124146,0.0870392695069313,0.30458420515060425
2016-07-08 05:00:00,0.0,0.47501257,0.45643433928489685,0.1422884315252304,0.19928744435310364,1.0888234376907349,0.07801328599452972
2016-07-08 06:00:00,0.0,1.2991008,1.914249300956726,2.7598459720611572,0.20499423146247864,0.7611914873123169,0.09905087202787399
2016-07-08 07:00:00,0.0,4.738466,8.257153511047363,0.04066145047545433,0.12297135591506958,0.5293715000152588,0.24382339417934418
2016-07-08 08:00:00,0.0,0.76147056,0.7959590554237366,0.2180682122707367,0.0891643613576889,1.0112351179122925,1.429837942123413
2016-07-08 09:00:00,0.0,0.48162767,0.33912327885627747,0.5249156951904297,0.14154170453548431,1.462241530418396,0.20490792393684387
2016-07-08 10:00:00,0.0,0.91605324,0.6276496052742004,0.3602473735809326,0.2943175733089447,2.7652430534362793,0.6373833417892456
2016-07-08 11:00:00,0.0,0.90133196,0.4585404098033905,0.3156515061855316,3.403420925140381,0.3268270790576935,0.33123043179512024
2016-07-08 12:00:00,0.0,0.2999013,0.25600582361221313,1.3986670970916748,0.22458161413669586,0.37987932562828064,0.28043052554130554
2016-07-08 13:00:00,0.0,0.4108657,0.33218392729759216,0.6772851943969727,0.15432175993919373,0.9030686020851135,0.40394851565361023
2016-07-08 14:00:00,0.0,2.0106857,2.5782206058502197,0.11897126585245132,0.9158416986465454,0.3555048406124115,3.890946865081787
2016-07-08 15:00:00,0.0,0.37984845,0.45270243287086487,0.7028746008872986,0.23942936956882477,0.2961351275444031,0.2541995644569397
2016-07-08 16:00:00,0.0,0.322666,0.22498781979084015,0.012638941407203674,0.5345265865325928,0.32808637619018555,0.6059998869895935
2016-07-08 17:00:00,0.0,0.60436106,0.22913682460784912,0.14368665218353271,2.187541961669922,0.45387956500053406,0.46365058422088623
2016-07-08 18:00:00,0.0,0.58401895,0.3830726444721222,0.16446319222450256,1.3323208093643188,0.4193725883960724,0.8731896877288818
2016-07-08 19:00:00,0.0,0.6021745,0.4357028901576996,1.0996673107147217,0.76804119348526,0.7528981566429138,0.9225984215736389
2016-07-08 20:00:00,0.0,0.9253664,0.6388471126556396,0.012969163246452808,1.2335984706878662,1.3858544826507568,1.5273209810256958
2016-07-08 21:00:00,0.0,0.59373677,0.3724023997783661,0.22338463366031647,0.8201871514320374,1.1694238185882568,0.6105903387069702
2016-07-08 22:00:00,0.0,2.5265648,2.5974576473236084,0.00040057930164039135,5.768050670623779,0.5222957730293274,0.5676187872886658
2016-07-08 23:00:00,0.0,0.6412434,0.4553859531879425,0.09845934063196182,1.4080346822738647,0.5683229565620422,0.67781001329422
2016-08-08 00:00:00,0.0,0.49130258,0.38948264718055725,0.08580157905817032,0.8615122437477112,0.5988506078720093,0.36752212047576904
2016-08-08 01:00:00,0.0,0.7687568,0.6985259652137756,2.021942377090454,0.6660176515579224,0.9505501985549927,0.7385004758834839
2016-08-08 02:00:00,0.0,0.44315302,0.4336882531642914,0.7536131143569946,0.2553894817829132,0.6559224128723145,0.37856632471084595
2016-08-08 03:00:00,0.0,1.2597121,0.6625903844833374,0.7484320998191833,3.724395751953125,0.9667505621910095,1.1697490215301514
2016-08-08 04:00:00,0.0,0.517197,0.37156203389167786,0.07665284723043442,0.17260949313640594,1.4418824911117554,0.4859713912010193
2016-08-08 05:00:00,0.0,0.8247021,0.7258872985839844,0.4778684675693512,0.435934454202652,1.7502434253692627,0.5649460554122925
2016-08-08 06:00:00,0.0,0.5841491,0.3530672788619995,0.9626756906509399,0.7535525560379028,0.4665011763572693,1.7854361534118652
2016-08-08 07:00:00,0.0,1.0823073,0.7303170561790466,3.0813891887664795,1.2652652263641357,1.2149040699005127,2.142256498336792
2016-08-08 08:00:00,0.0,0.6837747,0.609947919845581,1.697850227355957,0.6186985969543457,0.5712286233901978,1.1840554475784302
2016-08-08 09:00:00,0.0,2.1252294,2.81603741645813,1.97823965549469,1.0655148029327393,1.4002138376235962,1.140406608581543
2016-08-08 10:00:00,0.0,0.38850865,0.4365055561065674,0.1074642762541771,0.3541858494281769,0.4801919460296631,0.07040715217590332
2016-08-08 11:00:00,0.0,0.6759334,0.38373783230781555,0.4355960488319397,2.5754315853118896,0.16077904403209686,0.06659004837274551
2016-08-08 12:00:00,0.0,0.39462036,0.34752464294433594,1.3568333387374878,0.5365179777145386,0.3319736123085022,0.2979525327682495
2016-08-08 13:00:00,0.0,0.35658893,0.3521447479724884,1.3440356254577637,0.28669169545173645,0.3855169117450714,0.20808862149715424
2016-08-08 14:00:00,0.0,0.41559094,0.42072248458862305,0.7543609738349915,0.44205036759376526,0.23872199654579163,0.563325822353363
2016-08-08 15:00:00,0.0,0.9513399,0.35665687918663025,1.6689610481262207,1.5546499490737915,2.65967059135437,0.2946617901325226
2016-08-08 16:00:00,0.0,0.51595813,0.3683070242404938,0.005763703025877476,0.6569876670837402,0.5314308404922485,1.2555341720581055
2016-08-08 17:00:00,0.0,0.9955178,0.8955109119415283,0.9665789604187012,1.392358660697937,0.4877552092075348,1.7969059944152832
2016-08-08 18:00:00,0.0,2.296113,3.4148271083831787,2.442103624343872,1.4448350667953491,0.18509045243263245,0.7313580513000488
2016-08-08 19:00:00,0.0,2.01158,3.256082534790039,0.2692785859107971,0.8608406782150269,0.13527974486351013,0.27745717763900757
2016-08-08 20:00:00,0.0,0.36308762,0.49402788281440735,0.0005806371918879449,0.20872877538204193,0.28249651193618774,0.07923554629087448
2016-08-08 21:00:00,0.0,0.4275884,0.5168390870094299,0.015169049613177776,0.6352959871292114,0.10611284524202347,0.19428294897079468
2016-08-08 22:00:00,0.0,0.2999508,0.3578473627567291,0.050268955528736115,0.3594597280025482,0.10552243888378143,0.251101016998291
2016-08-08 23:00:00,0.0,0.29684272,0.20523123443126678,1.9067927598953247,0.23935763537883759,0.3943450450897217,0.37399402260780334
2016-09-08 00:00:00,0.0,1.1432654,1.4948762655258179,1.0999361276626587,0.2235201597213745,0.2785000205039978,2.167325973510742
2016-09-08 01:00:00,0.0,0.4683716,0.5085236430168152,0.6915543675422668,0.2136158049106598,0.7279717326164246,0.1631859987974167
2016-09-08 02:00:00,0.0,2.7716358,4.1862030029296875,0.011800248175859451,2.0349295139312744,0.4895826280117035,0.25702184438705444
2016-09-08 03:00:00,0.0,2.0427291,0.676567554473877,0.005117353517562151,6.251634120941162,3.581429958343506,0.6907888054847717
2016-09-08 04:00:00,0.0,1.4547527,1.213571310043335,0.4062540531158447,0.33736538887023926,2.939286470413208,2.521458625793457
2016-09-08 05:00:00,0.0,0.88995683,1.0389373302459717,0.04108930751681328,1.1262075901031494,0.4570542871952057,0.5524313449859619
2016-09-08 06:00:00,0.0,0.77675706,0.47054699063301086,1.299078345298767,0.9519151449203491,1.858703374862671,0.28350430727005005
2016-09-08 07:00:00,0.0,0.30664882,0.2586078941822052,0.17803174257278442,0.5079339742660522,0.3509877026081085,0.1972067505121231
2016-09-08 08:00:00,0.0,0.2851384,0.24648545682430267,0.4579527974128723,0.2217305451631546,0.40073198080062866,0.3825274109840393
2016-09-08 09:00:00,0.0,0.6312048,0.7349058985710144,0.14928589761257172,0.484896719455719,0.16853901743888855,1.1951828002929688
2016-09-08 10:00:00,0.0,0.6151317,0.39660871028900146,0.001778327627107501,1.6499229669570923,0.5767297744750977,0.33592599630355835
2016-09-08 11:00:00,0.0,0.85905635,0.7821574807167053,0.6725137829780579,1.2499839067459106,0.4666309058666229,1.3697055578231812
2016-09-08 12:00:00,0.0,1.8870933,2.09159517288208,0.7887352108955383,0.9131306409835815,0.46647000312805176,5.125197410583496
2016-09-08 13:00:00,0.0,0.399053,0.4149675667285919,0.0006822265568189323,0.7063801884651184,0.12624672055244446,0.34274691343307495
2016-09-08 14:00:00,0.0,0.414123,0.34552136063575745,0.0503867007791996,0.581167995929718,0.6697930097579956,0.17691625654697418
2016-09-08 15:00:00,0.0,0.92121184,0.6099328398704529,0.06972712278366089,0.9915081858634949,2.0791068077087402,0.8524218797683716
2016-09-08 16:00:00,0.0,1.9706582,1.4549025297164917,2.7939846515655518,2.623430013656616,1.7142523527145386,4.165717124938965
2016-09-08 17:00:00,0.0,1.1979275,1.1298227310180664,0.4120529294013977,1.4360997676849365,0.5054376721382141,2.598079204559326
2016-09-08 18:00:00,0.0,1.5094028,2.064016580581665,3.917102098464966,0.916335940361023,0.14567378163337708,1.0041862726211548
2016-09-08 19:00:00,0.0,0.34866276,0.356235533952713,1.8725779056549072,0.33830299973487854,0.21508224308490753,0.17414307594299316
2016-09-08 20:00:00,0.0,0.3818263,0.3504572808742523,0.5148899555206299,0.39177605509757996,0.37219101190567017,0.5362241268157959
2016-09-08 21:00:00,0.0,0.5994304,0.45346060395240784,0.44494277238845825,0.9249728322029114,0.2902493476867676,1.485238790512085
2016-09-08 22:00:00,0.0,2.387642,1.9152584075927734,0.003604249795898795,1.9065372943878174,3.3069584369659424,5.051084995269775
2016-09-08 23:00:00,0.0,0.7457009,1.0279479026794434,0.4182579815387726,0.11411088705062866,0.5873960256576538,0.5163978934288025
2016-10-08 00:00:00,0.0,0.6891771,1.0415968894958496,0.12176598608493805,0.3571346700191498,0.1288950890302658,0.2780793309211731
2016-10-08 01:00:00,0.0,1.5496131,2.3991079330444336,0.029858671128749847,0.4920618534088135,0.4429878890514374,0.6198914051055908
2016-10-08 02:00:00,0.0,0.6969078,0.4118631184101105,0.01368887722492218,0.704716145992279,1.6798021793365479,0.8442513942718506
2016-10-08 03:00:00,0.0,0.65056705,0.8381752967834473,1.0003678798675537,0.13159963488578796,0.4559516906738281,0.686237096786499
2016-10-08 04:00:00,0.0,0.42198873,0.41894522309303284,1.9561926126480103,0.37065616250038147,0.43777284026145935,0.11890806257724762
2016-10-08 05:00:00,0.0,0.4380651,0.40861406922340393,0.0004344377957750112,0.6740164756774902,0.4033060669898987,0.37209242582321167
2016-10-08 06:00:00,0.0,0.25386608,0.22593717277050018,0.5817495584487915,0.28644895553588867,0.3305172026157379,0.1483089029788971
2016-10-08 07:00:00,0.0,0.8101269,0.3186882436275482,0.016935966908931732,0.22115549445152283,3.556607484817505,0.1814158707857132
2016-10-08 08:00:00,0.0,0.5924874,0.5767424702644348,1.174979567527771,0.30467602610588074,0.08413322269916534,1.9346237182617188
2016-10-08 09:00:00,0.0,1.6906532,2.3641517162323,1.1630115509033203,1.3340150117874146,0.13772009313106537,1.1233218908309937
2016-10-08 10:00:00,0.0,1.309121,0.47215691208839417,0.1921338438987732,1.3727236986160278,4.108336925506592,1.6002197265625
2016-10-08 11:00:00,0.0,0.8290343,0.8011636734008789,4.613807959685801e-06,0.3895470201969147,1.4989796876907349,0.8002136945724487
2016-10-08 12:00:00,0.0,0.41081044,0.4031999409198761,0.030114568769931793,0.4996640682220459,0.05987393483519554,1.0102918148040771
2016-10-08 13:00:00,0.0,2.0192904,2.4415814876556396,1.2505548000335693,1.438760757446289,0.7234759330749512,2.961331605911255
2016-10-08 14:00:00,0.0,3.2763977,5.503454208374023,0.39549896121025085,0.3570220470428467,0.47051045298576355,0.6534895300865173
2016-10-08 15:00:00,0.0,1.614183,2.1407530307769775,0.44200560450553894,1.096327543258667,1.0855132341384888,0.5792263746261597
2016-10-08 16:00:00,0.0,1.0200083,0.8864617347717285,0.16627825796604156,1.1873613595962524,1.6591051816940308,0.6234331130981445
2016-10-08 17:00:00,0.0,2.5677845,1.36293363571167,1.4248610734939575,0.43062514066696167,9.682960510253906,1.3710896968841553
2016-10-08 18:00:00,0.0,1.7128953,1.5055981874465942,10.08828067779541,0.6980304718017578,0.8278877139091492,4.187607765197754
2016-10-08 19:00:00,0.0,1.3822411,1.5906952619552612,0.00026538746897131205,1.3794682025909424,0.4195542633533478,2.1665656566619873
2016-10-08 20:00:00,0.0,0.6635186,0.4585791826248169,3.625669240951538,0.17254070937633514,1.7289530038833618,0.14731919765472412
2016-10-08 21:00:00,0.0,0.88161737,0.7323160171508789,0.5041954517364502,1.226259469985962,1.1983011960983276,0.714460551738739
2016-10-08 22:00:00,0.0,1.1134871,0.7604267001152039,0.5137307047843933,3.358001232147217,0.3338718116283417,0.8182143568992615
2016-10-08 23:00:00,0.0,0.88174,0.7622413635253906,0.4186857044696808,1.5975314378738403,0.5240748524665833,1.0877742767333984
2016-11-08 00:00:00,0.0,1.0263144,0.8574408888816833,0.4563137888908386,1.620705485343933,0.7918748259544373,1.552139163017273
2016-11-08 01:00:00,0.0,1.2402977,1.146708369255066,1.8289145231246948,1.7967529296875,0.4368923604488373,2.0868430137634277
2016-11-08 02:00:00,0.0,0.7610439,0.5591283440589905,1.184402346611023,1.7189823389053345,0.5072488784790039,0.6344466209411621
2016-11-08 03:00:00,0.0,0.2819478,0.24914276599884033,0.33590152859687805,0.4029717445373535,0.4047066569328308,0.03866966441273689
2016-11-08 04:00:00,0.0,1.720173,1.4220677614212036,1.1205158233642578,0.8746734857559204,4.630867004394531,0.044629957526922226
2016-11-08 05:00:00,0.0,1.2511102,1.5285452604293823,0.04627378657460213,1.7558479309082031,0.43070274591445923,0.44013234972953796
2016-11-08 06:00:00,0.0,1.0685958,0.7319772243499756,0.023483823984861374,1.1807762384414673,2.4342687129974365,0.7633415460586548
2016-11-08 07:00:00,0.0,0.8233146,0.8122206330299377,0.935012698173523,0.6930785775184631,0.3260031044483185,1.9601609706878662
2016-11-08 08:00:00,0.0,1.6924715,2.553173780441284,1.4348487854003906,0.8727726936340332,0.4317403733730316,0.23341616988182068
2016-11-08 09:00:00,0.0,0.3713118,0.40347883105278015,0.0006322558620013297,0.2709134519100189,0.4509931206703186,0.30723437666893005
2016-11-08 10:00:00,0.0,0.6441419,0.7578793168067932,0.005915765184909105,0.6435313820838928,0.4145148694515228,0.5241897106170654
2016-11-08 11:00:00,0.0,0.42637935,0.5628570318222046,0.13747131824493408,0.2412143498659134,0.09604360163211823,0.581866443157196
2016-11-08 12:00:00,0.0,0.29659587,0.3866375684738159,0.0060544139705598354,0.17808780074119568,0.08850250393152237,0.4005333483219147
2016-11-08 13:00:00,0.0,1.0718327,1.2351945638656616,0.15949387848377228,0.5216169953346252,0.4683714509010315,2.3386788368225098
2016-11-08 14:00:00,0.0,3.7719784,4.687561511993408,0.002789858030155301,2.4111781120300293,4.0383782386779785,1.1359763145446777
2016-11-08 15:00:00,0.0,1.0128014,0.8309438228607178,0.01561752986162901,1.3619482517242432,0.8413171768188477,2.0423336029052734
2016-11-08 16:00:00,0.0,0.49024335,0.5777078866958618,0.036412399262189865,0.641461193561554,0.3105084300041199,0.12881873548030853
2016-11-08 17:00:00,0.0,1.6889359,2.275533437728882,0.05400041490793228,0.39529916644096375,0.09390813857316971,3.6332483291625977
2016-11-08 18:00:00,0.0,0.25416157,0.26813337206840515,0.04118676856160164,0.25872090458869934,0.1882186084985733,0.33099645376205444
2016-11-08 19:00:00,0.0,0.5142329,0.6185653805732727,1.6758021116256714,0.24726609885692596,0.18516619503498077,0.6409040093421936
2016-11-08 20:00:00,0.0,1.0708935,1.3166435956954956,1.3470431566238403,0.4417923390865326,0.6762717962265015,1.3188722133636475
2016-11-08 21:00:00,0.0,0.20941022,0.07585442811250687,0.07381980866193771,0.41433170437812805,0.32786300778388977,0.4787377119064331
2016-11-08 22:00:00,0.0,0.45028144,0.46145108342170715,0.4580627679824829,0.39214178919792175,0.14979127049446106,1.0089203119277954
2016-11-08 23:00:00,0.0,0.4552815,0.4192461669445038,0.7862794399261475,0.24529442191123962,0.5264664888381958,0.8316478133201599
2016-12-08 00:00:00,0.0,3.1249216,1.9392338991165161,0.08734709769487381,2.8965582847595215,6.023017883300781,6.326407432556152
2016-12-08 01:00:00,0.0,0.4339653,0.4214841425418854,1.7624388933181763,0.07376386225223541,0.7893279790878296,0.18520057201385498
2016-12-08 02:00:00,0.0,0.34183446,0.2753487229347229,0.3324328660964966,0.51484614610672,0.3634529411792755,0.4024963974952698
2016-12-08 03:00:00,0.0,0.9305516,0.4106405973434448,0.4726608395576477,0.16813625395298004,3.855111837387085,0.38073745369911194
2016-12-08 04:00:00,0.0,1.1219952,1.3995736837387085,3.81036639213562,0.9441598653793335,0.03572779893875122,0.9966112375259399
2016-12-08 05:00:00,0.0,0.75899273,0.6194409728050232,0.8736812472343445,0.614059329032898,0.2341575175523758,2.739727020263672
2016-12-08 06:00:00,0.0,0.9171397,0.7903563380241394,0.000611754774581641,1.5331889390945435,0.44358596205711365,1.6576036214828491
2016-12-08 07:00:00,0.0,0.37738383,0.357749342918396,0.7584777474403381,0.39495378732681274,0.4237991273403168,0.28794288635253906
2016-12-08 08:00:00,0.0,0.50088835,0.5624656081199646,0.16484610736370087,0.3949015438556671,0.24904301762580872,0.8416414856910706
2016-12-08 09:00:00,0.0,0.35403815,0.37779510021209717,0.3705930709838867,0.26811298727989197,0.09501614421606064,0.8110151290893555
2016-12-08 10:00:00,0.0,0.7835239,0.4827078580856323,0.5175683498382568,2.3808648586273193,0.3501562774181366,0.6179564595222473
2016-12-08 11:00:00,0.0,2.0770302,2.7452497482299805,0.006311808247119188,0.43739908933639526,0.48769664764404297,4.236077308654785
2016-12-08 12:00:00,0.0,0.5904558,0.5319711565971375,3.5893492698669434,0.4899608790874481,0.6735741496086121,0.222049281001091
2016-12-08 13:00:00,0.0,2.1661446,1.2438453435897827,1.7162269353866577,1.8616915941238403,6.511113166809082,0.7415170073509216
2016-12-08 14:00:00,0.0,1.2987515,1.1196311712265015,2.5460379123687744,2.1479687690734863,0.5368545055389404,1.908841609954834
2016-12-08 15:00:00,0.0,2.048353,1.7576594352722168,0.4783085882663727,4.6349873542785645,0.40023142099380493,2.5426278114318848
2016-12-08 16:00:00,0.0,1.9094881,2.729823112487793,0.015478360466659069,1.3437696695327759,0.5489286780357361,0.831965982913971
2016-12-08 17:00:00,0.0,0.9311847,0.875370442867279,0.21615919470787048,1.3483178615570068,0.22758693993091583,1.9461400508880615
2016-12-08 18:00:00,0.0,0.21708715,0.16710372269153595,1.2814838886260986,0.33941441774368286,0.15977703034877777,0.13710856437683105
2016-12-08 19:00:00,0.0,0.20608696,0.14813785254955292,0.5895929336547852,0.10405623912811279,0.3020821213722229,0.46846747398376465
2016-12-08 20:00:00,0.0,0.39166048,0.2768375277519226,0.7411591410636902,0.15952979028224945,0.4356493353843689,1.3224713802337646
2016-12-08 21:00:00,0.0,1.9332145,1.800147533416748,0.00031739886617287993,3.40616774559021,0.472400963306427,3.193596124649048
2016-12-08 22:00:00,0.0,1.0579544,0.8048346638679504,0.9058850407600403,1.3762986660003662,0.9833918213844299,2.1880717277526855
2016-12-08 23:00:00,0.0,1.7720083,1.3007324934005737,0.03011137805879116,2.3364436626434326,1.735284686088562,4.111643314361572
2016-08-13 00:00:00,0.0,1.7721951,1.2141366004943848,0.8804813027381897,2.8349130153656006,2.046832323074341,3.0031049251556396
2016-08-13 01:00:00,0.0,0.76314676,0.48523828387260437,0.027437657117843628,0.21323779225349426,2.3845467567443848,0.739416241645813
2016-08-13 02:00:00,0.0,0.60963416,0.42625781893730164,1.8993035554885864,1.459951400756836,0.26490435004234314,0.5026962757110596
2016-08-13 03:00:00,0.0,0.8014811,0.9400324821472168,0.14398477971553802,0.9955626726150513,0.2772054374217987,0.712386965751648
2016-08-13 04:00:00,0.0,2.2581265,2.370900869369507,0.9433913230895996,0.9904562830924988,3.072232961654663,2.703901767730713
2016-08-13 05:00:00,0.0,0.62919503,0.500927746295929,0.9844464063644409,0.4215161204338074,0.7989144325256348,1.3764148950576782
2016-08-13 06:00:00,0.0,0.5581526,0.45636919140815735,1.411433219909668,0.06811834871768951,1.5338300466537476,0.10565755516290665
2016-08-13 07:00:00,0.0,0.6041163,0.8620856404304504,0.7618041634559631,0.4288473427295685,0.15594077110290527,0.10790499299764633
2016-08-13 08:00:00,0.0,0.4737832,0.4675144851207733,5.413417339324951,0.05281493067741394,0.36232757568359375,0.20822909474372864
2016-08-13 09:00:00,0.0,0.5707109,0.5316190123558044,0.13080088794231415,0.6213870644569397,0.5768369436264038,0.815835177898407
2016-08-13 10:00:00,0.0,2.6091423,3.5681192874908447,0.09658282995223999,2.9920005798339844,0.3558080494403839,0.7567519545555115
2016-08-13 11:00:00,0.0,5.787382,9.446293830871582,0.2285425066947937,1.6267353296279907,0.14366427063941956,2.381260633468628
2016-08-13 12:00:00,0.0,1.2421665,1.134527564048767,0.014283211901783943,0.793682873249054,1.8919233083724976,1.8427400588989258
2016-08-13 13:00:00,0.0,0.6752097,0.8409895300865173,0.25218915939331055,0.2089986652135849,0.8739415407180786,0.254374235868454
2016-08-13 14:00:00,0.0,0.70547086,0.4453052580356598,0.033128876239061356,0.643084704875946,2.0208001136779785,0.2418990284204483
2016-08-13 15:00:00,0.0,1.1463053,0.816979169845581,0.6888869404792786,2.9257540702819824,0.16282403469085693,1.8436753749847412
2016-08-13 16:00:00,0.0,0.6404441,0.7638357281684875,0.7839320302009583,1.0655385255813599,0.11206566542387009,0.04497034102678299
2016-08-13 17:00:00,0.0,0.3256455,0.4027900993824005,0.5411259531974792,0.1163954883813858,0.3365648686885834,0.15598663687705994
2016-08-13 18:00:00,0.0,1.7797179,2.6074202060699463,1.3993650674819946,1.2492120265960693,0.21175111830234528,0.5809189081192017
2016-08-13 19:00:00,0.0,1.3196483,1.7419811487197876,0.03311223164200783,0.9934008717536926,0.27281454205513,1.5101755857467651
2016-08-13 20:00:00,0.0,0.11721844,0.08049801737070084,0.22075079381465912,0.33659520745277405,0.047811247408390045,0.049211207777261734
2016-08-13 21:00:00,0.0,0.3560867,0.2252485603094101,1.2455517053604126,0.542709469795227,0.5131207704544067,0.31734973192214966
2016-08-13 22:00:00,0.0,0.27304488,0.16115741431713104,0.47408220171928406,0.29021671414375305,0.5642227530479431,0.35449859499931335
2016-08-13 23:00:00,0.0,1.1969887,1.0787235498428345,0.09645678102970123,0.35762494802474976,2.378916025161743,1.5822263956069946
2016-08-14 00:00:00,0.0,1.1471947,1.7355146408081055,0.01704726181924343,0.25556740164756775,0.41975244879722595,0.7331830263137817
2016-08-14 01:00:00,0.0,0.29819155,0.3936300575733185,0.0633089616894722,0.22649157047271729,0.16730491816997528,0.13880722224712372
2016-08-14 02:00:00,0.0,1.0266694,1.2204722166061401,0.06675047427415848,0.7688183188438416,0.31048670411109924,1.8083922863006592
2016-08-14 03:00:00,0.0,0.3654012,0.4545142650604248,1.1534225940704346,0.18191353976726532,0.19174456596374512,0.2587197721004486
2016-08-14 04:00:00,0.0,0.3077109,0.33215075731277466,0.39546090364456177,0.30642935633659363,0.1456139087677002,0.42504677176475525
2016-08-14 05:00:00,0.0,1.0229636,0.5390259623527527,0.8824091553688049,0.4527166783809662,3.695087432861328,0.28344395756721497
2016-08-14 06:00:00,0.0,0.44357008,0.368061900138855,0.31636980175971985,0.38465097546577454,0.5475948452949524,0.849484384059906
2016-08-14 07:00:00,0.0,1.2781651,1.8560346364974976,0.008996730670332909,0.8758445382118225,0.4691905379295349,0.2480068802833557
2016-08-14 08:00:00,0.0,2.3036356,2.9389352798461914,0.9445059895515442,0.9200953245162964,1.2593730688095093,3.0802736282348633
2016-08-14 09:00:00,0.0,2.5106237,2.7279269695281982,1.1199077367782593,0.8119521141052246,4.37183141708374,1.2700425386428833
2016-08-14 10:00:00,0.0,0.9986316,1.032387614250183,0.0005332730943337083,1.0986500978469849,0.5687082409858704,1.6229536533355713
2016-08-14 11:00:00,0.0,1.0669513,0.4857538044452667,0.09145841002464294,4.129701614379883,0.253801167011261,0.8612102270126343
2016-08-14 12:00:00,0.0,0.5087338,0.37068071961402893,0.7364215850830078,1.1446906328201294,0.5831447243690491,0.036987051367759705
2016-08-14 13:00:00,0.0,0.32356837,0.21224640309810638,1.309285044670105,0.5029612183570862,0.5609440803527832,0.015726258978247643
2016-08-14 14:00:00,0.0,0.3156438,0.34498873353004456,0.48347046971321106,0.20834137499332428,0.3699020743370056,0.19044463336467743
2016-08-14 15:00:00,0.0,0.4477256,0.5604670643806458,1.1717889308929443,0.3609083294868469,0.09847073256969452,0.35338807106018066
2016-08-14 16:00:00,0.0,0.7352158,0.6633853316307068,0.0004005409427918494,0.924468994140625,0.33522558212280273,1.7186925411224365
2016-08-14 17:00:00,0.0,1.071498,0.4747888743877411,0.36047109961509705,3.6891627311706543,0.5383477210998535,1.1816089153289795
2016-08-14 18:00:00,0.0,0.52459216,0.6091557145118713,0.159153550863266,0.7341421246528625,0.33174726366996765,0.07933637499809265
2016-08-14 19:00:00,0.0,0.32327288,0.27330514788627625,1.4077714681625366,0.26228663325309753,0.4202077388763428,0.28904446959495544
2016-08-14 20:00:00,0.0,0.42310458,0.49903711676597595,0.005452316254377365,0.3828278183937073,0.24953754246234894,0.4461497962474823
2016-08-14 21:00:00,0.0,0.47853196,0.5500975847244263,0.0912751704454422,0.41100019216537476,0.3907598853111267,0.41773420572280884
2016-08-14 22:00:00,0.0,0.54143655,0.3034903407096863,0.8152463436126709,1.0297640562057495,0.8614386320114136,0.4860841631889343
2016-08-14 23:00:00,0.0,1.7522426,0.33050236105918884,0.003357234876602888,8.494410514831543,0.9560657143592834,0.31442245841026306
2016-08-15 00:00:00,0.0,0.5312039,0.35553064942359924,0.20966625213623047,1.496698021888733,0.47153210639953613,0.0804397240281105
2016-08-15 01:00:00,0.0,0.46728334,0.2764238715171814,0.38246893882751465,0.6322835087776184,1.0249148607254028,0.36903876066207886
2016-08-15 02:00:00,0.0,1.8343105,0.811992883682251,0.04657696932554245,0.8498204350471497,7.163246154785156,0.8123712539672852
2016-08-15 03:00:00,0.0,0.7718871,0.39669880270957947,2.926841974258423,1.218776822090149,1.4370850324630737,0.5381250381469727
2016-08-15 04:00:00,0.0,0.8369774,0.47503557801246643,0.6847267746925354,2.000983715057373,1.0527524948120117,0.6320717930793762
2016-08-15 05:00:00,0.0,0.6442373,0.5981602668762207,1.004573941230774,0.7823194861412048,0.9141380190849304,0.1166454553604126
2016-08-15 06:00:00,0.0,1.0435643,0.46121934056282043,0.15717381238937378,0.666929304599762,4.023935794830322,0.20269335806369781
2016-08-15 07:00:00,0.0,0.8963034,0.9590156078338623,2.3959147930145264,0.10628027468919754,0.3020305335521698,2.5676465034484863
2016-08-15 08:00:00,0.0,1.6002914,2.0099525451660156,0.36872154474258423,1.3536521196365356,0.46881166100502014,1.8619236946105957
2016-08-15 09:00:00,0.0,0.34822825,0.40231624245643616,0.011427742429077625,0.43756160140037537,0.07911462336778641,0.4225154519081116
2016-08-15 10:00:00,0.0,0.55501866,0.6389382481575012,0.6443455815315247,0.6322046518325806,0.3607431948184967,0.234076589345932
2016-08-15 11:00:00,0.0,0.62189096,0.6691163182258606,0.021142393350601196,0.9165443778038025,0.46264973282814026,0.2517550587654114
2016-08-15 12:00:00,0.0,2.0466652,2.7560853958129883,0.02236492931842804,1.8993847370147705,0.6329070925712585,1.0280389785766602
2016-08-15 13:00:00,0.0,1.0677714,1.179003357887268,0.16356444358825684,1.1679341793060303,1.129902720451355,0.34241756796836853
2016-08-15 14:00:00,0.0,0.54475343,0.5630600452423096,0.821707546710968,0.5931335091590881,0.31873053312301636,0.6765505075454712
2016-08-15 15:00:00,0.0,0.66265875,0.5763590931892395,4.531962871551514,0.6294228434562683,0.15742227435112,1.1554561853408813
2016-08-15 16:00:00,0.0,2.5821402,2.3995749950408936,2.0544352531433105,2.333754301071167,2.94630765914917,3.606839656829834
2016-08-15 17:00:00,0.0,1.7475244,1.4174476861953735,0.7647837400436401,4.820596218109131,0.4413999915122986,0.881513237953186
2016-08-15 18:00:00,0.0,1.9889712,1.5083913803100586,1.0066627264022827,1.6877521276474,4.977402210235596,0.41540825366973877
2016-08-15 19:00:00,0.0,0.30719307,0.14482712745666504,0.24301695823669434,0.4303397834300995,0.7307952046394348,0.3406221568584442
2016-08-15 20:00:00,0.0,0.6598347,0.4556937515735626,0.9722292423248291,0.8082835078239441,1.0718833208084106,0.8257112503051758
2016-08-15 21:00:00,0.0,0.24791841,0.09599455446004868,0.00038997293449938297,0.23970668017864227,0.663842499256134,0.5078468322753906
2016-08-15 22:00:00,0.0,0.37353197,0.4105100929737091,0.008805307559669018,0.25145408511161804,0.3700260519981384,0.46261677145957947
2016-08-15 23:00:00,0.0,0.60346293,0.5156095623970032,1.051000952720642,1.3035203218460083,0.13468681275844574,0.6139558553695679
2016-08-16 00:00:00,0.0,4.623397,3.0941641330718994,2.54899001121521,3.4190609455108643,9.05884838104248,8.662942886352539
2016-08-16 01:00:00,0.0,2.6811485,2.0163609981536865,0.004521897993981838,2.2859387397766113,4.223761081695557,5.331076145172119
2016-08-16 02:00:00,0.0,0.357796,0.41716209053993225,0.7180004119873047,0.10575525462627411,0.4972747266292572,0.10853184759616852
2016-08-16 03:00:00,0.0,0.44138616,0.27899622917175293,0.10681575536727905,0.5918437838554382,0.5927108526229858,0.9712494015693665
2016-08-16 04:00:00,0.0,0.7269293,0.7122134566307068,0.3404851257801056,0.35182836651802063,0.2267509549856186,2.4435744285583496
2016-08-16 05:00:00,0.0,0.70132816,0.5565211176872253,0.008871075697243214,0.9078488945960999,0.15120147168636322,2.344594955444336
2016-08-16 06:00:00,0.0,1.7301073,1.8042136430740356,0.916155993938446,1.8337162733078003,1.539846658706665,1.6405985355377197
2016-08-16 07:00:00,0.0,0.55764174,0.45400071144104004,1.1387431621551514,0.488591730594635,0.4273636043071747,1.383036494255066
2016-08-16 08:00:00,0.0,0.687471,0.775779664516449,0.0031094781588763,0.7522531747817993,0.2808930575847626,0.9268512725830078
2016-08-16 09:00:00,0.0,0.6112342,0.7394742965698242,0.05846264585852623,0.733713686466217,0.20993445813655853,0.467921644449234
2016-08-16 10:00:00,0.0,0.6137062,0.48879775404930115,1.7666616439819336,0.8988470435142517,0.6294470429420471,0.5483752489089966
2016-08-16 11:00:00,0.0,1.1448007,0.49064385890960693,0.5807697176933289,4.644643306732178,0.11927681416273117,0.8806922435760498
2016-08-16 12:00:00,0.0,0.60556334,0.532686710357666,0.38244351744651794,0.8441275358200073,0.4520527422428131,0.9497594833374023
2016-08-16 13:00:00,0.0,1.1843014,1.0251022577285767,3.521829843521118,1.5818859338760376,1.2307404279708862,0.778074324131012
2016-08-16 14:00:00,0.0,3.0281765,1.7233967781066895,1.371117115020752,1.0875006914138794,11.228963851928711,0.31592708826065063
2016-08-16 15:00:00,0.0,3.2685184,1.6256537437438965,0.7347448468208313,1.6550285816192627,12.684425354003906,0.10491938143968582
2016-08-16 16:00:00,0.0,1.2691408,1.0744013786315918,0.6560806632041931,2.5322797298431396,0.8202565312385559,1.1658955812454224
2016-08-16 17:00:00,0.0,1.1490657,1.2333663702011108,0.007629589643329382,1.6648743152618408,0.16237381100654602,1.752665400505066
2016-08-16 18:00:00,0.0,1.0163922,1.109906792640686,0.32429513335227966,1.0657426118850708,0.44352227449417114,1.5444895029067993
2016-08-16 19:00:00,0.0,1.1288126,1.6490675210952759,0.1866237223148346,0.5585778951644897,0.3818003535270691,0.5480114221572876
2016-08-16 20:00:00,0.0,0.8376436,1.2743701934814453,0.8629670739173889,0.2450699508190155,0.3406943678855896,0.11761767417192459
2016-08-16 21:00:00,0.0,1.2518562,1.5149189233779907,2.928382396697998,0.8707510828971863,0.26751235127449036,1.6438847780227661
2016-08-16 22:00:00,0.0,2.0179744,1.818716049194336,0.22392776608467102,3.6815381050109863,1.4943692684173584,1.667106032371521
2016-08-16 23:00:00,0.0,0.9046772,0.8289673328399658,0.05643482133746147,0.9412750005722046,0.9495482444763184,1.4284272193908691
2016-08-17 00:00:00,0.0,0.4719477,0.5597370266914368,0.03811854496598244,0.8422335386276245,0.06455922871828079,0.11859838664531708
2016-08-17 01:00:00,0.0,0.5971941,0.5406127572059631,2.5485424995422363,0.6740610003471375,0.4559400677680969,0.5615226626396179
2016-08-17 02:00:00,0.0,1.080605,1.4959911108016968,3.836232900619507,0.7258227467536926,0.11711161583662033,0.20636552572250366
2016-08-17 03:00:00,0.0,1.9305747,1.4314641952514648,0.09224042296409607,4.779229164123535,1.709633469581604,0.7863233685493469
2016-08-17 04:00:00,0.0,1.5541915,1.9678071737289429,4.007279396057129,1.1835172176361084,0.5791789889335632,0.8141748309135437
2016-08-17 05:00:00,0.0,0.736232,0.4297652542591095,0.575957179069519,0.4324328601360321,2.020901679992676,0.8985785245895386
2016-08-17 06:00:00,0.0,0.61186993,0.30529794096946716,0.2768373489379883,0.23699626326560974,2.1415090560913086,0.5142210721969604
2016-08-17 07:00:00,0.0,0.28869748,0.31144508719444275,0.7330142855644226,0.21166028082370758,0.3043939769268036,0.14847922325134277
2016-08-17 08:00:00,0.0,0.6485079,0.7771632075309753,1.3200657367706299,0.22245730459690094,0.1296900361776352,1.362206220626831
2016-08-17 09:00:00,0.0,0.36602288,0.36950036883354187,0.2212849110364914,0.41954317688941956,0.3979804813861847,0.2317558228969574
2016-08-17 10:00:00,0.0,0.37083337,0.38744911551475525,1.734580636024475,0.448227196931839,0.2497977316379547,0.006575159262865782
2016-08-17 11:00:00,0.0,0.7285906,0.7207704186439514,2.7255589962005615,0.8413986563682556,0.14046451449394226,1.1080759763717651
2016-08-17 12:00:00,0.0,0.4321516,0.3501538932323456,2.0478603839874268,0.543737530708313,0.45831814408302307,0.27914413809776306
2016-08-17 13:00:00,0.0,4.341797,4.622752666473389,4.351985454559326,1.075501799583435,8.941386222839355,0.3202507197856903
2016-08-17 14:00:00,0.0,3.4172964,4.883238315582275,2.7014126777648926,1.363703727722168,0.858357310295105,2.8725473880767822
2016-08-17 15:00:00,0.0,0.722288,0.6527331471443176,0.7707529067993164,1.0566468238830566,0.4015774130821228,1.1036165952682495
2016-08-17 16:00:00,0.0,0.53962314,0.5258201956748962,2.005786657333374,0.6368176341056824,0.27992385625839233,0.5402835011482239
2016-08-17 17:00:00,0.0,1.5010228,2.3285911083221436,0.2441195547580719,0.6072827577590942,0.4712570011615753,0.21597574651241302
2016-08-17 18:00:00,0.0,0.5501072,0.7768691182136536,0.7897781729698181,0.2881087362766266,0.06455889344215393,0.4378242790699005
2016-08-17 19:00:00,0.0,4.009892,7.007150650024414,2.1642627716064453,0.16703996062278748,0.06798170506954193,0.11108345538377762
2016-08-17 20:00:00,0.0,0.8000198,1.2028697729110718,0.009293059818446636,0.2618004381656647,0.45821428298950195,0.1206429973244667
2016-08-17 21:00:00,0.0,0.70769554,0.9347493052482605,4.549595541902818e-05,0.5453737378120422,0.2723781168460846,0.5681544542312622
2016-08-17 22:00:00,0.0,1.9290198,1.7888318300247192,0.05986589193344116,2.6719982624053955,1.8963724374771118,1.994359016418457
2016-08-17 23:00:00,0.0,1.183286,0.9754259586334229,0.00036845533759333193,0.9028438925743103,2.4332633018493652,1.0294877290725708
2016-08-18 00:00:00,0.0,1.2699063,1.2265812158584595,0.3657137155532837,1.0514328479766846,1.8889340162277222,1.054933786392212
2016-08-18 01:00:00,0.0,0.7277959,0.5274200439453125,1.2391232252120972,1.2608911991119385,0.3871150612831116,1.4654935598373413
2016-08-18 02:00:00,0.0,0.3365298,0.2055436372756958,0.03702802583575249,0.42603832483291626,0.7159720063209534,0.37665826082229614
2016-08-18 03:00:00,0.0,0.87522846,0.9329559803009033,1.3357127904891968,1.3141593933105469,0.43879032135009766,0.40937891602516174
2016-08-18 04:00:00,0.0,0.68439925,0.6504526734352112,1.0468252897262573,0.40813788771629333,1.2390836477279663,0.31023135781288147
2016-08-18 05:00:00,0.0,0.38822648,0.3233404755592346,0.0011861086823046207,0.7066489458084106,0.17513228952884674,0.6899782419204712
2016-08-18 06:00:00,0.0,0.7892872,0.6770829558372498,0.10904458165168762,0.5439075231552124,0.3062587082386017,2.907287836074829
2016-08-18 07:00:00,0.0,0.90071887,0.7728016972541809,0.014515328221023083,1.3022242784500122,0.618901789188385,1.680317997932434
2016-08-18 08:00:00,0.0,0.573883,0.3822064697742462,3.0310354232788086,0.6168425679206848,0.2858477234840393,1.5385355949401855
2016-08-18 09:00:00,0.0,0.90440917,0.8961010575294495,2.7086992263793945,0.5034962892532349,0.6082257628440857,1.7231054306030273
2016-08-18 10:00:00,0.0,1.9247236,2.508329153060913,0.20428138971328735,1.0629212856292725,0.9170224070549011,2.124833583831787
2016-08-18 11:00:00,0.0,2.0472763,3.3165695667266846,4.314107894897461,0.2297382652759552,0.2084067165851593,0.26352596282958984
2016-08-18 12:00:00,0.0,2.417852,3.477759599685669,7.306743621826172,0.5981523394584656,0.485977441072464,1.4014348983764648
2016-08-18 13:00:00,0.0,0.56311893,0.6513784527778625,0.01407505664974451,0.6316183805465698,0.4290531575679779,0.2855645716190338
2016-08-18 14:00:00,0.0,1.5688357,0.7801311016082764,0.011152176186442375,0.9691053032875061,5.754641056060791,0.41485410928726196
2016-08-18 15:00:00,0.0,1.0560575,0.35802051424980164,2.34346604347229,2.687174081802368,1.025309443473816,2.121783494949341
2016-08-18 16:00:00,0.0,1.4437692,1.2735472917556763,0.9052504897117615,1.822184681892395,0.7752667665481567,3.107384204864502
2016-08-18 17:00:00,0.0,1.1169494,1.2019492387771606,0.007688648533076048,1.490215539932251,0.12221425026655197,1.9718364477157593
2016-08-18 18:00:00,0.0,0.5452171,0.5238965153694153,0.6745010018348694,0.3491584360599518,0.707385241985321,0.7001272439956665
2016-08-18 19:00:00,0.0,2.228398,3.218045949935913,4.024936676025391,1.0817821025848389,0.504597008228302,0.8646084070205688
2016-08-18 20:00:00,0.0,0.7099676,0.8580312728881836,0.17832569777965546,0.44606509804725647,0.4872559905052185,0.8060706257820129
2016-08-18 21:00:00,0.0,0.6568371,0.7341852188110352,0.013318437151610851,0.1765325516462326,0.0954267606139183,2.176628828048706
2016-08-18 22:00:00,0.0,0.6061446,0.5506001114845276,1.914939821290318e-05,1.451729416847229,0.11447694152593613,0.47158846259117126
2016-08-18 23:00:00,0.0,0.56888604,0.5731396675109863,0.026716962456703186,0.6485365629196167,0.7703992128372192,0.18687012791633606
2016-08-19 00:00:00,0.0,0.7474149,0.6130489706993103,0.0036956695839762688,0.25683969259262085,1.1107532978057861,1.9622039794921875
2016-08-19 01:00:00,0.0,0.42035538,0.5571663975715637,0.016529586166143417,0.3262571394443512,0.21651259064674377,0.22184233367443085
2016-08-19 02:00:00,0.0,0.52134573,0.39256903529167175,8.914220188671607e-07,1.2936036586761475,0.37807968258857727,0.3236069083213806
2016-08-19 03:00:00,0.0,1.0353948,1.0700817108154297,3.2478411197662354,0.9296718835830688,0.6389870047569275,1.152891993522644
2016-08-19 04:00:00,0.0,1.2416086,0.9679297804832458,0.13229817152023315,1.2842689752578735,1.7467671632766724,2.2023284435272217
2016-08-19 05:00:00,0.0,2.5950758,3.977633237838745,1.4065805673599243,0.27055448293685913,1.1805813312530518,1.1401383876800537
2016-08-19 06:00:00,0.0,1.0450797,0.9223681092262268,5.1774582862854,0.3873426616191864,1.6434789896011353,0.8520957827568054
2016-08-19 07:00:00,0.0,0.5706301,0.487302303314209,0.7870369553565979,0.09727001190185547,1.4747692346572876,0.26263144612312317
2016-08-19 08:00:00,0.0,0.9463777,1.1453062295913696,3.494060516357422,0.767203688621521,0.21801893413066864,0.7040678858757019
2016-08-19 09:00:00,0.0,1.6606373,0.983694851398468,4.534447193145752,1.1442233324050903,3.7605361938476562,2.232741355895996
2016-08-19 10:00:00,0.0,2.6340961,3.234736680984497,0.6246159076690674,3.7924344539642334,1.042779803276062,0.2903333306312561
2016-08-19 11:00:00,0.0,1.2894025,0.7275983691215515,0.1853228211402893,0.9558439254760742,3.18957781791687,2.1946675777435303
2016-08-19 12:00:00,0.0,2.4000435,3.7575461864471436,0.19003425538539886,0.5858787894248962,0.8806679844856262,0.6412256956100464
2016-08-19 13:00:00,0.0,1.450097,2.0053493976593018,3.429523468017578,1.0976141691207886,0.28842291235923767,0.27349916100502014
2016-08-19 14:00:00,0.0,0.5299855,0.48738667368888855,2.507965087890625,0.5543296933174133,0.24723868072032928,0.7432888746261597
2016-08-19 15:00:00,0.0,1.1010736,0.8344518542289734,2.59133243560791,1.0578969717025757,1.3996368646621704,1.8813133239746094
2016-08-19 16:00:00,0.0,0.50623953,0.10417455434799194,1.5547947883605957,1.8543974161148071,0.512160062789917,0.28685322403907776
2016-08-19 17:00:00,0.0,0.24071717,0.2955740988254547,0.25135546922683716,0.19595417380332947,0.22140833735466003,0.021042048931121826
2016-08-19 18:00:00,0.0,0.22644848,0.06427004933357239,0.0005142441368661821,0.44079461693763733,0.6404399871826172,0.15641173720359802
2016-08-19 19:00:00,0.0,2.008952,2.2867348194122314,1.3619555234909058,0.3188856542110443,1.9644585847854614,3.5394837856292725
2016-08-19 20:00:00,0.0,0.27824774,0.10575127601623535,2.3576467037200928,0.23521208763122559,0.4870782494544983,0.5032356381416321
2016-08-19 21:00:00,0.0,0.31473252,0.15322169661521912,1.3978960514068604,0.9583640694618225,0.11703526973724365,0.23262172937393188
2016-08-19 22:00:00,0.0,2.0644228,2.63637638092041,2.4366564750671387,1.618646502494812,0.6329097151756287,1.824897289276123
2016-08-19 23:00:00,0.0,2.169484,1.6876239776611328,0.1271965354681015,2.461430072784424,2.567169189453125,4.364359378814697
2016-08-20 00:00:00,0.0,1.3018631,1.1550815105438232,0.22633220255374908,1.752369999885559,0.9464758634567261,2.2849762439727783
2016-08-20 01:00:00,0.0,0.7179733,0.6950197815895081,0.6746826767921448,0.39354023337364197,1.3185116052627563,0.3833322525024414
2016-08-20 02:00:00,0.0,1.2269142,0.926887571811676,1.9103344678878784,3.2586822509765625,0.2338656634092331,1.0384595394134521
2016-08-20 03:00:00,0.0,1.012257,0.6761918663978577,0.015305490233004093,0.9236083030700684,2.782533645629883,0.33503514528274536
2016-08-20 04:00:00,0.0,0.28167316,0.2795734703540802,1.3140029907226562,0.2506561875343323,0.3130527436733246,0.03555472567677498
2016-08-20 05:00:00,0.0,0.38119727,0.3243081569671631,0.9779905080795288,0.2278146594762802,0.8169042468070984,0.07926546782255173
2016-08-20 06:00:00,0.0,0.5161264,0.5754798054695129,0.891928493976593,0.14077730476856232,0.09602968394756317,1.4580845832824707
2016-08-20 07:00:00,0.0,2.3586516,1.3219932317733765,0.15984687209129333,1.1107527017593384,7.815342426300049,1.7629141807556152
2016-08-20 08:00:00,0.0,0.75131965,0.6216694116592407,0.03718585893511772,1.3034271001815796,0.34985342621803284,1.4441306591033936
2016-08-20 09:00:00,0.0,0.64317596,0.7207226157188416,1.6472419500350952,0.5960421562194824,0.18467654287815094,0.811737596988678
2016-08-20 10:00:00,0.0,1.059094,0.7041835188865662,1.1025608777999878,3.1721153259277344,0.2005230039358139,0.9824029803276062
2016-08-20 11:00:00,0.0,0.5201241,0.38762056827545166,0.588740885257721,1.5058625936508179,0.16146931052207947,0.20059454441070557
2016-08-20 12:00:00,0.0,0.46101913,0.6125154495239258,0.8850483298301697,0.25631383061408997,0.11636810004711151,0.40740758180618286
2016-08-20 13:00:00,0.0,0.45092776,0.4877471625804901,2.7811145782470703,0.53122478723526,0.06215686351060867,0.18729408085346222
2016-08-20 14:00:00,0.0,1.1440597,1.2989158630371094,0.3914075195789337,2.1996099948883057,0.16535238921642303,0.26860958337783813
2016-08-20 15:00:00,0.0,1.4940414,0.35952427983283997,0.0832858756184578,6.702548027038574,1.0296763181686401,0.35158485174179077
2016-08-20 16:00:00,0.0,1.492582,1.616261601448059,0.13581262528896332,0.3992905020713806,1.2737979888916016,3.3858284950256348
2016-08-20 17:00:00,0.0,3.5957968,4.038837909698486,0.8151631951332092,0.8961176872253418,6.700251579284668,0.9243513345718384
2016-08-20 18:00:00,0.0,0.7867281,0.6995635628700256,0.5100747346878052,1.1266204118728638,0.1475280523300171,1.9026682376861572
2016-08-20 19:00:00,0.0,0.3061361,0.31046444177627563,2.5536880493164062,0.09235608577728271,0.10429799556732178,0.4456098675727844
2016-08-20 20:00:00,0.0,1.65633,2.5380327701568604,2.1894686222076416,0.7523442506790161,0.2723342180252075,0.2368016541004181
2016-08-20 21:00:00,0.0,2.7011926,1.438454270362854,1.1898177862167358,6.56720495223999,2.8427274227142334,3.642259359359741
2016-08-20 22:00:00,0.0,0.41854203,0.519480288028717,0.1538548469543457,0.08392249792814255,0.4681799113750458,0.3778022527694702
2016-08-20 23:00:00,0.0,0.4473918,0.38207677006721497,2.39998722076416,0.4105065166950226,0.12019551545381546,0.9882757663726807
2016-08-21 00:00:00,0.0,0.8727535,1.0153299570083618,4.2499680519104,0.7848871350288391,0.15667490661144257,0.5798961520195007
2016-08-21 01:00:00,0.0,0.58789766,0.5670906901359558,0.8222606778144836,0.22931644320487976,1.0338413715362549,0.5012641549110413
2016-08-21 02:00:00,0.0,1.5379287,0.8542218804359436,0.0008918631938286126,1.8729627132415771,3.9486401081085205,1.2193745374679565
2016-08-21 03:00:00,0.0,0.6867449,0.6466032862663269,0.7091068029403687,0.5357732176780701,0.3496820330619812,1.7760646343231201
2016-08-21 04:00:00,0.0,2.387393,1.9156850576400757,0.00632924260571599,1.1216765642166138,6.402359485626221,1.001718282699585
2016-08-21 05:00:00,0.0,2.0210595,2.3696420192718506,1.5710192918777466,1.9371987581253052,1.1932299137115479,1.6375304460525513
2016-08-21 06:00:00,0.0,2.6978528,3.0870048999786377,0.028575705364346504,0.6294177770614624,1.3979341983795166,6.924880027770996
2016-08-21 07:00:00,0.0,4.510574,7.42686128616333,4.592302322387695,0.5065731406211853,0.04676414653658867,1.8110805749893188
2016-08-21 08:00:00,0.0,1.6721574,2.4509661197662354,0.3080529570579529,0.8069232106208801,0.7878042459487915,0.40210896730422974
2016-08-21 09:00:00,0.0,0.9026206,1.2736334800720215,1.965205430984497,0.541171669960022,0.28408825397491455,0.12586453557014465
2016-08-21 10:00:00,0.0,1.0488957,1.176951289176941,0.43050310015678406,1.4396345615386963,0.5685423016548157,0.591986358165741
2016-08-21 11:00:00,0.0,4.304262,5.192037582397461,0.048642922192811966,7.901981353759766,0.29310891032218933,0.7650208473205566
2016-08-21 12:00:00,0.0,2.047902,2.2176930904388428,0.5232737064361572,3.7744157314300537,0.7176742553710938,0.7168141007423401
2016-08-21 13:00:00,0.0,1.0700792,0.7748166918754578,1.595720648765564,1.4369027614593506,1.2939825057983398,1.676472783088684
2016-08-21 14:00:00,0.0,0.5277784,0.48787498474121094,0.3392365872859955,0.49713191390037537,0.6775628328323364,0.6058430671691895
2016-08-21 15:00:00,0.0,0.84642124,1.0564368963241577,0.14405372738838196,1.13839852809906,0.20871023833751678,0.3669527769088745
2016-08-21 16:00:00,0.0,1.5118816,1.7096325159072876,0.05888189375400543,3.0799641609191895,0.22555004060268402,0.1955614686012268
2016-08-21 17:00:00,0.0,1.529622,1.4297670125961304,0.8205112814903259,3.7076897621154785,0.2377791702747345,0.7551352381706238
2016-08-21 18:00:00,0.0,1.0638837,1.0657979249954224,0.576795756816864,1.4237548112869263,0.27951157093048096,1.9170461893081665
2016-08-21 19:00:00,0.0,0.70929843,0.8621377348899841,0.4412427842617035,0.4518805146217346,0.36025187373161316,0.9205893874168396
2016-08-21 20:00:00,0.0,0.75491655,0.7897958159446716,0.24182267487049103,0.7840388417243958,1.0418379306793213,0.12083801627159119
2016-08-21 21:00:00,0.0,2.5078957,2.3177664279937744,0.49245956540107727,2.533517599105835,3.006361484527588,3.2353782653808594
2016-08-21 22:00:00,0.0,1.8157011,2.342902183532715,1.451777696609497,1.3045157194137573,1.2926603555679321,0.5533705949783325
2016-08-21 23:00:00,0.0,0.82469916,0.6250470876693726,2.652114152908325,0.39731529355049133,1.531742811203003,1.0763527154922485
2016-08-22 00:00:00,0.0,0.59281594,0.6219225525856018,2.999758243560791,0.13660688698291779,0.7569999098777771,0.32748374342918396
2016-08-22 01:00:00,0.0,0.70654476,0.7680914402008057,2.6451141834259033,0.16043853759765625,0.9874570965766907,0.31671085953712463
2016-08-22 02:00:00,0.0,0.862842,0.6743070483207703,7.624590873718262,0.6543565988540649,0.8654703497886658,0.6638652086257935
2016-08-22 03:00:00,0.0,0.7203462,0.5547600984573364,2.6217284202575684,1.2133828401565552,0.2626746594905853,1.1766279935836792
2016-08-22 04:00:00,0.0,0.62831885,0.5461086630821228,0.04880281165242195,0.8132505416870117,0.7025361061096191,0.8129479885101318
2016-08-22 05:00:00,0.0,0.90070564,1.2031118869781494,0.019025973975658417,0.6469693779945374,0.5800670385360718,0.31184303760528564
2016-08-22 06:00:00,0.0,1.8045853,0.9454455971717834,2.1847569942474365,0.2565594017505646,7.087330341339111,0.3286224603652954
2016-08-22 07:00:00,0.0,0.7148343,0.3600478172302246,0.14163382351398468,0.15828154981136322,2.560612201690674,0.7307091355323792
2016-08-22 08:00:00,0.0,1.1012827,0.877078115940094,0.3026658892631531,1.220978021621704,0.9564197659492493,2.6902050971984863
2016-08-22 09:00:00,0.0,0.63033575,0.6675088405609131,0.05121491104364395,0.6777974963188171,0.11734003573656082,1.3667610883712769
2016-08-22 10:00:00,0.0,0.76592195,0.63487309217453,0.3656633496284485,1.9084347486495972,0.23833897709846497,0.5761517882347107
2016-08-22 11:00:00,0.0,0.32665733,0.2814892828464508,1.1497615575790405,0.2422051578760147,0.48341450095176697,0.2653561234474182
2016-08-22 12:00:00,0.0,0.67911786,0.6828751564025879,5.400657653808594,0.7394831776618958,0.14522893726825714,0.3048558831214905
2016-08-22 13:00:00,0.0,1.5658699,2.135406732559204,1.0172940492630005,1.770863652229309,0.3075634837150574,0.1290903091430664
2016-08-22 14:00:00,0.0,2.6011488,3.32707142829895,5.00100040435791,1.278265357017517,0.49873414635658264,3.6399216651916504
2016-08-22 15:00:00,0.0,0.65683496,0.36629343032836914,1.851794719696045,1.302732229232788,0.737267017364502,0.8302672505378723
2016-08-22 16:00:00,0.0,0.74971277,0.3546402156352997,1.2393643856048584,0.3822486102581024,2.6068763732910156,0.3907611072063446
2016-08-22 17:00:00,0.0,0.34669492,0.37490689754486084,0.3958852291107178,0.14567503333091736,0.3750143349170685,0.4673517346382141
2016-08-22 18:00:00,0.0,1.0688596,1.2057942152023315,0.001922577153891325,0.7931646108627319,0.34786519408226013,2.2581913471221924
2016-08-22 19:00:00,0.0,1.0563946,1.4296261072158813,0.6106075644493103,1.0591599941253662,0.01564985327422619,0.7449149489402771
2016-08-22 20:00:00,0.0,1.4683875,2.0667593479156494,0.14640474319458008,0.9896512627601624,0.4138469099998474,0.8918880224227905
2016-08-22 21:00:00,0.0,0.9654141,0.6707968711853027,0.1250736117362976,3.1857049465179443,0.35640236735343933,0.12346336990594864
2016-08-22 22:00:00,0.0,0.45178843,0.5431080460548401,0.0004378512967377901,0.4995879530906677,0.39111560583114624,0.03923574462532997
2016-08-22 23:00:00,0.0,0.4183527,0.42304912209510803,0.4431198239326477,0.7788360714912415,0.05666773393750191,0.38608527183532715
2016-08-23 00:00:00,0.0,1.2508581,1.2095680236816406,1.0060689449310303,2.056043863296509,0.49592700600624084,1.4718494415283203
2016-08-23 01:00:00,0.0,1.8199204,2.0256989002227783,1.7644275426864624,0.6514276266098022,1.0687419176101685,3.9585444927215576
2016-08-23 02:00:00,0.0,3.7559974,5.676499843597412,0.11962538957595825,2.842029333114624,0.40346696972846985,0.6084489822387695
2016-08-23 03:00:00,0.0,0.5324964,0.390635222196579,0.40380021929740906,0.5112839341163635,0.8859954476356506,0.8343352675437927
2016-08-23 04:00:00,0.0,0.4845286,0.6477043032646179,0.8208365440368652,0.2626705765724182,0.18543827533721924,0.3330576419830322
2016-08-23 05:00:00,0.0,0.617468,0.47880712151527405,1.6897728443145752,0.4396486282348633,0.8128809332847595,1.1505680084228516
2016-08-23 06:00:00,0.0,0.46875083,0.34941598773002625,0.08836883306503296,0.5748049020767212,0.7257229685783386,0.6445596218109131
2016-08-23 07:00:00,0.0,0.26408294,0.24062848091125488,0.4552268087863922,0.36748746037483215,0.22781875729560852,0.23952792584896088
2016-08-23 08:00:00,0.0,0.38103187,0.2330552339553833,1.4605909585952759,0.33875346183776855,0.7973085045814514,0.34450557827949524
2016-08-23 09:00:00,0.0,2.2410066,2.4064252376556396,0.6128455996513367,1.1069121360778809,4.080968379974365,0.4202701449394226
2016-08-23 10:00:00,0.0,0.6467301,0.3107023239135742,0.051622431725263596,1.626090168952942,0.6738501191139221,1.0503334999084473
2016-08-23 11:00:00,0.0,1.2596055,1.4372806549072266,0.3694532513618469,0.8006629347801208,0.8351168632507324,1.9620988368988037
2016-08-23 12:00:00,0.0,0.35380003,0.364999920129776,0.020093003287911415,0.3545290529727936,0.4560064673423767,0.1898905336856842
2016-08-23 13:00:00,0.0,0.39108405,0.3677922487258911,0.0877997949719429,0.5800749659538269,0.4832472503185272,0.11463555693626404
2016-08-23 14:00:00,0.0,0.4018381,0.45499977469444275,0.07553333044052124,0.5113387703895569,0.06932033598423004,0.5547245740890503
2016-08-23 15:00:00,0.0,2.0460455,2.4812004566192627,0.005692346021533012,1.1839028596878052,0.06569704413414001,4.919563293457031
2016-08-23 16:00:00,0.0,0.92511946,0.713857114315033,0.49407681822776794,1.8753751516342163,0.5146879553794861,1.3557605743408203
2016-08-23 17:00:00,0.0,1.5188798,1.3505172729492188,0.8869336247444153,1.2908599376678467,2.923074722290039,0.628734827041626
2016-08-23 18:00:00,0.0,2.1198459,2.2782177925109863,0.8668078184127808,1.974765658378601,1.8728301525115967,2.1690425872802734
2016-08-23 19:00:00,0.0,0.39751044,0.2964489758014679,0.5520867109298706,0.7147635817527771,0.27205178141593933,0.6295953989028931
2016-08-23 20:00:00,0.0,0.3862095,0.24101054668426514,0.1966613382101059,0.5166130661964417,0.9205279350280762,0.14152660965919495
2016-08-23 21:00:00,0.0,0.915347,1.3255852460861206,0.018938669934868813,0.31391340494155884,0.04755068197846413,1.2491719722747803
2016-08-23 22:00:00,0.0,2.637002,3.237417459487915,0.029640451073646545,4.1507062911987305,0.6200408935546875,0.5670449733734131
2016-08-23 23:00:00,0.0,0.991025,1.3399358987808228,0.01620647870004177,0.43897369503974915,0.33856502175331116,1.2491577863693237
2016-08-24 00:00:00,0.0,0.968635,0.7841403484344482,0.24936768412590027,0.4364594519138336,1.315678596496582,2.579401731491089
2016-08-24 01:00:00,0.0,0.41857255,0.33340075612068176,0.6243592500686646,0.6533845067024231,0.5533082485198975,0.23144832253456116
2016-08-24 02:00:00,0.0,3.153143,4.979065895080566,0.024599365890026093,1.8891605138778687,0.2454002946615219,0.28025367856025696
2016-08-24 03:00:00,0.0,0.47962028,0.2959962785243988,0.04633258655667305,1.2932933568954468,0.029414234682917595,1.053619146347046
2016-08-24 04:00:00,0.0,1.7570412,2.058429002761841,2.689415216445923,1.535156011581421,0.22670115530490875,2.782012701034546
2016-08-24 05:00:00,0.0,0.6605106,0.5624322891235352,0.147653266787529,0.6009698510169983,1.3441903591156006,0.28495100140571594
2016-08-24 06:00:00,0.0,1.4231014,1.967492699623108,0.0021389019675552845,1.4667205810546875,0.2729204297065735,0.4484770894050598
2016-08-24 07:00:00,0.0,0.33675614,0.129141166806221,0.36909446120262146,0.19267232716083527,1.1227151155471802,0.4510799050331116
2016-08-24 08:00:00,0.0,0.25380725,0.1886776089668274,0.08033564686775208,0.17634466290473938,0.595154881477356,0.22615382075309753
2016-08-24 09:00:00,0.0,0.6502352,0.536525547504425,1.4572651386260986,0.7674726843833923,0.6702522039413452,0.8905398845672607
2016-08-24 10:00:00,0.0,0.56454575,0.3718421161174774,1.4601608514785767,0.6828070282936096,0.7246475219726562,1.0097286701202393
2016-08-24 11:00:00,0.0,0.73131967,0.4132784307003021,1.0120879411697388,2.4884049892425537,0.1651088297367096,0.485344797372818
2016-08-24 12:00:00,0.0,0.5203083,0.2973848581314087,5.827365398406982,0.14563573896884918,0.9051696062088013,0.513254702091217
2016-08-24 13:00:00,0.0,2.4960587,3.987748861312866,0.3139648735523224,0.9133352041244507,0.6308596730232239,0.12530790269374847
2016-08-24 14:00:00,0.0,5.508799,8.081559181213379,0.2668288052082062,0.4995094835758209,4.412086009979248,2.068228244781494
2016-08-24 15:00:00,0.0,0.79636854,0.8684981465339661,0.0003215153410565108,0.2739722430706024,0.7208737730979919,1.6089131832122803
2016-08-24 16:00:00,0.0,0.6676108,0.44148802757263184,1.6331003904342651,1.7338379621505737,0.353496253490448,0.46677878499031067
2016-08-24 17:00:00,0.0,0.40718317,0.5093517303466797,0.9704996347427368,0.23470215499401093,0.19359421730041504,0.3289651572704315
2016-08-24 18:00:00,0.0,0.73617655,0.6480834484100342,0.2429041713476181,0.1876615732908249,1.706910490989685,0.6491699814796448
2016-08-24 19:00:00,0.0,1.8052943,0.9296510815620422,0.0419267900288105,0.26499882340431213,6.068394184112549,2.7350881099700928
2016-08-24 20:00:00,0.0,1.4389187,1.0113917589187622,0.17476719617843628,0.19869069755077362,4.471311092376709,1.1838308572769165
2016-08-24 21:00:00,0.0,0.6177881,0.5938352942466736,0.08217301964759827,0.6540471315383911,0.8496298789978027,0.4262321889400482
2016-08-24 22:00:00,0.0,1.0284412,0.46753251552581787,0.11157426983118057,4.3975043296813965,0.12798729538917542,0.30304425954818726
2016-08-24 23:00:00,0.0,0.44729272,0.40341660380363464,0.7692759037017822,0.6407848000526428,0.04694037511944771,0.9920595288276672
2016-08-25 00:00:00,0.0,0.2369114,0.25590190291404724,0.17268773913383484,0.38805317878723145,0.04054046422243118,0.21817529201507568
2016-08-25 01:00:00,0.0,0.35947055,0.3669207990169525,0.3670635521411896,0.18991334736347198,0.40071341395378113,0.5374211072921753
2016-08-25 02:00:00,0.0,1.3459686,1.2003283500671387,0.9351873993873596,0.5204749703407288,3.2114129066467285,0.5025914907455444
2016-08-25 03:00:00,0.0,3.3590522,2.5223701000213623,0.8413670063018799,9.912907600402832,1.2914842367172241,1.1575666666030884
2016-08-25 04:00:00,0.0,0.5341672,0.5605199337005615,2.095444440841675,0.5449609160423279,0.16575776040554047,0.6115590333938599
2016-08-25 05:00:00,0.0,1.2611705,1.8351484537124634,0.5743327736854553,0.9429548978805542,0.11283616721630096,0.5554749369621277
2016-08-25 06:00:00,0.0,0.88063705,1.1099638938903809,1.9986495971679688,0.17011196911334991,1.0423028469085693,0.18567515909671783
2016-08-25 07:00:00,0.0,0.60365254,0.5156445503234863,0.0024784475099295378,0.15115034580230713,1.5881035327911377,0.35108381509780884
2016-08-25 08:00:00,0.0,1.9051133,1.8679386377334595,0.44358888268470764,0.14542660117149353,3.5358216762542725,2.719252586364746
2016-08-25 09:00:00,0.0,0.48911414,0.3814204931259155,3.910386085510254,0.17670662701129913,0.702377438545227,0.4534600079059601
2016-08-25 10:00:00,0.0,0.72420055,0.8426490426063538,1.4705270528793335,0.7090011239051819,0.5944031476974487,0.08067161589860916
2016-08-25 11:00:00,0.0,0.7322437,0.5708005428314209,0.3112393021583557,0.7091997265815735,1.23577880859375,0.9652954936027527
2016-08-25 12:00:00,0.0,0.5229104,0.4004286527633667,1.3948122262954712,0.3649832606315613,0.755348265171051,0.909431517124176
2016-08-25 13:00:00,0.0,0.5334354,0.5654187202453613,1.5472290515899658,0.4532400667667389,0.43756526708602905,0.39620041847229004
2016-08-25 14:00:00,0.0,1.3667159,1.5259159803390503,0.6733533143997192,0.9361810684204102,0.6231507062911987,2.6395304203033447
2016-08-25 15:00:00,0.0,0.9059725,0.8831380009651184,0.22443296015262604,1.2311142683029175,0.3708098232746124,1.5808985233306885
2016-08-25 16:00:00,0.0,1.5710148,0.6315158605575562,2.289761781692505,5.075201988220215,1.761800765991211,0.5621188879013062
2016-08-25 17:00:00,0.0,1.079148,1.241748571395874,4.130193710327148,0.6589524149894714,0.07535816729068756,1.8327581882476807
2016-08-25 18:00:00,0.0,1.0275562,1.1132100820541382,0.2555558681488037,1.478958010673523,0.4758303463459015,0.8821991086006165
2016-08-25 19:00:00,0.0,0.18487796,0.22053630650043488,0.0362866073846817,0.12047129124403,0.13391663134098053,0.20996946096420288
2016-08-25 20:00:00,0.0,0.22497064,0.23129898309707642,0.5993585586547852,0.33163198828697205,0.10861436277627945,0.11036939918994904
2016-08-25 21:00:00,0.0,0.2883634,0.31069228053092957,0.4841509461402893,0.4109484851360321,0.19141153991222382,0.06058494746685028
2016-08-25 22:00:00,0.0,0.71632427,0.2939302623271942,0.22620423138141632,3.107471227645874,0.16148503124713898,0.1596805900335312
2016-08-25 23:00:00,0.0,0.4710948,0.39077672362327576,2.2406294345855713,0.5763629674911499,0.4263748228549957,0.4046604633331299
2016-08-26 00:00:00,0.0,0.43116686,0.5142096877098083,0.2017325609922409,0.35846906900405884,0.2645168602466583,0.4091268479824066
2016-08-26 01:00:00,0.0,0.35300103,0.3194144368171692,0.9488068222999573,0.34235963225364685,0.3745998442173004,0.3863939642906189
2016-08-26 02:00:00,0.0,0.36242568,0.22586144506931305,0.39955875277519226,0.2945965826511383,0.9833611845970154,0.20459209382534027
2016-08-26 03:00:00,0.0,1.0602044,0.31540027260780334,2.1627206802368164,3.0213680267333984,1.9930652379989624,0.18885740637779236
2016-08-26 04:00:00,0.0,0.27052402,0.2529480755329132,0.06962814927101135,0.18230827152729034,0.46904829144477844,0.23316368460655212
2016-08-26 05:00:00,0.0,1.1036004,1.0195890665054321,0.2965247929096222,0.6814879179000854,2.3968276977539062,0.28498584032058716
2016-08-26 06:00:00,0.0,1.2387539,1.8426626920700073,0.07860691845417023,0.42671650648117065,0.05976947396993637,1.3896253108978271
2016-08-26 07:00:00,0.0,0.19753961,0.2165098786354065,0.207644522190094,0.16540703177452087,0.207550048828125,0.11990555375814438
2016-08-26 08:00:00,0.0,0.66355175,0.6037821173667908,1.0003366470336914,0.1803242415189743,1.4819625616073608,0.3514014482498169
2016-08-26 09:00:00,0.0,2.0277443,2.071605920791626,0.030903851613402367,0.3292996287345886,4.28351354598999,1.2884663343429565
2016-08-26 10:00:00,0.0,1.7496668,1.4980140924453735,0.8890684247016907,0.9044668078422546,3.3617331981658936,2.132718563079834
2016-08-26 11:00:00,0.0,0.8519934,0.6206044554710388,2.627119302749634,1.5616400241851807,0.7693243026733398,0.6993347406387329
2016-08-26 12:00:00,0.0,3.203975,4.045648097991943,8.747451782226562,2.9560463428497314,0.91217041015625,1.2126009464263916
2016-08-26 13:00:00,0.0,2.6306183,3.6203644275665283,0.21058227121829987,2.485079526901245,0.7148118019104004,0.9045074582099915
2016-08-26 14:00:00,0.0,2.6536024,3.6266117095947266,1.9581890106201172,1.7295290231704712,0.898731529712677,1.677553415298462
2016-08-26 15:00:00,0.0,0.5961719,0.5666012167930603,1.2089449167251587,1.2040584087371826,0.3057333528995514,0.06486991047859192
2016-08-26 16:00:00,0.0,0.8109976,0.2945445477962494,0.2978866696357727,3.1332929134368896,0.4981353282928467,0.5214852094650269
2016-08-26 17:00:00,0.0,0.13105887,0.10497839003801346,0.0786726176738739,0.2626568377017975,0.10663364827632904,0.11308622360229492
2016-08-26 18:00:00,0.0,0.82621694,0.479299932718277,0.03550216183066368,0.05320611968636513,3.348513126373291,0.044147491455078125
2016-08-26 19:00:00,0.0,0.33816442,0.17299385368824005,1.2953299283981323,0.230289489030838,0.9308914542198181,0.24140527844429016
2016-08-26 20:00:00,0.0,0.41796303,0.3720543384552002,1.658011555671692,0.42725273966789246,0.2767871022224426,0.6142043471336365
2016-08-26 21:00:00,0.0,1.872895,2.3740808963775635,3.64322829246521,0.9223327040672302,0.17502307891845703,3.0579586029052734
2016-08-26 22:00:00,0.0,3.763156,4.0087761878967285,7.952338695526123,7.951171875,0.057489365339279175,0.398026704788208
2016-08-26 23:00:00,0.0,3.9273362,2.7733232975006104,0.5801475644111633,3.4579944610595703,6.57511568069458,7.8759446144104
2016-08-27 00:00:00,0.0,3.5693636,6.082581996917725,1.1795214414596558,0.4449714720249176,0.11633379757404327,0.5980046987533569
2016-08-27 01:00:00,0.0,0.6363784,0.5946212410926819,0.14028851687908173,0.7111454010009766,0.6027504205703735,0.9389504790306091
2016-08-27 02:00:00,0.0,0.85571724,0.6436709761619568,0.055633775889873505,1.3969707489013672,0.5630061030387878,1.89306640625
2016-08-27 03:00:00,0.0,1.568787,1.7173694372177124,1.7237290143966675,2.0143256187438965,0.5161257386207581,1.7010223865509033
2016-08-27 04:00:00,0.0,0.74960834,0.6556091904640198,0.28368836641311646,0.8211469650268555,0.3444468677043915,2.013923406600952
2016-08-27 05:00:00,0.0,0.8360834,1.0382564067840576,0.012696802616119385,0.4804212152957916,0.39085787534713745,1.2304465770721436
2016-08-27 06:00:00,0.0,0.6664787,0.3170565068721771,0.07349606603384018,0.3671627640724182,2.4581031799316406,0.29971736669540405
2016-08-27 07:00:00,0.0,0.243219,0.26141098141670227,0.006874368991702795,0.09047477692365646,0.4156976640224457,0.15861819684505463
2016-08-27 08:00:00,0.0,1.2590076,1.8707938194274902,3.3180763721466064,0.5713393688201904,0.16474421322345734,0.19190342724323273
2016-08-27 09:00:00,0.0,2.233392,3.1657769680023193,0.04348345100879669,0.9094539284706116,0.23199276626110077,3.0059025287628174
2016-08-27 10:00:00,0.0,1.4753217,2.1412460803985596,0.3280259966850281,1.3874905109405518,0.22787471115589142,0.10333671420812607
2016-08-27 11:00:00,0.0,0.31389102,0.27051621675491333,0.12210617959499359,0.437438428401947,0.4324149191379547,0.19846129417419434
2016-08-27 12:00:00,0.0,0.23078994,0.22167295217514038,0.006673004012554884,0.1145603209733963,0.42872685194015503,0.19853314757347107
2016-08-27 13:00:00,0.0,0.35766304,0.2622205317020416,0.5650233626365662,0.24352309107780457,0.8551761507987976,0.2075752317905426
2016-08-27 14:00:00,0.0,0.90135306,0.5377739071846008,0.2937313914299011,0.2257540076971054,3.2464358806610107,0.3131369948387146
2016-08-27 15:00:00,0.0,1.6227925,2.0750248432159424,0.01623263768851757,0.923499584197998,0.7238768339157104,2.107903003692627
2016-08-27 16:00:00,0.0,0.7527576,0.5765918493270874,0.027496065944433212,2.252551555633545,0.3264504373073578,0.1124652698636055
2016-08-27 17:00:00,0.0,0.18109852,0.1890133023262024,0.2567930519580841,0.22616036236286163,0.1290818750858307,0.12685687839984894
2016-08-27 18:00:00,0.0,0.38461068,0.41435912251472473,0.06839936226606369,0.36213430762290955,0.1741972714662552,0.6927295923233032
2016-08-27 19:00:00,0.0,2.1171968,3.312688112258911,0.0005435274797491729,1.2251583337783813,0.28611597418785095,0.23886993527412415
2016-08-27 20:00:00,0.0,0.31553933,0.22378717362880707,0.6154282093048096,0.2336737960577011,0.831372857093811,0.0316355861723423
2016-08-27 21:00:00,0.0,0.39797983,0.3661520481109619,0.010364947840571404,0.5282838940620422,0.4425714313983917,0.3797825872898102
2016-08-27 22:00:00,0.0,0.9094669,0.8606874346733093,1.8316755294799805,0.9596505761146545,1.3335014581680298,0.1417108178138733
2016-08-27 23:00:00,0.0,1.0570889,0.8291661143302917,1.0809544324874878,0.49895164370536804,2.5809130668640137,0.7287059426307678
2016-08-28 00:00:00,0.0,0.50698066,0.398608922958374,2.309760570526123,0.6511873602867126,0.4484894275665283,0.5565134882926941
2016-08-28 01:00:00,0.0,1.6663041,0.8856005072593689,0.6571493148803711,0.2954953610897064,6.395791053771973,0.7251262664794922
2016-08-28 02:00:00,0.0,0.8252814,0.5496760010719299,0.004178999457508326,0.7713603973388672,2.217122793197632,0.3428281247615814
2016-08-28 03:00:00,0.0,0.8493118,0.5606321692466736,1.723270297050476,1.1401234865188599,1.4629428386688232,0.7801265120506287
2016-08-28 04:00:00,0.0,0.5581409,0.633044958114624,0.02206430770456791,0.6266774535179138,0.570745587348938,0.10073850303888321
2016-08-28 05:00:00,0.0,2.2808137,2.1351327896118164,0.2411843091249466,1.409399151802063,5.152818202972412,0.16377131640911102
2016-08-28 06:00:00,0.0,1.2128955,1.8824599981307983,0.0051664612255990505,0.4498641788959503,0.41420474648475647,0.23045599460601807
2016-08-28 07:00:00,0.0,4.9733152,7.774545192718506,0.8657640814781189,0.2761550843715668,2.403794527053833,1.9095124006271362
2016-08-28 08:00:00,0.0,1.6848831,1.9716686010360718,1.055187463760376,0.6344545483589172,1.9305311441421509,1.529960036277771
2016-08-28 09:00:00,0.0,1.864616,2.730163335800171,1.2829722166061401,0.8107162117958069,0.8558119535446167,0.426473468542099
2016-08-28 10:00:00,0.0,0.6392133,0.8572569489479065,0.25055205821990967,0.5688425302505493,0.3110124468803406,0.12561754882335663
2016-08-28 11:00:00,0.0,2.045804,1.2326916456222534,0.026477230712771416,6.8882832527160645,0.9192558526992798,0.9264320731163025
2016-08-28 12:00:00,0.0,0.57199347,0.4517914950847626,0.30390506982803345,1.293990135192871,0.4437626302242279,0.32113727927207947
2016-08-28 13:00:00,0.0,1.424403,1.743507742881775,0.6136799454689026,0.5581294298171997,0.12271682918071747,3.5063843727111816
2016-08-28 14:00:00,0.0,2.3924367,3.337353467941284,0.10603010654449463,2.2944633960723877,0.2470097839832306,1.2204910516738892
2016-08-28 15:00:00,0.0,1.9091105,1.407002568244934,1.4139388799667358,2.0394771099090576,2.7640061378479004,3.321340560913086
2016-08-28 16:00:00,0.0,1.956288,0.6733288168907166,2.842313289642334,2.881087064743042,5.389312267303467,1.8063480854034424
2016-08-28 17:00:00,0.0,2.5936034,2.367860794067383,1.1336333751678467,0.8713324666023254,6.48496150970459,0.5171456933021545
2016-08-28 18:00:00,0.0,1.9010112,1.6913800239562988,2.4310784339904785,1.1586049795150757,4.240258693695068,0.23180937767028809
2016-08-28 19:00:00,0.0,0.91251206,0.9606831669807434,1.4680618047714233,0.7332252264022827,1.3047351837158203,0.1119597926735878
2016-08-28 20:00:00,0.0,0.5805401,0.5791492462158203,0.00999180693179369,0.49440881609916687,0.9861275553703308,0.17247392237186432
2016-08-28 21:00:00,0.0,0.72225004,0.8253629207611084,0.5872581601142883,1.0759608745574951,0.40197256207466125,0.07881230115890503
2016-08-28 22:00:00,0.0,1.8399117,2.800814390182495,0.6160260438919067,0.35056501626968384,1.1038213968276978,0.2749820351600647
2016-08-28 23:00:00,0.0,0.53155434,0.5011637806892395,0.5319268107414246,0.12330595403909683,1.2716600894927979,0.13305437564849854
2016-08-29 00:00:00,0.0,1.6568007,1.07390558719635,1.2562527656555176,0.575490415096283,5.0603156089782715,1.1904501914978027
2016-08-29 01:00:00,0.0,1.4059842,0.8941755890846252,1.96258544921875,0.7508182525634766,4.084743022918701,0.79639732837677
2016-08-29 02:00:00,0.0,1.4438757,1.2313259840011597,0.5209320187568665,2.607753038406372,1.2814619541168213,1.197351098060608
2016-08-29 03:00:00,0.0,0.41110632,0.4650018513202667,4.0473111084793345e-07,0.3545393943786621,0.2789490520954132,0.520777702331543
2016-08-29 04:00:00,0.0,0.7809808,0.6715853214263916,0.7820488810539246,0.29190781712532043,1.4076154232025146,1.1963551044464111
2016-08-29 05:00:00,0.0,1.6709944,1.7403579950332642,0.16829846799373627,0.47667834162712097,0.7643161416053772,5.307224273681641
2016-08-29 06:00:00,0.0,1.8453587,1.4104251861572266,0.8482071161270142,1.6373498439788818,3.032127618789673,2.9914169311523438
2016-08-29 07:00:00,0.0,1.0759051,0.8229544162750244,0.2888384461402893,1.6459516286849976,0.6578871011734009,2.524326801300049
2016-08-29 08:00:00,0.0,0.6135845,0.5427231192588806,0.0363207645714283,0.6422821283340454,0.31991812586784363,1.6467634439468384
2016-08-29 09:00:00,0.0,2.375572,3.6128005981445312,1.4017490148544312,1.340572714805603,0.19630838930606842,0.8206136226654053
2016-08-29 10:00:00,0.0,0.5845578,0.36557331681251526,0.053286582231521606,2.1213221549987793,0.16876207292079926,0.06958653777837753
2016-08-29 11:00:00,0.0,1.021246,1.2165991067886353,3.914849366992712e-05,0.6240144371986389,0.20731446146965027,2.223964214324951
2016-08-29 12:00:00,0.0,0.9351122,0.6028305292129517,0.014826805330812931,0.8554688692092896,2.5523552894592285,0.4680752456188202
2016-08-29 13:00:00,0.0,2.562437,1.0903092622756958,0.2290603369474411,0.822733998298645,11.021443367004395,0.21976853907108307
2016-08-29 14:00:00,0.0,0.837519,0.6402550935745239,0.21718446910381317,1.952036738395691,0.7546319961547852,0.3708319365978241
2016-08-29 15:00:00,0.0,2.2379172,0.7522852420806885,0.008748188614845276,8.002923965454102,1.8717557191848755,2.261021852493286
2016-08-29 16:00:00,0.0,1.4509397,1.3928050994873047,0.937446653842926,2.5502166748046875,0.049512241035699844,2.4568822383880615
2016-08-29 17:00:00,0.0,1.0371644,0.8665347099304199,0.3231148421764374,1.4605644941329956,0.8974437117576599,1.7430167198181152
2016-08-29 18:00:00,0.0,2.930677,4.163275241851807,2.212545871734619,2.456892728805542,0.17342153191566467,1.3689370155334473
2016-08-29 19:00:00,0.0,0.5094855,0.5895845890045166,0.026836222037672997,0.21792960166931152,0.6851858496665955,0.35230112075805664
2016-08-29 20:00:00,0.0,0.39758113,0.5476710796356201,0.6054626107215881,0.09445341676473618,0.22499272227287292,0.2775743305683136
2016-08-29 21:00:00,0.0,1.7089311,1.3280425071716309,0.5387321710586548,4.936777591705322,0.643097460269928,0.5032930374145508
2016-08-29 22:00:00,0.0,0.8031154,0.9911170601844788,1.7740769386291504,0.6474593281745911,0.11729394644498825,0.9049496650695801
2016-08-29 23:00:00,0.0,0.30685744,0.20699293911457062,0.1018882617354393,0.26852795481681824,0.3798781931400299,0.8965771198272705
2016-08-30 00:00:00,0.0,0.43673408,0.3309367597103119,0.46526190638542175,0.15517233312129974,0.29301661252975464,1.8086249828338623
2016-08-30 01:00:00,0.0,0.6886826,0.8182467818260193,0.38670679926872253,0.3378586173057556,0.07791022956371307,1.6695857048034668
2016-08-30 02:00:00,0.0,0.9498718,0.5354791283607483,4.177788468950894e-06,3.4593923091888428,0.4675218164920807,0.12614478170871735
2016-08-30 03:00:00,0.0,0.5978394,0.6643312573432922,0.03156723827123642,0.20182256400585175,0.7230076789855957,0.8144420981407166
2016-08-30 04:00:00,0.0,1.4382381,1.4844039678573608,2.1878156661987305,0.9237130880355835,1.75965416431427,1.3117907047271729
2016-08-30 05:00:00,0.0,0.71079123,0.5977149605751038,0.024143118411302567,0.5183913111686707,1.471343994140625,0.5666431188583374
2016-08-30 06:00:00,0.0,0.8222644,0.5302655100822449,0.9890365600585938,1.0159838199615479,0.9461856484413147,1.9766936302185059
2016-08-30 07:00:00,0.0,0.3589099,0.22928829491138458,0.6040342450141907,0.1554829627275467,1.0554986000061035,0.21232570707798004
2016-08-30 08:00:00,0.0,0.5035074,0.24885036051273346,0.11393783986568451,0.09899462014436722,2.023061513900757,0.1775195300579071
2016-08-30 09:00:00,0.0,0.450824,0.36361852288246155,0.08198358118534088,0.46692439913749695,0.37573927640914917,1.1694889068603516
2016-08-30 10:00:00,0.0,0.49938762,0.24449099600315094,0.48215579986572266,0.9942677617073059,1.064719796180725,0.17770324647426605
2016-08-30 11:00:00,0.0,0.63727474,0.5320953130722046,4.179076194763184,0.48462459444999695,0.5665674805641174,0.7737767100334167
2016-08-30 12:00:00,0.0,0.47351038,0.424193412065506,4.504697799682617,0.45970645546913147,0.1925152838230133,0.27751362323760986
2016-08-30 13:00:00,0.0,0.38813648,0.37536129355430603,4.274980068206787,0.1553637534379959,0.31657689809799194,0.02565873973071575
2016-08-30 14:00:00,0.0,0.9001351,1.4507943391799927,0.08208118379116058,0.2600541114807129,0.17951491475105286,0.1819191575050354
2016-08-30 15:00:00,0.0,0.7606252,0.6289579272270203,2.266759157180786,1.2329803705215454,0.05111728981137276,1.5891127586364746
2016-08-30 16:00:00,0.0,0.53687406,0.5321983695030212,3.0451889038085938,0.3199034631252289,0.33467012643814087,0.6714054346084595
2016-08-30 17:00:00,0.0,1.5427899,2.243621826171875,0.12993654608726501,0.6157146692276001,0.4998747706413269,1.13849675655365
2016-08-30 18:00:00,0.0,1.2647263,1.3421775102615356,0.3920133411884308,0.13914810121059418,2.6370370388031006,0.58641517162323
2016-08-30 19:00:00,0.0,1.8111732,2.198720693588257,0.9808390736579895,0.15547335147857666,0.6284661293029785,4.660686016082764
2016-08-30 20:00:00,0.0,1.2085769,1.8572497367858887,0.38881343603134155,0.37528496980667114,0.215428426861763,0.7177509069442749
2016-08-30 21:00:00,0.0,0.97823787,1.5085138082504272,1.119092075896333e-06,0.5147439241409302,0.01560575608164072,0.5368606448173523
2016-08-30 22:00:00,0.0,0.7728947,0.7016724944114685,0.03270570561289787,0.9140857458114624,0.8038906455039978,1.0839476585388184
2016-08-30 23:00:00,0.0,0.18748583,0.17130380868911743,0.0040540071204304695,0.3148477375507355,0.1485401839017868,0.17570760846138
2016-08-31 00:00:00,0.0,0.38169396,0.364980548620224,0.20867033302783966,0.6679161787033081,0.25450772047042847,0.2469172179698944
2016-08-31 01:00:00,0.0,0.59544104,0.5388569235801697,0.09656368941068649,0.4582682251930237,0.8684971928596497,0.821868896484375
2016-08-31 02:00:00,0.0,0.3145819,0.25991857051849365,0.10077274590730667,0.36939525604248047,0.3125982880592346,0.6035623550415039
2016-08-31 03:00:00,0.0,1.7084786,0.6795496940612793,2.64778995513916,5.8290228843688965,1.8305259943008423,0.2226857841014862
2016-08-31 04:00:00,0.0,0.44190335,0.4905550181865692,0.16637124121189117,0.3118281960487366,0.4947449266910553,0.3540353775024414
2016-08-31 05:00:00,0.0,0.5269354,0.40265747904777527,1.2036787271499634,0.8283098936080933,0.732927680015564,0.21552559733390808
2016-08-31 06:00:00,0.0,0.59851605,0.10067304223775864,1.1879963874816895,0.4294223189353943,2.7061657905578613,0.045730847865343094
2016-08-31 07:00:00,0.0,0.8215541,0.7047907710075378,4.757680892944336,0.247648686170578,0.7428646683692932,1.6801444292068481
2016-08-31 08:00:00,0.0,0.6463157,0.4149946868419647,2.071702480316162,0.6893066763877869,0.7937595248222351,1.3446346521377563
2016-08-31 09:00:00,0.0,0.75468504,0.3476519286632538,0.3037351071834564,0.8500833511352539,1.5992003679275513,1.6647721529006958
2016-08-31 10:00:00,0.0,1.0175945,0.6154075860977173,0.057246673852205276,1.5653250217437744,1.2591568231582642,2.2895395755767822
2016-08-31 11:00:00,0.0,0.78047633,0.4438677728176117,0.040307458490133286,1.974995493888855,0.7323949933052063,0.9789038896560669
2016-08-31 12:00:00,0.0,1.6604726,2.753708600997925,0.467533677816391,0.19449178874492645,0.30092740058898926,0.34396249055862427
2016-08-31 13:00:00,0.0,0.8463451,0.6760860085487366,0.0434018149971962,0.8876100778579712,1.069401502609253,1.6060724258422852
2016-08-31 14:00:00,0.0,0.39849597,0.3768881559371948,2.696512222290039,0.15289194881916046,0.2580619752407074,0.629205584526062
2016-08-31 15:00:00,0.0,0.8006648,1.0679632425308228,1.613802433013916,0.7535812258720398,0.17578783631324768,0.16952015459537506
2016-08-31 16:00:00,0.0,2.1197243,1.4057096242904663,1.311883568763733,7.805748462677002,0.13004174828529358,0.13717390596866608
2016-08-31 17:00:00,0.0,1.5188416,1.8708988428115845,0.5418386459350586,1.130682110786438,1.632689356803894,0.1307951956987381
2016-08-31 18:00:00,0.0,2.715136,2.8238372802734375,0.7167603373527527,0.1605752408504486,4.990283489227295,3.0514955520629883
2016-08-31 19:00:00,0.0,0.91503674,1.281021237373352,0.13487370312213898,0.26625320315361023,0.21832168102264404,1.2687921524047852
2016-08-31 20:00:00,0.0,0.90314794,0.8678789734840393,0.7509796023368835,0.8370383977890015,0.7735506296157837,1.4952888488769531
2016-08-31 21:00:00,0.0,0.77531946,0.7539789080619812,0.312663733959198,0.7057563066482544,0.8135789632797241,1.0738091468811035
2016-08-31 22:00:00,0.0,0.78289235,0.554659903049469,0.17114883661270142,1.921682596206665,0.7377789616584778,0.39128854870796204
2016-08-31 23:00:00,0.0,0.4796249,0.3146914541721344,0.5016768574714661,0.1857224702835083,1.515198826789856,0.16578760743141174
2016-01-09 00:00:00,0.0,0.49857494,0.3829836845397949,0.5014742612838745,0.35865598917007446,1.2167603969573975,0.17943155765533447
2016-01-09 01:00:00,0.0,1.7095318,1.9853668212890625,3.6827635765075684,0.5445848107337952,1.0537598133087158,2.747469663619995
2016-01-09 02:00:00,0.0,0.7351074,0.5466811060905457,2.0621798038482666,1.8118106126785278,0.30233070254325867,0.4070264995098114
2016-01-09 03:00:00,0.0,1.2036895,0.39938291907310486,0.169333353638649,4.459007263183594,1.0999151468276978,0.7729173898696899
2016-01-09 04:00:00,0.0,0.5606276,0.3376084864139557,0.3843032419681549,0.2001827508211136,1.8193079233169556,0.37091064453125
2016-01-09 05:00:00,0.0,1.116454,1.4002312421798706,2.687628746032715,0.8966736197471619,0.368486225605011,0.7145559191703796
2016-01-09 06:00:00,0.0,2.2084854,2.34739351272583,0.4872797429561615,1.3478468656539917,2.2337751388549805,3.267199754714966
2016-01-09 07:00:00,0.0,0.64356154,0.3563674986362457,0.4676516652107239,0.9423874020576477,1.366090178489685,0.6233328580856323
2016-01-09 08:00:00,0.0,0.4357992,0.21987371146678925,0.5069712996482849,0.4034521281719208,1.320530891418457,0.2218862622976303
2016-01-09 09:00:00,0.0,0.5221119,0.25920408964157104,0.0860241949558258,0.4027129113674164,1.4429376125335693,0.8060835599899292
2016-01-09 10:00:00,0.0,0.4712492,0.554711103439331,0.5050221681594849,0.16089071333408356,0.2712560296058655,0.8551501631736755
2016-01-09 11:00:00,0.0,2.9139667,3.154167890548706,0.2730403244495392,4.555371284484863,0.535077691078186,3.423590898513794
2016-01-09 12:00:00,0.0,1.206747,1.6461349725723267,0.06984422355890274,0.9012278318405151,0.48721593618392944,0.6484832763671875
2016-01-09 13:00:00,0.0,3.075648,5.060070514678955,0.13903330266475677,0.5759955644607544,0.247213676571846,1.2274197340011597
2016-01-09 14:00:00,0.0,3.0103471,2.195117235183716,0.40854504704475403,2.3441150188446045,6.360454082489014,3.8553991317749023
2016-01-09 15:00:00,0.0,3.3207812,2.3439993858337402,0.8785548806190491,2.4663751125335693,7.549111843109131,3.887657642364502
2016-01-09 16:00:00,0.0,2.2735298,0.9007770419120789,1.0011847019195557,4.473195552825928,5.978983402252197,0.4941742420196533
2016-01-09 17:00:00,0.0,2.3667655,1.609239101409912,0.36434975266456604,0.7299479842185974,8.203039169311523,0.06348544359207153
2016-01-09 18:00:00,0.0,2.5801241,1.3109052181243896,5.651991844177246,0.7154942750930786,9.799860954284668,0.0560355968773365
2016-01-09 19:00:00,0.0,0.9423169,0.32267358899116516,0.3640890121459961,0.35828134417533875,3.145362377166748,1.9714655876159668
2016-01-09 20:00:00,0.0,0.5531765,0.5026323795318604,0.17005404829978943,0.5620023608207703,0.4822985827922821,1.060813069343567
2016-01-09 21:00:00,0.0,0.41425884,0.4441070556640625,0.5303422212600708,0.23999302089214325,0.09124536067247391,1.0763871669769287
2016-01-09 22:00:00,0.0,1.1759025,0.4819588363170624,0.6097126007080078,4.382335186004639,0.7114380598068237,0.6826668977737427
2016-01-09 23:00:00,0.0,0.85782677,0.9610874652862549,0.17412985861301422,1.2163912057876587,0.15643055737018585,1.0091423988342285
2016-02-09 00:00:00,0.0,0.6374101,0.6547279357910156,0.08952094614505768,0.8041495084762573,0.2569378912448883,1.0445080995559692
2016-02-09 01:00:00,0.0,0.4685759,0.4124181270599365,0.05538535490632057,0.4273887574672699,0.6838833093643188,0.6041091680526733
2016-02-09 02:00:00,0.0,0.5060988,0.4644901752471924,0.8343693017959595,0.3627853989601135,0.5279179811477661,0.8862982988357544
2016-02-09 03:00:00,0.0,1.0496206,0.6571250557899475,0.023250676691532135,2.7023584842681885,0.4919026792049408,1.7449015378952026
2016-02-09 04:00:00,0.0,0.9752278,0.9290571808815002,3.98508882522583,0.2297106683254242,0.5997548699378967,2.461519956588745
2016-02-09 05:00:00,0.0,0.4737198,0.5024080872535706,1.6179183721542358,0.1346244364976883,0.5009617805480957,0.561284065246582
2016-02-09 06:00:00,0.0,0.71993786,0.2894609570503235,0.6633819937705994,0.6294831037521362,2.413379192352295,0.5117114782333374
2016-02-09 07:00:00,0.0,0.34265187,0.23806850612163544,0.045376211404800415,0.4709499180316925,0.2822346091270447,0.9256798028945923
2016-02-09 08:00:00,0.0,0.44210297,0.2941228449344635,1.7512850761413574,0.18998979032039642,0.7270855903625488,0.9451667070388794
2016-02-09 09:00:00,0.0,3.3383534,3.7546207904815674,1.420000433921814,1.2380859851837158,5.510988712310791,1.1936957836151123
2016-02-09 10:00:00,0.0,1.106838,1.0754684209823608,0.028164684772491455,0.9139979481697083,1.7926546335220337,0.7020155787467957
2016-02-09 11:00:00,0.0,2.5257516,3.2794933319091797,1.2177975177764893,3.4205238819122314,0.5667998194694519,0.19260233640670776
2016-02-09 12:00:00,0.0,0.41771078,0.3746316134929657,1.5641510486602783,0.5861097574234009,0.31442514061927795,0.275627464056015
2016-02-09 13:00:00,0.0,0.8042877,0.6446301937103271,4.715120792388916,1.1152994632720947,0.34373193979263306,1.0462270975112915
2016-02-09 14:00:00,0.0,0.9713007,0.9044144749641418,1.7780028581619263,2.4109995365142822,0.17231164872646332,0.04970091953873634
2016-02-09 15:00:00,0.0,1.2048193,1.2645076513290405,3.2694501876831055,2.1899425983428955,0.20163118839263916,0.3621453046798706
2016-02-09 16:00:00,0.0,2.4629607,3.2924396991729736,5.0604987144470215,2.175459861755371,0.6572573781013489,0.49981164932250977
2016-02-09 17:00:00,0.0,5.5725603,7.6346893310546875,1.1921488046646118,0.9009910225868225,6.520656108856201,0.8109709620475769
2016-02-09 18:00:00,0.0,1.4625331,1.073694109916687,0.2172088772058487,0.8836226463317871,3.145036458969116,2.1756107807159424
2016-02-09 19:00:00,0.0,1.2578247,1.438254714012146,0.24795113503932953,0.33905482292175293,1.1042959690093994,2.3042359352111816
2016-02-09 20:00:00,0.0,0.3824446,0.3795222342014313,0.0961976945400238,0.29971250891685486,0.5364099144935608,0.3468819856643677
2016-02-09 21:00:00,0.0,0.8806986,0.4746938943862915,0.006116708740592003,2.3626766204833984,1.12610924243927,0.5124436020851135
2016-02-09 22:00:00,0.0,0.36004904,0.4491436779499054,2.024479866027832,0.2726327180862427,0.07981308549642563,0.05276491865515709
2016-02-09 23:00:00,0.0,0.88937557,0.7864494919776917,1.4545396566390991,0.9586648344993591,0.9521340727806091,1.1345577239990234
2016-03-09 00:00:00,0.0,0.4071005,0.3355477750301361,1.0653859376907349,0.46042153239250183,0.3453291356563568,0.6866334676742554
2016-03-09 01:00:00,0.0,0.5182997,0.35091590881347656,0.8217217922210693,0.36712145805358887,1.0642929077148438,0.755821168422699
2016-03-09 02:00:00,0.0,0.8892746,1.0468194484710693,0.08656877279281616,0.3792516589164734,0.5586890578269958,1.6157456636428833
2016-03-09 03:00:00,0.0,0.7927239,0.4833291471004486,0.5469204783439636,0.38608700037002563,2.438180685043335,0.5426090955734253
2016-03-09 04:00:00,0.0,0.71187955,0.8900704383850098,1.7327966690063477,0.5195106863975525,0.3706367015838623,0.3213246464729309
2016-03-09 05:00:00,0.0,0.44357362,0.2928590476512909,0.06556715071201324,0.15083874762058258,1.4029914140701294,0.2756677269935608
2016-03-09 06:00:00,0.0,0.42649186,0.45028337836265564,1.1211920976638794,0.2603764832019806,0.34839266538619995,0.5374431610107422
2016-03-09 07:00:00,0.0,1.2170192,1.5428584814071655,0.05852598324418068,0.4280076324939728,0.35870361328125,2.4344305992126465
2016-03-09 08:00:00,0.0,2.29495,1.9959050416946411,4.2316203117370605,0.21795634925365448,6.37202787399292,0.1049044132232666
2016-03-09 09:00:00,0.0,0.7984852,0.5620269179344177,5.086849689483643,0.7284964323043823,0.9131263494491577,1.0670031309127808
2016-03-09 10:00:00,0.0,0.62294614,0.3641436994075775,2.7722020149230957,1.843140959739685,0.14551237225532532,0.33861514925956726
2016-03-09 11:00:00,0.0,3.2779212,4.766449928283691,2.074134349822998,0.8515316247940063,1.8723564147949219,1.353611707687378
2016-03-09 12:00:00,0.0,0.47210738,0.45762670040130615,3.3760695457458496,0.27213054895401,0.40460553765296936,0.3010885715484619
2016-03-09 13:00:00,0.0,0.5074045,0.35253962874412537,5.4044508934021,0.48650673031806946,0.2783910632133484,0.6496764421463013
2016-03-09 14:00:00,0.0,1.3869197,1.8947752714157104,2.1173784732818604,1.3710248470306396,0.06886780261993408,0.49157923460006714
2016-03-09 15:00:00,0.0,0.5576645,0.5448902249336243,1.7227206230163574,0.9224348664283752,0.1408609002828598,0.4341047704219818
2016-03-09 16:00:00,0.0,1.7426882,2.443485975265503,0.3540370762348175,1.6480313539505005,0.35985878109931946,0.4706663489341736
2016-03-09 17:00:00,0.0,0.8663067,0.6377823352813721,0.5079734921455383,1.0327208042144775,1.7875118255615234,0.42370277643203735
2016-03-09 18:00:00,0.0,0.6675282,0.4580146372318268,0.7819887399673462,0.9578185677528381,1.0924092531204224,0.6444442868232727
2016-03-09 19:00:00,0.0,1.0338161,0.6735641360282898,0.03891836851835251,1.7852593660354614,1.144068717956543,1.9360830783843994
2016-03-09 20:00:00,0.0,0.42368945,0.17601363360881805,0.19236403703689575,1.1123712062835693,0.31641387939453125,0.9501149654388428
2016-03-09 21:00:00,0.0,0.46023703,0.25044551491737366,0.020315764471888542,0.7317360639572144,0.4552319347858429,1.3626017570495605
2016-03-09 22:00:00,0.0,0.592141,0.535807192325592,1.5513722896575928,1.1085296869277954,0.20408649742603302,0.465751051902771
2016-03-09 23:00:00,0.0,1.0687158,1.3776984214782715,0.512074887752533,0.1952143907546997,1.4132115840911865,0.2797423303127289
2016-04-09 00:00:00,0.0,4.668329,2.2889297008514404,0.3307094871997833,3.4492194652557373,11.207356452941895,10.71927547454834
2016-04-09 01:00:00,0.0,0.8939549,0.6050179600715637,0.40774670243263245,0.6472931504249573,1.6348649263381958,1.884193778038025
2016-04-09 02:00:00,0.0,0.48593956,0.34977206587791443,0.6795752048492432,0.4118827283382416,0.9461271166801453,0.5788059234619141
2016-04-09 03:00:00,0.0,0.75044656,0.5196701288223267,2.341219902038574,0.15390653908252716,2.261991262435913,0.13615429401397705
2016-04-09 04:00:00,0.0,1.0567359,1.2918838262557983,0.012322128750383854,0.8189370036125183,0.7391446828842163,0.8788846135139465
2016-04-09 05:00:00,0.0,1.9615362,2.8218297958374023,1.5387344360351562,1.418556809425354,0.4138842225074768,0.564079761505127
2016-04-09 06:00:00,0.0,1.7906984,1.5114513635635376,3.3466975688934326,0.8163641095161438,2.826704263687134,2.969254970550537
2016-04-09 07:00:00,0.0,2.91849,3.5673959255218506,5.560617446899414,2.6583666801452637,1.4814695119857788,1.334520936012268
2016-04-09 08:00:00,0.0,0.69090384,0.9013422131538391,0.5279054045677185,0.44869884848594666,0.6026688814163208,0.04729313403367996
2016-04-09 09:00:00,0.0,1.2845367,1.9771976470947266,0.7646418213844299,0.41106361150741577,0.28664708137512207,0.5334296822547913
2016-04-09 10:00:00,0.0,0.44640857,0.47350040078163147,1.3267290592193604,0.2032870501279831,0.5489078164100647,0.30986636877059937
2016-04-09 11:00:00,0.0,1.433759,1.1694836616516113,0.05888332054018974,2.380591869354248,1.400146722793579,1.76499342918396
2016-04-09 12:00:00,0.0,2.2711065,1.3002382516860962,0.1981515735387802,2.069655179977417,5.737860202789307,2.900275707244873
2016-04-09 13:00:00,0.0,0.9366795,0.7914595603942871,0.21229611337184906,0.7899945378303528,1.208656907081604,1.7698326110839844
2016-04-09 14:00:00,0.0,1.0643127,0.9909647107124329,0.01991887018084526,0.5840684175491333,0.8436636328697205,2.99206280708313
2016-04-09 15:00:00,0.0,0.79566866,0.8729691505432129,0.1404641568660736,1.562404990196228,0.2836539149284363,0.049903906881809235
2016-04-09 16:00:00,0.0,0.6008078,0.6041404008865356,0.6924404501914978,0.8224461674690247,0.3586606979370117,0.5937935709953308
2016-04-09 17:00:00,0.0,0.8951157,0.6901512742042542,1.3681894540786743,2.457385540008545,0.3147418797016144,0.2883147597312927
2016-04-09 18:00:00,0.0,0.3328436,0.2378566861152649,0.4730073809623718,0.5462702512741089,0.6004889607429504,0.02584840916097164
2016-04-09 19:00:00,0.0,0.36046755,0.24081702530384064,1.3691694736480713,0.5566710233688354,0.5097188949584961,0.22164905071258545
2016-04-09 20:00:00,0.0,0.6432095,0.5234745144844055,1.0017445087432861,0.8855119347572327,0.6375598907470703,0.8578432202339172
2016-04-09 21:00:00,0.0,0.8698794,0.8174777030944824,0.8538870215415955,1.0489437580108643,1.0310561656951904,0.5928667187690735
2016-04-09 22:00:00,0.0,3.1948895,2.671097755432129,1.192394733428955,6.08596134185791,1.9392262697219849,3.97629976272583
2016-04-09 23:00:00,0.0,0.55012226,0.359394907951355,0.11443039029836655,0.6448963284492493,1.4418054819107056,0.07710958272218704
2016-05-09 00:00:00,0.0,0.41905367,0.2526215612888336,0.7759854197502136,0.6154010891914368,0.801730751991272,0.3151208162307739
2016-05-09 01:00:00,0.0,0.43385485,0.3426058292388916,0.23179049789905548,0.6806713938713074,0.5993098020553589,0.3103897273540497
2016-05-09 02:00:00,0.0,1.0496972,0.9932222962379456,1.1761484146118164,0.7213597893714905,0.46278420090675354,2.958620548248291
2016-05-09 03:00:00,0.0,1.9398615,1.5633939504623413,0.0019512507133185863,3.258547306060791,2.8959219455718994,0.7023395299911499
2016-05-09 04:00:00,0.0,1.2161062,1.6862009763717651,0.46337780356407166,0.9850339293479919,0.2599524259567261,0.6613657474517822
2016-05-09 05:00:00,0.0,0.7152211,0.3612982928752899,1.0768190622329712,0.18380369246006012,2.246703863143921,0.9982445240020752
2016-05-09 06:00:00,0.0,1.3306699,1.6533666849136353,0.8808820843696594,0.13070736825466156,0.757922351360321,2.609178304672241
2016-05-09 07:00:00,0.0,1.0413164,1.2943333387374878,0.0030767954885959625,1.040261149406433,0.6017091870307922,0.5539336204528809
2016-05-09 08:00:00,0.0,2.2256181,2.7986161708831787,1.277632713317871,0.5035285353660583,3.1224899291992188,0.4687565565109253
2016-05-09 09:00:00,0.0,0.44683835,0.16751857101917267,1.2318906784057617,0.3352982997894287,1.2324150800704956,0.7469298839569092
2016-05-09 10:00:00,0.0,1.1096201,1.471280574798584,0.29548946022987366,0.8208832144737244,0.11177153885364532,1.394714117050171
2016-05-09 11:00:00,0.0,1.3944275,2.1798408031463623,0.03637002035975456,0.08146215230226517,0.4749135971069336,0.9283018708229065
2016-05-09 12:00:00,0.0,0.42222077,0.5879364609718323,0.06264575570821762,0.1503896415233612,0.16531987488269806,0.44310081005096436
2016-05-09 13:00:00,0.0,0.27814505,0.19734154641628265,3.028780221939087,0.4034043252468109,0.11693354696035385,0.13822372257709503
2016-05-09 14:00:00,0.0,0.59765613,0.4194200038909912,3.1325416564941406,0.538826584815979,1.1492294073104858,0.17104926705360413
2016-05-09 15:00:00,0.0,0.90379536,0.9964571595191956,0.18373337388038635,1.0558192729949951,0.37012696266174316,1.1957173347473145
2016-05-09 16:00:00,0.0,0.89823514,0.3359663486480713,0.21437638998031616,1.8492047786712646,1.7089424133300781,1.3598787784576416
2016-05-09 17:00:00,0.0,1.0225357,1.5651451349258423,0.830079972743988,0.6215729117393494,0.14286324381828308,0.05610302835702896
2016-05-09 18:00:00,0.0,0.66100633,0.7765734791755676,1.0802167654037476,0.7987514734268188,0.408615380525589,0.06343123316764832
2016-05-09 19:00:00,0.0,0.18547152,0.2342774122953415,0.01325310580432415,0.14726655185222626,0.0981471911072731,0.1553666889667511
2016-05-09 20:00:00,0.0,0.26517284,0.21697725355625153,0.31994912028312683,0.3769006133079529,0.22095546126365662,0.4225093126296997
2016-05-09 21:00:00,0.0,0.17204985,0.10404149442911148,0.22008277475833893,0.22208477556705475,0.23070701956748962,0.377880722284317
2016-05-09 22:00:00,0.0,0.8119158,0.24031828343868256,0.8906451463699341,2.5257656574249268,1.1033340692520142,0.7125990390777588
2016-05-09 23:00:00,0.0,1.1513693,1.3120546340942383,0.5107875466346741,0.33464759588241577,1.5115584135055542,1.146333932876587
2016-06-09 00:00:00,0.0,0.5271273,0.6406643986701965,0.8106607794761658,0.4333718717098236,0.2365359365940094,0.44762879610061646
2016-06-09 01:00:00,0.0,0.44011518,0.5764791965484619,0.6720473766326904,0.1380489021539688,0.22819647192955017,0.46342164278030396
2016-06-09 02:00:00,0.0,1.2830926,0.9613068699836731,3.091139554977417,0.293643057346344,3.6127841472625732,0.4163733124732971
2016-06-09 03:00:00,0.0,0.6517568,0.47281405329704285,0.19250506162643433,0.5850902795791626,1.620212435722351,0.2620953917503357
2016-06-09 04:00:00,0.0,1.0945958,1.0890856981277466,3.420017719268799,1.1744270324707031,0.7641436457633972,0.9848877191543579
2016-06-09 05:00:00,0.0,0.5189468,0.38759681582450867,2.334005355834961,0.4702245891094208,0.5223119854927063,0.9326573610305786
2016-06-09 06:00:00,0.0,0.41332272,0.3364133834838867,0.23935773968696594,0.22835202515125275,0.7940430641174316,0.57570880651474
2016-06-09 07:00:00,0.0,0.7088675,0.43387171626091003,1.0443651676177979,0.1615666300058365,2.2469000816345215,0.5411880612373352
2016-06-09 08:00:00,0.0,1.1866127,0.9755967259407043,0.6336957812309265,0.5706282258033752,1.7814691066741943,2.627912998199463
2016-06-09 09:00:00,0.0,1.4364063,0.9728000164031982,1.6334762573242188,1.4333502054214478,2.1807446479797363,2.8715319633483887
2016-06-09 10:00:00,0.0,0.9047714,0.8494306206703186,2.132199287414551,1.0887690782546997,0.6057535409927368,1.1312434673309326
2016-06-09 11:00:00,0.0,3.140008,4.714500904083252,0.5303006768226624,1.8739640712738037,1.0067811012268066,0.29419708251953125
2016-06-09 12:00:00,0.0,0.99014026,1.1996761560440063,0.5990997552871704,0.8270020484924316,0.8418770432472229,0.3756372928619385
2016-06-09 13:00:00,0.0,0.54944766,0.5199262499809265,0.06254848837852478,1.0867421627044678,0.12770666182041168,0.6460824012756348
2016-06-09 14:00:00,0.0,0.52721155,0.6072239279747009,0.8017722368240356,0.47094959020614624,0.3118445575237274,0.4538477957248688
2016-06-09 15:00:00,0.0,0.3976496,0.3277047574520111,0.0221366286277771,0.2793782353401184,0.8949002027511597,0.24798351526260376
2016-06-09 16:00:00,0.0,1.8608402,0.9004533290863037,1.3475905656814575,5.632482051849365,2.3750853538513184,0.25117114186286926
2016-06-09 17:00:00,0.0,0.7969698,0.8685389161109924,1.5025005340576172,0.7425169944763184,0.5988458395004272,0.6331804394721985
2016-06-09 18:00:00,0.0,5.335947,8.829998970031738,0.9044995903968811,1.07196044921875,0.607995331287384,1.2153838872909546
2016-06-09 19:00:00,0.0,2.9417582,4.449669361114502,0.8710869550704956,1.4834421873092651,0.937606155872345,0.47127383947372437
2016-06-09 20:00:00,0.0,0.7981177,1.012360692024231,3.0864417552948,0.6304106712341309,0.18817198276519775,0.3014715313911438
2016-06-09 21:00:00,0.0,0.20887925,0.1673651784658432,0.09084666520357132,0.3048728108406067,0.37461304664611816,0.0294490996748209
2016-06-09 22:00:00,0.0,0.36032483,0.08277422934770584,0.0031162844970822334,1.3270221948623657,0.5464938879013062,0.09741384536027908
2016-06-09 23:00:00,0.0,0.18627584,0.07917744666337967,1.4467447996139526,0.1821565479040146,0.19174936413764954,0.5113790035247803
2016-07-09 00:00:00,0.0,0.60733247,0.6230579018592834,0.9392335414886475,0.5388901829719543,0.29788440465927124,1.0913124084472656
2016-07-09 01:00:00,0.0,1.5712407,1.8091440200805664,0.002305969363078475,1.1251424551010132,0.16429345309734344,3.778883457183838
2016-07-09 02:00:00,0.0,2.687203,3.4450361728668213,0.4988788366317749,2.248730421066284,1.0053009986877441,2.397939920425415
2016-07-09 03:00:00,0.0,1.4467463,1.6878408193588257,0.033039357513189316,0.749658465385437,1.9605944156646729,0.6742743253707886
2016-07-09 04:00:00,0.0,0.75284964,0.5679882764816284,0.3212043046951294,0.5849018096923828,1.9008197784423828,0.2548902928829193
2016-07-09 05:00:00,0.0,1.1324307,1.4487565755844116,0.16418126225471497,1.3676689863204956,0.43637901544570923,0.2829624116420746
2016-07-09 06:00:00,0.0,0.42734438,0.43020138144493103,0.22486230731010437,0.40405037999153137,0.14729081094264984,0.9916806221008301
2016-07-09 07:00:00,0.0,0.6804351,0.4414997100830078,0.1790352463722229,0.3532380163669586,1.717964768409729,0.9963161945343018
2016-07-09 08:00:00,0.0,2.8330474,3.7805211544036865,0.012883767485618591,1.4690502882003784,2.4447128772735596,0.9198250770568848
2016-07-09 09:00:00,0.0,0.7958572,0.5647763013839722,1.4794895648956299,0.41539591550827026,1.7804323434829712,0.9542354345321655
2016-07-09 10:00:00,0.0,0.51955366,0.4970632493495941,0.19812992215156555,0.7592211961746216,0.14919564127922058,0.9635602235794067
2016-07-09 11:00:00,0.0,2.103357,1.470543384552002,0.4295881390571594,5.177860736846924,0.8321422934532166,3.1629271507263184
2016-07-09 12:00:00,0.0,1.5842656,1.718260645866394,0.05946529656648636,1.3061004877090454,0.7077993154525757,3.1820998191833496
2016-07-09 13:00:00,0.0,0.6434053,0.43434247374534607,0.8689807057380676,1.2032243013381958,0.767675518989563,0.6442322731018066
2016-07-09 14:00:00,0.0,0.4887489,0.4486168324947357,0.0015796828083693981,0.8618531823158264,0.28136125206947327,0.5613300204277039
2016-07-09 15:00:00,0.0,1.790134,1.85483980178833,0.5958466529846191,3.0741634368896484,0.06527002900838852,2.471930980682373
2016-07-09 16:00:00,0.0,0.6929272,0.5993826389312744,0.03464139252901077,1.3238918781280518,0.17790377140045166,1.215869665145874
2016-07-09 17:00:00,0.0,0.71335196,0.5489441752433777,0.204637810587883,0.38063985109329224,1.717934489250183,0.6512041687965393
2016-07-09 18:00:00,0.0,0.8472154,0.8629152178764343,3.795734405517578,0.6055234670639038,0.7087765336036682,0.6811150908470154
2016-07-09 19:00:00,0.0,2.0581994,2.410526990890503,1.1630758047103882,1.4693653583526611,1.6324310302734375,1.9435690641403198
2016-07-09 20:00:00,0.0,0.38065422,0.40326955914497375,0.013433966785669327,0.24204620718955994,0.6544429659843445,0.10020070523023605
2016-07-09 21:00:00,0.0,1.6048529,1.5803260803222656,0.6513563990592957,1.3299674987792969,0.7198949456214905,4.020113945007324
2016-07-09 22:00:00,0.0,0.8457509,0.6328824162483215,0.1997372955083847,0.6394972801208496,1.5606063604354858,1.394412636756897
2016-07-09 23:00:00,0.0,0.51636857,0.3812476098537445,1.1647000312805176,0.33339792490005493,1.086635708808899,0.48724281787872314
2016-08-09 00:00:00,0.0,1.1621237,1.1268972158432007,2.8203930854797363,0.43509942293167114,0.7959052324295044,2.8720903396606445
2016-08-09 01:00:00,0.0,0.67795694,0.38694527745246887,2.424400806427002,1.1659685373306274,0.7972930073738098,0.9245577454566956
2016-08-09 02:00:00,0.0,4.747128,7.035637378692627,4.9737725257873535,3.8409974575042725,0.12724252045154572,0.6299408674240112
2016-08-09 03:00:00,0.0,0.7709827,0.5207576751708984,0.24049592018127441,2.202802896499634,0.26392534375190735,0.7866189479827881
2016-08-09 04:00:00,0.0,0.55620325,0.42970654368400574,0.038462262600660324,0.5801551938056946,0.8940731883049011,0.8114290833473206
2016-08-09 05:00:00,0.0,1.0240393,1.2290518283843994,2.751518726348877,0.09231477230787277,0.9707353711128235,1.085891842842102
2016-08-09 06:00:00,0.0,1.2225748,1.1805930137634277,1.6086808443069458,0.5297025442123413,2.648052215576172,0.09588141739368439
2016-08-09 07:00:00,0.0,0.55439126,0.4608984887599945,2.3681185245513916,0.2930063307285309,1.1485992670059204,0.07947701960802078
2016-08-09 08:00:00,0.0,0.65003866,0.5244945883750916,0.8123785257339478,1.050180196762085,0.9654430747032166,0.11051303893327713
2016-08-09 09:00:00,0.0,0.9841063,0.9754055142402649,2.4381370544433594,0.9972782135009766,0.7645743489265442,1.0339324474334717
2016-08-09 10:00:00,0.0,0.9601262,0.35394641757011414,0.5699604749679565,3.6680033206939697,0.7597988843917847,0.3065345585346222
2016-08-09 11:00:00,0.0,0.6283369,0.3177604675292969,2.8518645763397217,1.275862693786621,0.8181059956550598,0.4706478416919708
2016-08-09 12:00:00,0.0,0.7447917,0.6558340191841125,2.4004552364349365,1.1675046682357788,0.4026567339897156,0.7236105799674988
2016-08-09 13:00:00,0.0,2.9313192,3.1924326419830322,1.1282014846801758,1.051226019859314,5.641998291015625,0.3618900775909424
2016-08-09 14:00:00,0.0,1.2277119,1.113951325416565,2.5835916996002197,2.48488450050354,0.20353953540325165,1.1635557413101196
2016-08-09 15:00:00,0.0,1.3401446,1.1762410402297974,2.3946330547332764,2.6589949131011963,0.08809496462345123,1.9430431127548218
2016-08-09 16:00:00,0.0,1.0822663,1.4656165838241577,0.6195393204689026,0.8955174684524536,0.24626599252223969,0.6876581907272339
2016-08-09 17:00:00,0.0,0.726358,1.0175021886825562,0.5479374527931213,0.3254847526550293,0.17044030129909515,0.698481559753418
2016-08-09 18:00:00,0.0,0.36288804,0.280030220746994,0.0786803737282753,0.13331840932369232,0.904507040977478,0.38500040769577026
2016-08-09 19:00:00,0.0,3.4822025,5.171788692474365,0.23902076482772827,0.5040261149406433,1.4663400650024414,2.895048141479492
2016-08-09 20:00:00,0.0,1.4014925,1.4516383409500122,1.574366569519043,0.37341514229774475,2.876976251602173,0.27443835139274597
2016-08-09 21:00:00,0.0,1.1977912,0.4436793327331543,4.3473124504089355,2.623469829559326,2.4589309692382812,0.23315007984638214
2016-08-09 22:00:00,0.0,0.64241076,0.36891093850135803,0.25211527943611145,0.9606571793556213,1.3709332942962646,0.5491381287574768
2016-08-09 23:00:00,0.0,0.99949247,0.46149393916130066,0.07899055629968643,0.5039748549461365,3.3818414211273193,1.1556532382965088
2016-09-09 00:00:00,0.0,3.5458078,3.8195865154266357,0.02244674041867256,2.4659926891326904,4.888808250427246,2.3234024047851562
2016-09-09 01:00:00,0.0,0.5273137,0.20581193268299103,0.3287878930568695,0.6452740430831909,1.4892075061798096,0.6162112951278687
2016-09-09 02:00:00,0.0,1.0493561,1.0198968648910522,1.2183027267456055,1.337741494178772,0.49373897910118103,1.6515299081802368
2016-09-09 03:00:00,0.0,0.78011304,0.5496931076049805,2.9759156703948975,1.251320242881775,0.8774382472038269,0.6187504529953003
2016-09-09 04:00:00,0.0,0.50519615,0.12201110273599625,0.21201491355895996,1.2303358316421509,1.1054601669311523,0.5581455826759338
2016-09-09 05:00:00,0.0,0.4397843,0.11248505860567093,0.36529970169067383,0.4064197540283203,1.4247487783432007,0.7569009065628052
2016-09-09 06:00:00,0.0,0.40907076,0.3426758050918579,2.417240619659424,0.446692556142807,0.14621038734912872,0.6995652914047241
2016-09-09 07:00:00,0.0,0.4722896,0.36164572834968567,0.005393519066274166,0.9610183835029602,0.3620942533016205,0.5904431939125061
2016-09-09 08:00:00,0.0,0.6945917,0.5280216336250305,0.08471265435218811,1.1614429950714111,0.5148642659187317,1.344015121459961
2016-09-09 09:00:00,0.0,0.7027863,0.414582759141922,1.5926283597946167,0.7571229934692383,0.9659180641174316,1.6539777517318726
2016-09-09 10:00:00,0.0,0.69009364,0.7075562477111816,0.004650201182812452,0.999911367893219,0.38415175676345825,0.7498960494995117
2016-09-09 11:00:00,0.0,2.5952194,3.890183448791504,0.14834922552108765,0.8786032795906067,1.0423086881637573,1.1588302850723267
2016-09-09 12:00:00,0.0,0.46552047,0.321186900138855,3.662841320037842,0.9141839742660522,0.2566937804222107,0.11247694492340088
2016-09-09 13:00:00,0.0,1.0110389,1.2753745317459106,1.0271408557891846,0.8385061025619507,0.5248702764511108,0.5737261772155762
2016-09-09 14:00:00,0.0,3.61084,4.704501628875732,3.565601348876953,1.0881599187850952,3.0848686695098877,2.3953182697296143
2016-09-09 15:00:00,0.0,2.475625,1.6066861152648926,1.9849385023117065,2.894585132598877,6.0301032066345215,0.8584093451499939
2016-09-09 16:00:00,0.0,2.4892137,1.7238670587539673,3.51941180229187,1.4194210767745972,7.20847225189209,0.437179297208786
2016-09-09 17:00:00,0.0,0.37065166,0.3687687814235687,0.7420669198036194,0.27615758776664734,0.516778290271759,0.19873838126659393
2016-09-09 18:00:00,0.0,0.6555239,0.6994171142578125,0.30757492780685425,0.09512417018413544,1.2473552227020264,0.4241468906402588
2016-09-09 19:00:00,0.0,0.93503374,0.8298835754394531,0.04978184029459953,1.0885781049728394,0.8067818880081177,1.7429865598678589
2016-09-09 20:00:00,0.0,0.8163185,0.7596189379692078,0.2652798593044281,0.974149227142334,0.491625040769577,1.5862847566604614
2016-09-09 21:00:00,0.0,0.62956214,0.6205560564994812,0.27569589018821716,0.8062363862991333,0.3760823905467987,0.9064742922782898
2016-09-09 22:00:00,0.0,0.5751907,0.4146420657634735,0.5542414784431458,1.6561405658721924,0.3128936290740967,0.11107712239027023
2016-09-09 23:00:00,0.0,0.5888261,0.5721750855445862,0.13639895617961884,0.854756772518158,0.44054093956947327,0.5959600210189819
2016-10-09 00:00:00,0.0,0.6347914,0.6336645483970642,0.10332170128822327,0.927154004573822,0.45062968134880066,0.5850686430931091
2016-10-09 01:00:00,0.0,1.0796951,0.9698600172996521,0.0020054979249835014,1.6824874877929688,0.5682763457298279,1.8482232093811035
2016-10-09 02:00:00,0.0,0.4388533,0.4368312656879425,1.7678041458129883,0.8112720251083374,0.11518855392932892,0.033427804708480835
2016-10-09 03:00:00,0.0,0.5816975,0.33782055974006653,0.03657708689570427,0.13358718156814575,2.2434043884277344,0.05744517222046852
2016-10-09 04:00:00,0.0,0.6173006,0.8478479385375977,2.041623115539551,0.09384097158908844,0.4446612000465393,0.09611047804355621
2016-10-09 05:00:00,0.0,0.80307114,0.6409589648246765,0.5703635811805725,0.44842615723609924,2.0510644912719727,0.2705608010292053
2016-10-09 06:00:00,0.0,1.870936,2.418348550796509,3.3977651596069336,0.6340997815132141,1.2259886264801025,1.4978771209716797
2016-10-09 07:00:00,0.0,0.81784713,0.7647985816001892,5.088331699371338,0.3501397967338562,0.49710020422935486,1.4483118057250977
2016-10-09 08:00:00,0.0,0.62687474,0.4573056697845459,4.675044059753418,0.3463749885559082,1.073215365409851,0.34202495217323303
2016-10-09 09:00:00,0.0,0.7773692,0.5006697177886963,0.85444176197052,0.24995239078998566,2.4486095905303955,0.4166063666343689
2016-10-09 10:00:00,0.0,1.49933,0.5460954308509827,3.0197622776031494,4.298945903778076,1.5783463716506958,1.8010228872299194
2016-10-09 11:00:00,0.0,0.46055067,0.20102983713150024,0.2692268490791321,0.6513074040412903,1.2991801500320435,0.2640807032585144
2016-10-09 12:00:00,0.0,0.96246195,1.141672968864441,1.5101141929626465,0.3077247440814972,0.5065951347351074,1.6938401460647583
2016-10-09 13:00:00,0.0,0.569082,0.6434824466705322,1.8691210746765137,0.48345282673835754,0.22513629496097565,0.5494256615638733
2016-10-09 14:00:00,0.0,6.225226,10.498473167419434,1.0042802095413208,1.1736843585968018,0.14842113852500916,1.365599513053894
2016-10-09 15:00:00,0.0,1.3994514,1.8002148866653442,1.033244252204895,0.9525606036186218,0.30571478605270386,1.7825168371200562
2016-10-09 16:00:00,0.0,1.0238746,1.4812263250350952,0.34089064598083496,0.7172256708145142,0.12129145115613937,0.5666664242744446
2016-10-09 17:00:00,0.0,0.66470516,0.6006972193717957,0.8715494275093079,0.2361135333776474,1.564512014389038,0.17241565883159637
2016-10-09 18:00:00,0.0,0.72279984,0.46109655499458313,0.2582923173904419,0.1403447687625885,2.103412628173828,1.0123701095581055
2016-10-09 19:00:00,0.0,0.57998043,0.3641941547393799,0.4867814779281616,0.7212438583374023,0.7659403085708618,1.3253567218780518
2016-10-09 20:00:00,0.0,0.5498831,0.3661712110042572,0.07185715436935425,0.8139076232910156,0.44915956258773804,1.485884428024292
2016-10-09 21:00:00,0.0,0.8797454,0.47207963466644287,0.13989868760108948,2.108677625656128,1.0368071794509888,1.0852130651474
2016-10-09 22:00:00,0.0,0.4851145,0.4599246084690094,0.4935178756713867,0.4629284739494324,0.3043098747730255,0.9893870949745178
2016-10-09 23:00:00,0.0,6.5253205,5.116090297698975,0.03956672549247742,3.5262961387634277,11.80845832824707,12.604938507080078
2016-11-09 00:00:00,0.0,7.40015,2.8698740005493164,0.34925225377082825,4.891777038574219,20.520185470581055,17.774127960205078
2016-11-09 01:00:00,0.0,0.4730213,0.5422406196594238,0.03685967996716499,0.35363489389419556,0.3914474844932556,0.5184264183044434
2016-11-09 02:00:00,0.0,1.2291254,0.9231352806091309,0.31634095311164856,1.84685218334198,0.8681765794754028,2.843900442123413
2016-11-09 03:00:00,0.0,0.8117748,0.8101927638053894,0.6065554022789001,0.7319525480270386,0.570615291595459,1.4342899322509766
2016-11-09 04:00:00,0.0,1.021448,1.123246192932129,0.0022159551735967398,0.524715781211853,0.9526016116142273,1.6552302837371826
2016-11-09 05:00:00,0.0,0.3576634,0.34253716468811035,0.4632509648799896,0.19237162172794342,0.38458341360092163,0.6641745567321777
2016-11-09 06:00:00,0.0,1.2461683,0.5804811716079712,0.8567310571670532,0.4441523253917694,4.727969169616699,0.6480273604393005
2016-11-09 07:00:00,0.0,0.7820177,0.9839859008789062,0.04486474394798279,0.5469262599945068,0.6221380233764648,0.4456954598426819
2016-11-09 08:00:00,0.0,1.734055,2.657776355743408,0.6157112717628479,1.0861105918884277,0.20148059725761414,0.2872229218482971
2016-11-09 09:00:00,0.0,2.3801682,2.9948017597198486,0.1378730833530426,0.3540119230747223,2.8842520713806152,1.9165666103363037
2016-11-09 10:00:00,0.0,1.0683713,0.9307507872581482,0.0073507800698280334,0.6540220975875854,2.0994036197662354,1.080155372619629
2016-11-09 11:00:00,0.0,1.0853976,0.575100302696228,0.2386193871498108,4.129832744598389,0.17381763458251953,0.6263794302940369
2016-11-09 12:00:00,0.0,0.355668,0.2776699960231781,0.23625263571739197,0.4292108118534088,0.6901609301567078,0.1394471973180771
2016-11-09 13:00:00,0.0,0.2640046,0.2508105933666229,0.4656498432159424,0.3332652449607849,0.34201696515083313,0.03502948582172394
2016-11-09 14:00:00,0.0,0.3382952,0.3013111650943756,0.008816234767436981,0.7113943696022034,0.13612861931324005,0.34343671798706055
2016-11-09 15:00:00,0.0,0.66124403,0.9010655879974365,0.311492919921875,0.722372829914093,0.08678951114416122,0.2080717384815216
2016-11-09 16:00:00,0.0,0.45021755,0.46199312806129456,0.2563782334327698,0.3261162340641022,0.2434338480234146,1.0070724487304688
2016-11-09 17:00:00,0.0,1.0251702,0.40361300110816956,0.45514675974845886,3.8245890140533447,0.5141906142234802,0.8922518491744995
2016-11-09 18:00:00,0.0,0.40449777,0.2997993528842926,1.1821402311325073,0.4399852752685547,0.438614159822464,0.7164705991744995
2016-11-09 19:00:00,0.0,0.3982703,0.3174307644367218,1.197733998298645,0.29666537046432495,0.3157992959022522,1.0055749416351318
2016-11-09 20:00:00,0.0,0.36311543,0.3892124891281128,0.17684732377529144,0.46571746468544006,0.17409168183803558,0.4043384790420532
2016-11-09 21:00:00,0.0,0.32326624,0.2699744701385498,0.8282627463340759,0.5864559412002563,0.2004254013299942,0.27115684747695923
2016-11-09 22:00:00,0.0,0.67889845,0.2688816785812378,0.45941460132598877,1.826912522315979,1.172708511352539,0.3206782341003418
2016-11-09 23:00:00,0.0,0.4391235,0.2896149456501007,1.7078975439071655,0.3884419798851013,0.9096025824546814,0.28433647751808167
2016-12-09 00:00:00,0.0,0.4089817,0.33355584740638733,0.2606585919857025,0.5192222595214844,0.6080834269523621,0.3572694659233093
2016-12-09 01:00:00,0.0,0.18495497,0.2058219164609909,0.00886103417724371,0.26713961362838745,0.11147348582744598,0.0885462686419487
2016-12-09 02:00:00,0.0,0.6080501,0.700483500957489,0.5261114835739136,0.194038525223732,0.5177105069160461,0.9565496444702148
2016-12-09 03:00:00,0.0,0.8830939,0.5013390779495239,1.4861482381820679,1.2709417343139648,1.897257685661316,0.569338321685791
2016-12-09 04:00:00,0.0,0.3826166,0.4407680928707123,0.045123353600502014,0.25098010897636414,0.4708137810230255,0.19410035014152527
2016-12-09 05:00:00,0.0,0.87272483,0.8645011782646179,3.025719404220581,0.6853728890419006,1.2229548692703247,0.0987808108329773
2016-12-09 06:00:00,0.0,0.28094825,0.3255683481693268,1.2075926065444946,0.18026573956012726,0.07531193643808365,0.3176243007183075
2016-12-09 07:00:00,0.0,0.63731533,0.8286934494972229,0.6423067450523376,0.2196628600358963,0.18101227283477783,1.017221212387085
2016-12-09 08:00:00,0.0,0.82900786,1.207108497619629,0.23984135687351227,0.3323834240436554,0.33470290899276733,0.4418221712112427
2016-12-09 09:00:00,0.0,0.46551868,0.4192403256893158,0.02117411606013775,0.463992178440094,0.8869156837463379,0.1195015087723732
2016-12-09 10:00:00,0.0,0.5299019,0.35621169209480286,0.06823617219924927,0.5750264525413513,1.240863561630249,0.3643091320991516
2016-12-09 11:00:00,0.0,3.2125986,2.194073438644409,0.05308225005865097,5.663181781768799,4.953987121582031,2.777674436569214
2016-12-09 12:00:00,0.0,3.0989866,2.494701623916626,0.1588621735572815,1.1123543977737427,8.984517097473145,0.6366609334945679
2016-12-09 13:00:00,0.0,0.8920555,0.9152546525001526,1.0215728282928467,0.5069401860237122,0.870082437992096,1.4328850507736206
2016-12-09 14:00:00,0.0,0.5611393,0.353359192609787,3.32403302192688,0.637354850769043,0.6597712635993958,0.8111136555671692
2016-12-09 15:00:00,0.0,0.61125714,0.5354636311531067,2.331878185272217,1.1844137907028198,0.07027916610240936,0.579549252986908
2016-12-09 16:00:00,0.0,1.2771909,0.9239409565925598,0.13188476860523224,3.4544198513031006,0.27759644389152527,1.6221575736999512
2016-12-09 17:00:00,0.0,0.2541852,0.21639712154865265,1.1026325225830078,0.29556402564048767,0.2971291244029999,0.12123669683933258
2016-12-09 18:00:00,0.0,1.0368775,1.4872204065322876,0.006303186062723398,0.8254243731498718,0.43929484486579895,0.008276084437966347
2016-12-09 19:00:00,0.0,0.5606153,0.31818974018096924,0.22274146974086761,0.4447467029094696,1.6355695724487305,0.4212368130683899
2016-12-09 20:00:00,0.0,0.22771439,0.19528377056121826,0.05111671984195709,0.4003232419490814,0.19246551394462585,0.2260677069425583
2016-12-09 21:00:00,0.0,0.3074884,0.10776907950639725,0.9289138913154602,0.4766979515552521,0.6883607506752014,0.3878047466278076
2016-12-09 22:00:00,0.0,0.48735318,0.10694459080696106,0.3957754373550415,1.1502126455307007,1.3686155080795288,0.090486079454422
2016-12-09 23:00:00,0.0,0.50154775,0.1692894846200943,0.9774826765060425,0.21542192995548248,1.9257800579071045,0.38442742824554443
2016-09-13 00:00:00,0.0,8.9672985,6.282459259033203,0.39020270109176636,4.872687339782715,20.209552764892578,14.71222972869873
2016-09-13 01:00:00,0.0,6.660566,2.5798871517181396,0.22446486353874207,4.681568145751953,19.66877555847168,13.45253849029541
2016-09-13 02:00:00,0.0,0.28986138,0.37081316113471985,0.14397425949573517,0.2449869066476822,0.055994559079408646,0.3284194767475128
2016-09-13 03:00:00,0.0,0.5121473,0.4449315071105957,0.0005671794060617685,1.0747401714324951,0.36747437715530396,0.3119780719280243
2016-09-13 04:00:00,0.0,0.697312,0.27372148633003235,1.7456592321395874,0.1675245761871338,2.4148900508880615,0.898134708404541
2016-09-13 05:00:00,0.0,1.0969726,0.762660801410675,0.0838949903845787,0.7584173083305359,0.9054680466651917,4.283714771270752
2016-09-13 06:00:00,0.0,1.136906,0.605474054813385,0.5209455490112305,1.0077030658721924,3.0528693199157715,1.3526582717895508
2016-09-13 07:00:00,0.0,0.41612262,0.3320823609828949,2.7497353553771973,0.5949224829673767,0.16152478754520416,0.4696078300476074
2016-09-13 08:00:00,0.0,0.34840682,0.39552995562553406,0.7821624279022217,0.15819966793060303,0.19980986416339874,0.5501367449760437
2016-09-13 09:00:00,0.0,0.9385763,0.9658475518226624,1.5913704633712769,0.22799785435199738,1.7864991426467896,0.3713967204093933
2016-09-13 10:00:00,0.0,0.93809396,1.0492815971374512,3.3068034648895264,0.5837259888648987,0.6719842553138733,0.7646262049674988
2016-09-13 11:00:00,0.0,1.5845598,1.690322995185852,8.895624160766602,1.9208098649978638,0.24883447587490082,0.8712965846061707
2016-09-13 12:00:00,0.0,0.52971435,0.5260897278785706,0.05227392911911011,0.5468153357505798,0.4250233471393585,0.824104905128479
2016-09-13 13:00:00,0.0,0.29436776,0.3457396924495697,0.03570450842380524,0.19734163582324982,0.27744072675704956,0.2502199411392212
2016-09-13 14:00:00,0.0,0.68868023,0.651214063167572,0.0004942932282574475,0.5336231589317322,0.7897366285324097,1.1800249814987183
2016-09-13 15:00:00,0.0,0.6919257,0.4716692864894867,0.038317903876304626,2.2949352264404297,0.022099746391177177,0.543795108795166
2016-09-13 16:00:00,0.0,0.70795345,0.7499551773071289,0.4386681616306305,1.002156138420105,0.2231644243001938,0.8567905426025391
2016-09-13 17:00:00,0.0,1.4858557,1.400335669517517,2.687129020690918,0.5615024566650391,2.931889295578003,0.7857173085212708
2016-09-13 18:00:00,0.0,0.8033169,0.8632115721702576,0.4470706582069397,0.8455943465232849,0.5509597659111023,0.90064936876297
2016-09-13 19:00:00,0.0,0.8802713,0.5405870676040649,0.013560179620981216,0.5352508425712585,2.415081739425659,1.0529226064682007
2016-09-13 20:00:00,0.0,1.1471982,1.3007583618164062,4.109525203704834,0.3440994918346405,0.0218952689319849,2.859957456588745
2016-09-13 21:00:00,0.0,0.7848789,0.7992815971374512,0.27350369095802307,1.0282849073410034,0.14451973140239716,1.520975112915039
2016-09-13 22:00:00,0.0,0.3033764,0.1227354109287262,1.6009612083435059,0.280655175447464,0.22515694797039032,1.2394726276397705
2016-09-13 23:00:00,0.0,2642.1963,1.5371438264846802,1.8899942636489868,0.3591115474700928,16223.865234375,1.5251597166061401
2016-09-14 00:00:00,0.0,3142.2654,1279.9222412109375,0.2517697215080261,2848.138671875,7953.4912109375,7196.896484375
2016-09-14 01:00:00,0.0,35.678493,35.14359664916992,5.06878137588501,23.07184410095215,59.16973876953125,27.492324829101562
2016-09-14 02:00:00,0.0,5.4158607,2.4290032386779785,0.6997385025024414,4.065420627593994,17.088056564331055,6.452962875366211
2016-09-14 03:00:00,1.0,2483.9224,2.4489362239837646,1.6615110635757446,4.166406154632568,15244.1298828125,2.538200616836548
2016-09-14 04:00:00,1.0,1723.7689,807.79345703125,25.362388610839844,1756.4638671875,3520.205078125,4443.2451171875
2016-09-14 05:00:00,1.0,4.801073,5.794914245605469,3.545909881591797,3.7012619972229004,5.338928699493408,0.13524924218654633
2016-09-14 06:00:00,1.0,4.6092577,5.142151355743408,0.06047370284795761,1.8139276504516602,7.820197105407715,1.8217718601226807
2016-09-14 07:00:00,1.0,4.5634317,4.720334529876709,1.7801135778427124,2.752609968185425,5.734996795654297,5.4365458488464355
2016-09-14 08:00:00,1.0,2928.832,4.2365851402282715,0.044104404747486115,1.2984355688095093,17970.921875,8.132247924804688
2016-09-14 09:00:00,1.0,2528.4949,1070.815185546875,15.612513542175293,2355.415771484375,6045.9443359375,6050.142578125
2016-09-14 10:00:00,1.0,30.156176,21.434860229492188,55.704322814941406,21.509632110595703,61.61117935180664,36.18220520019531
2016-09-14 11:00:00,1.0,2338.4573,2.631030797958374,0.8573682308197021,6.122783184051514,14347.2626953125,3.9921462535858154
2016-09-14 12:00:00,1.0,1759.6093,780.9597778320312,28.51259422302246,1656.1612548828125,4080.289306640625,4184.12109375
2016-09-14 13:00:00,1.0,2692.589,20.98003578186035,23.317913055419922,17.6480770111084,16430.689453125,29.035799026489258
2016-09-14 14:00:00,1.0,1812.8599,871.5919799804688,44.0685920715332,1871.8897705078125,3591.357421875,4686.99169921875
2016-09-14 15:00:00,1.0,2780.2405,4.243515491485596,4.519607067108154,0.33735451102256775,17062.4296875,1.1512494087219238
2016-09-14 16:00:00,1.0,2748.4507,4.574137210845947,6.374053955078125,1.3554906845092773,16861.697265625,6.464156150817871
2016-09-14 17:00:00,1.0,2679.895,10.705833435058594,1.5530446767807007,7.615821838378906,16405.587890625,21.137821197509766
2016-09-14 18:00:00,1.0,2563.3718,9.756089210510254,0.3278105556964874,13.078755378723145,15689.228515625,18.590734481811523
2016-09-14 19:00:00,1.0,6.484817,8.548103332519531,3.4496614933013916,2.498577117919922,2.5593197345733643,8.709418296813965
2016-09-14 20:00:00,1.0,2442.986,15.81200122833252,0.17809118330478668,8.994482040405273,14938.765625,8.607175827026367
2016-09-14 21:00:00,1.0,1823.8218,794.6492309570312,8.357378959655762,1713.6402587890625,4348.68896484375,4227.0234375
2016-09-14 22:00:00,1.0,2688.2036,13.380119323730469,3.1429502964019775,7.8314595222473145,16456.751953125,4.105454444885254
2016-09-14 23:00:00,1.0,2433.2769,32.10293960571289,0.09532219916582108,48.37718963623047,14763.1689453125,44.881996154785156
2016-09-15 00:00:00,1.0,20.206583,14.293553352355957,0.9911895394325256,30.096628189086914,30.330415725708008,25.46430015563965
2016-09-15 01:00:00,1.0,5.533727,5.655625820159912,10.977334976196289,2.8276443481445312,5.606043338775635,8.05052375793457
2016-09-15 02:00:00,1.0,2692.5444,2.592062473297119,4.825707912445068,4.7810564041137695,16522.3203125,5.667115211486816
2016-09-15 03:00:00,1.0,1775.9785,817.3473510742188,43.63740539550781,1779.633056640625,3770.235107421875,4464.5087890625
2016-09-15 04:00:00,1.0,10.057667,14.174775123596191,2.592341423034668,2.751817464828491,8.494429588317871,2.742255210876465
2016-09-15 05:00:00,1.0,4.848382,4.625701427459717,0.4161711633205414,2.9286768436431885,6.520731449127197,7.72538948059082
2016-09-15 06:00:00,1.0,2463.6904,6.598133087158203,7.026930809020996,1.7264126539230347,15107.015625,3.0293822288513184
2016-09-15 07:00:00,1.0,1750.1552,851.4660034179688,16.684406280517578,1828.7562255859375,3438.546875,4483.42041015625
2016-09-15 08:00:00,1.0,2570.2927,12.963704109191895,0.0011911283945664763,2.421492338180542,15741.8779296875,0.3395547568798065
2016-09-15 09:00:00,1.0,29.490881,22.67412757873535,3.1281139850616455,26.969532012939453,50.023685455322266,45.462032318115234
2016-09-15 10:00:00,1.0,5.100969,3.9396932125091553,3.288853168487549,8.826396942138672,2.901674270629883,9.850916862487793
2016-09-15 11:00:00,1.0,2420.3186,7.5953898429870605,7.3047285079956055,4.730038642883301,14833.130859375,4.771058082580566
2016-09-15 12:00:00,1.0,1949.8564,1034.3284912109375,42.535491943359375,2247.55224609375,2857.30859375,5810.84375
2016-09-15 13:00:00,1.0,2745.2341,6.220548629760742,7.190003816504031e-05,11.493246078491211,16826.2265625,7.9309515953063965
2016-09-15 14:00:00,1.0,2330.3796,24.157197952270508,5.14930534362793,43.01947784423828,14151.9423828125,64.17095184326172
2016-09-15 15:00:00,1.0,2448.8506,7.398000717163086,0.9320590496063232,18.56715965270996,14992.9658203125,10.34083366394043
2016-09-15 16:00:00,1.0,8.940973,6.913181304931641,0.03610675036907196,8.015562057495117,15.247420310974121,13.917129516601562
2016-09-15 17:00:00,1.0,3.4078305,3.7030346393585205,0.5941203236579895,0.7835091352462769,5.615034580230713,3.069990634918213
2016-09-15 18:00:00,1.0,3.960215,4.420990467071533,0.2310842126607895,2.4412591457366943,2.6480958461761475,7.0822296142578125
2016-09-15 19:00:00,1.0,5.032276,5.578336715698242,1.4583812952041626,3.2919325828552246,2.00093150138855,10.99984359741211
2016-09-15 20:00:00,1.0,4.974367,3.231848955154419,7.333728313446045,2.604905366897583,13.577880859375,3.930043935775757
2016-09-15 21:00:00,0.0,2744.7966,2.0899534225463867,1.195328950881958,8.168155670166016,16844.083984375,2.28320050239563
2016-09-15 22:00:00,0.0,1896.7727,1110.8653564453125,33.32099533081055,2458.596923828125,1920.9898681640625,6052.50927734375
2016-09-15 23:00:00,0.0,2342.8125,9.519061088562012,0.4135245084762573,11.31493854522705,14344.7705078125,4.870535373687744
2016-09-16 00:00:00,0.0,2374.319,14.507572174072266,7.143572807312012,41.44227981567383,14467.4638671875,44.51382827758789
2016-09-16 01:00:00,0.0,2043.1447,16.4467830657959,5.871256351470947,25.63517951965332,12443.7744140625,42.18892288208008
2016-09-16 02:00:00,0.0,18.038935,13.133639335632324,1.5352815389633179,22.638347625732422,22.713274002075195,35.3675651550293
2016-09-16 03:00:00,0.0,4.319807,4.756450653076172,4.323533535003662,4.582399845123291,3.5881423950195312,2.519892692565918
2016-09-16 04:00:00,0.0,3.7332315,2.887439489364624,0.16654755175113678,4.85374116897583,5.324608325958252,4.953851699829102
2016-09-16 05:00:00,0.0,2.3364344,2.7847840785980225,6.196206092834473,0.7233609557151794,1.0329253673553467,3.7854115962982178
2016-09-16 06:00:00,0.0,5.200733,5.952270984649658,2.306809425354004,0.7932447791099548,8.936752319335938,2.5900564193725586
2016-09-16 07:00:00,0.0,1.6737188,1.715882420539856,0.0015790043398737907,1.598666787147522,1.426712989807129,2.4023730754852295
2016-09-16 08:00:00,0.0,1.3719116,1.0087612867355347,1.2856812477111816,1.071151852607727,1.5272705554962158,3.8268229961395264
2016-09-16 09:00:00,0.0,4.709112,2.99224853515625,6.167654037475586,1.1761969327926636,15.302483558654785,2.2898619174957275
2016-09-16 10:00:00,0.0,2.1013088,1.4867619276046753,3.448047637939453,1.3925817012786865,5.252805233001709,1.1770564317703247
2016-09-16 11:00:00,0.0,4.0501,3.2617175579071045,4.418674468994141,4.347377777099609,7.835350036621094,1.5438250303268433
2016-09-16 12:00:00,0.0,2.4716842,1.6987050771713257,5.9888811111450195,1.466504693031311,5.177482604980469,3.2541749477386475
2016-09-16 13:00:00,0.0,2.4864817,1.8650165796279907,4.282614707946777,3.00235915184021,4.5662407875061035,1.2238762378692627
2016-09-16 14:00:00,0.0,3.0727668,4.264416694641113,1.0259225368499756,1.618071436882019,0.33006685972213745,3.780021905899048
2016-09-16 15:00:00,0.0,0.55834144,0.40251317620277405,1.0249415636062622,0.8735128045082092,0.40458032488822937,1.0941935777664185
2016-09-16 16:00:00,0.0,0.46012112,0.3397309482097626,1.0469560623168945,0.7004483342170715,0.20523813366889954,1.0612261295318604
2016-09-16 17:00:00,0.0,0.70420146,0.739321231842041,1.4543702602386475,0.1755533367395401,0.14075978100299835,2.217097520828247
2016-09-16 18:00:00,0.0,2.251867,3.3871781826019287,4.218620777130127,1.120669960975647,0.4671722948551178,0.05112238973379135
2016-09-16 19:00:00,0.0,0.41877273,0.3092539608478546,0.7690869569778442,0.16863790154457092,1.0421448945999146,0.33514171838760376
2016-09-16 20:00:00,0.0,0.43867493,0.3329790532588959,0.5201571583747864,0.3200948238372803,0.9360638856887817,0.38956400752067566
2016-09-16 21:00:00,0.0,2.7092612,1.1459325551986694,0.9262261986732483,2.8758697509765625,9.51862621307373,0.3270362615585327
2016-09-16 22:00:00,0.0,1.0257468,0.4611102044582367,1.5645458698272705,0.7076583504676819,2.7416858673095703,1.8326290845870972
2016-09-16 23:00:00,0.0,0.7688693,0.5928777456283569,0.27796509861946106,0.9056940078735352,0.7952765822410583,1.6618887186050415
2016-09-17 00:00:00,0.0,1.237901,1.3043948411941528,0.9898071885108948,0.37816712260246277,1.0995560884475708,2.647599935531616
2016-09-17 01:00:00,0.0,0.6056575,0.42349720001220703,0.43760475516319275,0.6924442052841187,1.1434091329574585,0.6476913690567017
2016-09-17 02:00:00,0.0,0.6019669,0.415006548166275,0.4196093678474426,1.8558733463287354,0.25960877537727356,0.17410984635353088
2016-09-17 03:00:00,0.0,0.74812424,0.9938235282897949,1.5404921770095825,0.6731623411178589,0.15276293456554413,0.24890360236167908
2016-09-17 04:00:00,0.0,0.52211905,0.347422331571579,1.5623400211334229,0.2424936294555664,1.331246018409729,0.3836168646812439
2016-09-17 05:00:00,0.0,1.2000965,1.1543036699295044,0.014093003235757351,0.9832223653793335,1.5577738285064697,1.524949550628662
2016-09-17 06:00:00,0.0,0.38197088,0.37108591198921204,0.9416096806526184,0.5974134802818298,0.14389164745807648,0.34698548913002014
2016-09-17 07:00:00,0.0,0.35821435,0.31123894453048706,2.255998373031616,0.4014822840690613,0.10294903814792633,0.5366161465644836
2016-09-17 08:00:00,0.0,3.1600144,5.026961326599121,0.00010105586989084259,1.042312502861023,0.40740543603897095,1.271351933479309
2016-09-17 09:00:00,0.0,1.7252913,1.7902154922485352,1.3203376531600952,1.090623140335083,0.6930108666419983,4.354144096374512
2016-09-17 10:00:00,0.0,1.2834829,0.6632674336433411,0.00493945088237524,2.5315823554992676,2.612891435623169,0.8137719035148621
2016-09-17 11:00:00,0.0,1.4692774,1.0520051717758179,1.1449006795883179,2.398245096206665,2.0122644901275635,1.4780852794647217
2016-09-17 12:00:00,0.0,0.76565474,0.48087212443351746,0.02714795246720314,0.27790024876594543,1.4367295503616333,2.3381664752960205
2016-09-17 13:00:00,0.0,0.56256825,0.13960953056812286,0.11161070317029953,0.8552902340888977,1.4474728107452393,1.1522135734558105
2016-09-17 14:00:00,0.0,2.1145582,3.185234785079956,1.6411277055740356,1.382129430770874,0.331369549036026,0.2111840844154358
2016-09-17 15:00:00,0.0,0.75517714,0.6800253987312317,0.2785883843898773,0.8752111196517944,0.7056143879890442,1.2019100189208984
2016-09-17 16:00:00,0.0,0.8870579,0.3924572765827179,0.015805356204509735,3.754718542098999,0.17222774028778076,0.30502116680145264
2016-09-17 17:00:00,0.0,0.30107296,0.31709152460098267,0.08965745568275452,0.3447474539279938,0.07025358825922012,0.5853192806243896
2016-09-17 18:00:00,0.0,0.5596838,0.5552058815956116,0.025397570803761482,0.17434467375278473,1.0497403144836426,0.5368673801422119
2016-09-17 19:00:00,0.0,0.8739835,0.8676915168762207,2.8937292098999023,0.7544220089912415,1.0098366737365723,0.37828749418258667
2016-09-17 20:00:00,0.0,1.4564288,1.4443918466567993,0.005709527991712093,0.646711528301239,2.903900623321533,0.7752588391304016
2016-09-17 21:00:00,0.0,0.9592113,0.8301995396614075,0.13456222414970398,0.934934675693512,0.3130626976490021,3.1126885414123535
2016-09-17 22:00:00,0.0,0.87901527,0.5588165521621704,0.8695109486579895,1.8806630373001099,0.9800859689712524,0.872828483581543
2016-09-17 23:00:00,0.0,0.88696086,0.38130274415016174,0.8882388472557068,0.6282178163528442,2.7910382747650146,1.041254997253418
2016-09-18 00:00:00,0.0,6.4024386,3.433739423751831,0.17871515452861786,2.775855302810669,18.16770362854004,11.527877807617188
2016-09-18 01:00:00,0.0,2.0744572,0.48842430114746094,0.024936994537711143,1.0626224279403687,8.33272647857666,2.921774387359619
2016-09-18 02:00:00,0.0,0.99681234,0.957098662853241,0.5675495266914368,1.8217607736587524,0.21192395687103271,1.2723047733306885
2016-09-18 03:00:00,0.0,1.1102511,0.8974574208259583,0.006525933276861906,2.516685724258423,0.25644373893737793,1.6958483457565308
2016-09-18 04:00:00,0.0,0.9213677,0.716029942035675,0.2249787300825119,0.48424893617630005,2.530113458633423,0.277143657207489
2016-09-18 05:00:00,0.0,0.537373,0.5349461436271667,0.17744381725788116,0.7052969932556152,0.2712342441082001,0.8137919306755066
2016-09-18 06:00:00,0.0,0.54824597,0.42177554965019226,0.15847626328468323,0.6033733487129211,0.8918224573135376,0.7067789435386658
2016-09-18 07:00:00,0.0,0.8143223,0.34908175468444824,0.40509912371635437,0.3425140380859375,3.0297763347625732,0.6566916704177856
2016-09-18 08:00:00,0.0,0.9273157,1.145020604133606,0.013609874062240124,0.6495900750160217,0.7034379839897156,0.7273183465003967
2016-09-18 09:00:00,0.0,2.2284014,3.6456079483032227,1.1818492412567139,0.6678061485290527,0.15279945731163025,0.3501468002796173
2016-09-18 10:00:00,0.0,0.703843,1.002366542816162,0.027456199750304222,0.3677767813205719,0.3112452030181885,0.3569604754447937
2016-09-18 11:00:00,0.0,0.3672116,0.5111822485923767,0.17977608740329742,0.16945119202136993,0.28483325242996216,0.04048934578895569
2016-09-18 12:00:00,0.0,0.7149476,0.6698017120361328,0.0008107125759124756,1.047601580619812,0.40440455079078674,1.1256626844406128
2016-09-18 13:00:00,0.0,0.5909149,0.5169560313224792,0.06603872776031494,0.876861572265625,0.36197251081466675,1.0661300420761108
2016-09-18 14:00:00,0.0,0.4910757,0.25616100430488586,0.2830069065093994,0.8901383280754089,0.9402099251747131,0.4682369828224182
2016-09-18 15:00:00,0.0,0.5046464,0.29624196887016296,0.12837934494018555,0.35231003165245056,1.6398314237594604,0.12915468215942383
2016-09-18 16:00:00,0.0,2.1456332,2.6776657104492188,1.0262032747268677,0.9902552366256714,2.494398593902588,0.6448663473129272
2016-09-18 17:00:00,0.0,5.5440183,5.630439758300781,4.190789699554443,2.308410167694092,9.138394355773926,4.735950469970703
2016-09-18 18:00:00,0.0,2.8955934,1.4393310546875,5.176206111907959,7.011312007904053,4.9017486572265625,0.34973663091659546
2016-09-18 19:00:00,0.0,1.8816422,0.7843438982963562,3.577115297317505,0.7212606072425842,6.713085651397705,1.617206335067749
2016-09-18 20:00:00,0.0,0.94044673,0.46530619263648987,1.8899517059326172,0.8124610185623169,1.9860507249832153,1.94808030128479
2016-09-18 21:00:00,0.0,0.43625957,0.5020492672920227,0.8404254913330078,0.21342945098876953,0.3895404040813446,0.41219109296798706
2016-09-18 22:00:00,0.0,0.5157088,0.5300558805465698,0.021501585841178894,0.4318237900733948,0.680943489074707,0.410815566778183
2016-09-18 23:00:00,0.0,1.0553082,0.4230341911315918,0.025162499397993088,2.231053590774536,2.3533082008361816,0.777432918548584
2016-09-19 00:00:00,0.0,0.54450107,0.2547922134399414,1.1513556241989136,0.3735048472881317,1.7506946325302124,0.3194442689418793
2016-09-19 01:00:00,0.0,0.49290586,0.2948229908943176,1.7988636493682861,0.36209458112716675,1.1648775339126587,0.40788355469703674
2016-09-19 02:00:00,0.0,1.6001893,0.7980807423591614,2.3652379512786865,0.32539036870002747,6.147732257843018,0.49427759647369385
2016-09-19 03:00:00,0.0,2.3827133,2.6416139602661133,3.828385353088379,0.6659166216850281,3.0796942710876465,2.2525665760040283
2016-09-19 04:00:00,0.0,2.843634,2.3731637001037598,0.5624935030937195,8.275484085083008,0.7047215104103088,0.47409600019454956
2016-09-19 05:00:00,0.0,0.5659277,0.499973863363266,1.3880188465118408,0.2635156512260437,1.130253553390503,0.29777833819389343
2016-09-19 06:00:00,0.0,0.3198068,0.3600834310054779,0.00019829555822070688,0.40761998295783997,0.17639335989952087,0.25534960627555847
2016-09-19 07:00:00,0.0,1.6480975,1.3098779916763306,1.7795486450195312,0.28451627492904663,4.6995391845703125,0.6907980442047119
2016-09-19 08:00:00,0.0,2.077755,2.9534924030303955,10.011824607849121,0.2332228571176529,0.0946197658777237,1.5382295846939087
2016-09-19 09:00:00,0.0,0.9088718,0.7537858486175537,0.14471760392189026,0.8086267113685608,1.6387029886245728,0.9286502599716187
2016-09-19 10:00:00,0.0,0.3358518,0.43899866938591003,0.1027185246348381,0.25205016136169434,0.2348235696554184,0.09870579838752747
2016-09-19 11:00:00,0.0,0.595349,0.4749293029308319,0.04619080573320389,1.7479149103164673,0.1470804363489151,0.2226366102695465
2016-09-19 12:00:00,0.0,1.0238603,1.4655895233154297,0.1637236624956131,0.6125622987747192,0.21478672325611115,0.724168062210083
2016-09-19 13:00:00,0.0,0.88526475,0.8899021744728088,0.5689371228218079,0.4547160267829895,1.4164575338363647,0.7603940963745117
2016-09-19 14:00:00,0.0,0.854739,0.9384029507637024,0.01812836527824402,0.4821688234806061,0.8454744219779968,1.2301174402236938
2016-09-19 15:00:00,0.0,1.1986356,0.8139873147010803,0.2067711353302002,0.7055582404136658,3.23663592338562,1.0508768558502197
2016-09-19 16:00:00,0.0,0.35928202,0.13314546644687653,1.027414321899414,1.2256942987442017,0.10321908444166183,0.4809567630290985
2016-09-19 17:00:00,0.0,0.40511194,0.11057662963867188,1.2946487665176392,1.1808032989501953,0.1105770543217659,1.1079154014587402
2016-09-19 18:00:00,0.0,0.92349494,1.0573331117630005,2.7473597526550293,1.004401445388794,0.5375269055366516,0.19835656881332397
2016-09-19 19:00:00,0.0,1.3465828,1.5213195085525513,0.01986338570713997,1.6262528896331787,0.9361113905906677,0.8587431907653809
2016-09-19 20:00:00,0.0,0.18310942,0.15101756155490875,1.0942579507827759,0.15359854698181152,0.14854642748832703,0.2600027620792389
2016-09-19 21:00:00,0.0,0.35635898,0.27693530917167664,0.08952252566814423,0.44408559799194336,0.27195659279823303,0.8937928676605225
2016-09-19 22:00:00,0.0,0.4731497,0.43708255887031555,0.3486614525318146,0.7918426394462585,0.13311974704265594,0.7580139636993408
2016-09-19 23:00:00,0.0,2.3422315,1.18172025680542,0.14980444312095642,6.97996187210083,2.1737349033355713,2.0322458744049072
2016-09-20 00:00:00,0.0,0.75033075,0.31396132707595825,3.207689046859741,0.7639252543449402,1.9338449239730835,0.6592678427696228
2016-09-20 01:00:00,0.0,1.8795606,2.8516180515289307,1.4105781316757202,0.5915546417236328,0.17151595652103424,1.4075510501861572
2016-09-20 02:00:00,0.0,0.38267943,0.44782915711402893,0.010102840140461922,0.23940490186214447,0.4001609981060028,0.3050633370876312
2016-09-20 03:00:00,0.0,0.7450216,0.4687647521495819,0.5493001937866211,0.9903315305709839,1.6002578735351562,0.5255382657051086
2016-09-20 04:00:00,0.0,0.5030911,0.2537604570388794,0.7963288426399231,1.2909536361694336,0.6661205291748047,0.2617051601409912
2016-09-20 05:00:00,0.0,1.8216789,0.9282974600791931,1.6291176080703735,0.8222740292549133,6.657336711883545,0.5166645050048828
2016-09-20 06:00:00,0.0,1.0810292,1.1818252801895142,1.4416685104370117,0.564365804195404,0.6798359751701355,1.9923409223556519
2016-09-20 07:00:00,0.0,0.41180792,0.4580634534358978,1.9394283294677734,0.1594710648059845,0.49032068252563477,0.056562136858701706
2016-09-20 08:00:00,0.0,0.7467433,0.8038572669029236,0.004435928072780371,0.5081140398979187,1.1999460458755493,0.21413229405879974
2016-09-20 09:00:00,0.0,1.0339338,0.7786781191825867,0.1953108161687851,1.1894810199737549,2.1363673210144043,0.5736560821533203
2016-09-20 10:00:00,0.0,1.4003221,1.0282193422317505,0.055246684700250626,1.0520648956298828,3.6987061500549316,0.5564862489700317
2016-09-20 11:00:00,0.0,4.437553,2.9300143718719482,2.0622153282165527,8.062054634094238,7.348101615905762,2.640281915664673
2016-09-20 12:00:00,0.0,2.5854495,0.7799248099327087,1.3947592973709106,2.466594934463501,10.156295776367188,0.6752832531929016
2016-09-20 13:00:00,0.0,0.7766525,0.47707831859588623,4.116419315338135,1.3925312757492065,0.8866025805473328,0.4689538776874542
2016-09-20 14:00:00,0.0,1.0682056,1.2217973470687866,2.934767007827759,1.3647489547729492,0.20357513427734375,0.6741676330566406
2016-09-20 15:00:00,0.0,1.5719929,1.878165364265442,2.7151052951812744,1.4993019104003906,0.5806088447570801,1.3113110065460205
2016-09-20 16:00:00,0.0,2.234036,2.015241861343384,0.4532524645328522,4.724597454071045,0.3765987455844879,2.8840279579162598
2016-09-20 17:00:00,0.0,1.1599948,1.1733982563018799,0.0389116071164608,2.1670103073120117,0.11433917284011841,1.4274649620056152
2016-09-20 18:00:00,0.0,0.98065317,1.276309609413147,1.2915947437286377,0.8575143814086914,0.08941233158111572,0.9041427969932556
2016-09-20 19:00:00,0.0,0.43703443,0.35559654235839844,2.694786787033081,0.29718708992004395,0.6206876039505005,0.2845637798309326
2016-09-20 20:00:00,0.0,0.28336316,0.22105556726455688,1.5696234703063965,0.22086527943611145,0.22444801032543182,0.5481168031692505
2016-09-20 21:00:00,0.0,0.31634176,0.3034786283969879,0.044142212718725204,0.12480689585208893,0.4534708857536316,0.5567803978919983
2016-09-20 22:00:00,0.0,1.9005871,1.979261040687561,0.7002712488174438,1.462054967880249,0.6921811103820801,4.610761642456055
2016-09-20 23:00:00,0.0,1.1890166,0.9357714653015137,3.9422011375427246,1.3515750169754028,0.39220350980758667,3.130136489868164
2016-09-21 00:00:00,0.0,1.0266812,0.7046079039573669,5.3449578285217285,1.2072325944900513,0.29635730385780334,2.8416543006896973
2016-09-21 01:00:00,0.0,1.7344426,1.8595691919326782,3.89054536819458,1.9813216924667358,0.6126136183738708,1.9758169651031494
2016-09-21 02:00:00,0.0,1.7084994,1.845705509185791,0.09303165227174759,1.9976404905319214,1.6654430627822876,0.858481764793396
2016-09-21 03:00:00,0.0,0.7171111,0.5026234984397888,3.0296056270599365,1.6197606325149536,0.2292049378156662,0.7001122236251831
2016-09-21 04:00:00,0.0,0.5256911,0.39732322096824646,0.6198148131370544,0.3039470314979553,0.9681728482246399,0.8860765695571899
2016-09-21 05:00:00,0.0,2.5913856,3.4542453289031982,1.0744680166244507,1.9521334171295166,0.7638036608695984,2.1104133129119873
2016-09-21 06:00:00,0.0,0.97875375,0.8872297406196594,0.0684737041592598,1.2782926559448242,0.6310323476791382,1.8397877216339111
2016-09-21 07:00:00,0.0,0.8739876,0.7641112208366394,0.04564151167869568,1.149609923362732,0.523571789264679,1.8712217807769775
2016-09-21 08:00:00,0.0,0.777783,0.4665476977825165,0.6840834021568298,0.20729531347751617,2.5548110008239746,0.557173490524292
2016-09-21 09:00:00,0.0,3.8399503,6.563531875610352,0.16620364785194397,0.06664782017469406,0.4279201924800873,0.9912331700325012
2016-09-21 10:00:00,0.0,1.950116,3.15736985206604,0.12912583351135254,0.8532719612121582,0.17173583805561066,0.1934833526611328
2016-09-21 11:00:00,0.0,1.660471,2.105745792388916,0.560914933681488,2.2823386192321777,0.3675983250141144,0.4379693865776062
2016-09-21 12:00:00,0.0,1.3221805,1.925135612487793,3.6022701263427734,0.6814454197883606,0.07491506636142731,0.4384306073188782
2016-09-21 13:00:00,0.0,2.9141686,4.562397480010986,4.728668689727783,0.8003019094467163,0.7404614090919495,0.07442005723714828
2016-09-21 14:00:00,0.0,1.4289283,1.3559387922286987,2.33732008934021,0.5891472101211548,3.0061440467834473,0.34925615787506104
2016-09-21 15:00:00,0.0,0.854387,0.9359872937202454,1.005324125289917,1.1240111589431763,0.4766658842563629,0.5162203311920166
2016-09-21 16:00:00,0.0,1.852304,1.2827821969985962,2.116520881652832,4.672792911529541,0.4847016930580139,2.6608309745788574
2016-09-21 17:00:00,0.0,0.72407514,0.9892139434814453,1.0790411233901978,0.3407759964466095,0.32709410786628723,0.4099912643432617
2016-09-21 18:00:00,0.0,1.7738738,1.9079399108886719,0.04521709680557251,0.25892311334609985,4.006771087646484,0.14523334801197052
2016-09-21 19:00:00,0.0,1.1829433,1.302086353302002,3.129030466079712,0.6781443953514099,1.021752119064331,1.147045373916626
2016-09-21 20:00:00,0.0,3.8466432,6.081552505493164,2.695579767227173,0.21680638194084167,0.3803803622722626,3.1431238651275635
2016-09-21 21:00:00,0.0,1.0551833,1.586347222328186,3.5145394802093506,0.27247360348701477,0.20179319381713867,0.11653464287519455
2016-09-21 22:00:00,0.0,1.4480656,0.8046184182167053,6.671570777893066,4.823277473449707,0.3188343644142151,0.07240631431341171
2016-09-21 23:00:00,0.0,1.0832927,0.9952866435050964,0.23805688321590424,1.4580910205841064,1.3724724054336548,0.6606771945953369
2016-09-22 00:00:00,0.0,1.1083462,0.5024355053901672,5.306644439697266,0.5970471501350403,2.9354825019836426,1.3915207386016846
2016-09-22 01:00:00,0.0,0.9390339,0.8169114589691162,3.4787938594818115,1.5511125326156616,0.4778594374656677,0.7727464437484741
2016-09-22 02:00:00,0.0,0.87378097,0.6426399350166321,0.23065334558486938,2.0544238090515137,0.29878535866737366,1.3615262508392334
2016-09-22 03:00:00,0.0,0.64235395,0.5049006342887878,0.3123789131641388,1.4028321504592896,0.6457165479660034,0.21284516155719757
2016-09-22 04:00:00,0.0,0.35601622,0.50075763463974,0.5505418181419373,0.13667401671409607,0.12994439899921417,0.21841083467006683
2016-09-22 05:00:00,0.0,0.9166276,1.109259009361267,0.12392965704202652,0.9885917901992798,0.6443876028060913,0.30949562788009644
2016-09-22 06:00:00,0.0,1.449456,2.2213733196258545,1.4669783115386963,0.7766309976577759,0.132608100771904,0.295497328042984
2016-09-22 07:00:00,0.0,0.26487267,0.3710825443267822,0.11037968099117279,0.11757650226354599,0.07284296303987503,0.26005682349205017
2016-09-22 08:00:00,0.0,0.30635273,0.2753550708293915,0.5300722718238831,0.32480522990226746,0.2569334805011749,0.4906007647514343
2016-09-22 09:00:00,0.0,0.23728572,0.19214047491550446,1.6792206764221191,0.05708746984601021,0.38820719718933105,0.1989074945449829
2016-09-22 10:00:00,0.0,0.6536275,0.623690128326416,1.5840270519256592,0.22437776625156403,1.198861002922058,0.39767998456954956
2016-09-22 11:00:00,0.0,3.9885573,3.0825374126434326,0.9660510420799255,3.824599504470825,6.495907783508301,6.079367160797119
2016-09-22 12:00:00,0.0,1.34488,1.4741806983947754,5.216734886169434,1.1741101741790771,1.112815499305725,0.3060722351074219
2016-09-22 13:00:00,0.0,0.5080269,0.4550376236438751,2.2186014652252197,0.37397560477256775,0.8139681220054626,0.09751070290803909
2016-09-22 14:00:00,0.0,1.5511792,1.8627513647079468,6.990821838378906,0.9678884744644165,0.17259405553340912,1.755117416381836
2016-09-22 15:00:00,0.0,1.2023567,1.3753072023391724,0.7767102718353271,1.1001657247543335,0.7194399237632751,1.2950022220611572
2016-09-22 16:00:00,0.0,0.68370384,0.4169057309627533,0.23183901607990265,0.9749943017959595,0.9191502928733826,1.4756691455841064
2016-09-22 17:00:00,0.0,1.0594443,0.5452773571014404,1.1702438592910767,0.13375385105609894,3.457746982574463,1.5396738052368164
2016-09-22 18:00:00,0.0,0.81682426,0.3542715311050415,1.183968186378479,0.24337320029735565,2.968538284301758,0.738394021987915
2016-09-22 19:00:00,0.0,0.20390047,0.22980624437332153,0.03172238543629646,0.21636126935482025,0.12600398063659668,0.2060227394104004
2016-09-22 20:00:00,0.0,0.23694293,0.19325493276119232,0.0073152389377355576,0.15209846198558807,0.5017741322517395,0.24150121212005615
2016-09-22 21:00:00,0.0,0.3438572,0.2360134720802307,0.41415077447891235,0.4962722957134247,0.5627294182777405,0.3235938251018524
2016-09-22 22:00:00,0.0,0.5372508,0.44698628783226013,0.5748756527900696,0.49626561999320984,0.6285387873649597,0.9814014434814453
2016-09-22 23:00:00,0.0,0.34253818,0.3619720935821533,0.17830966413021088,0.2575741410255432,0.28367048501968384,0.5186975002288818
2016-09-23 00:00:00,0.0,0.5495005,0.6704362034797668,0.03630845993757248,0.027838438749313354,0.3499331474304199,1.2143356800079346
2016-09-23 01:00:00,0.0,0.40779674,0.2302878350019455,1.38162362575531,0.1709831804037094,0.9801412224769592,0.6422137022018433
2016-09-23 02:00:00,0.0,0.72173214,0.5583144426345825,0.28279563784599304,1.2364213466644287,0.6863960027694702,0.9731049537658691
2016-09-23 03:00:00,0.0,1.0892737,1.3266334533691406,1.3300672769546509,0.6925670504570007,0.079888716340065,2.0655765533447266
2016-09-23 04:00:00,0.0,1.0282245,0.978867769241333,0.008457662537693977,1.066111445426941,1.3388599157333374,0.9693934321403503
2016-09-23 05:00:00,0.0,1.2440056,1.6734925508499146,0.2038247287273407,1.0630154609680176,0.28989148139953613,0.9135596752166748
2016-09-23 06:00:00,0.0,0.3832117,0.18978817760944366,0.3669804632663727,0.3393593728542328,0.9061883091926575,0.7093431949615479
2016-09-23 07:00:00,0.0,4.6487722,7.120948791503906,4.3901262283325195,0.17760024964809418,0.6968008875846863,4.620875835418701
2016-09-23 08:00:00,0.0,1.5593114,1.6415390968322754,4.66252326965332,0.46942925453186035,2.4642205238342285,0.6138439774513245
2016-09-23 09:00:00,0.0,0.71812505,0.5959296226501465,1.9353349208831787,0.4451834261417389,0.9050575494766235,1.297511100769043
2016-09-23 10:00:00,0.0,1.4588307,1.1551090478897095,3.7179369926452637,2.1782596111297607,0.6588898301124573,2.8572819232940674
2016-09-23 11:00:00,0.0,0.42838678,0.3313610851764679,0.7066093683242798,0.1915084570646286,0.7616657018661499,0.7722845077514648
2016-09-23 12:00:00,0.0,0.5250864,0.5499618649482727,0.1783979833126068,0.8820605874061584,0.31498241424560547,0.20548225939273834
2016-09-23 13:00:00,0.0,0.5696736,0.4057900011539459,7.3742499351501465,0.5648402571678162,0.35527998208999634,0.23547782003879547
2016-09-23 14:00:00,0.0,0.9085577,1.0767803192138672,3.3690319061279297,0.7403894066810608,0.4493807256221771,0.38195693492889404
2016-09-23 15:00:00,0.0,0.65147305,0.6659967303276062,0.10319861024618149,1.1877464056015015,0.338608056306839,0.3104344606399536
2016-09-23 16:00:00,0.0,0.8841928,0.9473833441734314,0.37559589743614197,0.26836320757865906,1.1602516174316406,1.2267987728118896
2016-09-23 17:00:00,0.0,0.5019705,0.28129884600639343,0.5871360301971436,0.3502505421638489,1.4888830184936523,0.34312155842781067
2016-09-23 18:00:00,0.0,1.3527291,0.9208757877349854,0.1186043918132782,1.291719675064087,3.4798038005828857,0.63676518201828
2016-09-23 19:00:00,0.0,0.71488094,0.4190860688686371,0.023507004603743553,1.5368502140045166,1.0584522485733032,0.6227976083755493
2016-09-23 20:00:00,0.0,1.25437,1.4500755071640015,1.3266972303390503,0.5488099455833435,0.3646099865436554,2.8538641929626465
2016-09-23 21:00:00,0.0,0.62383956,0.23107580840587616,0.10284967720508575,1.5166040658950806,0.7331723570823669,1.3569984436035156
2016-09-23 22:00:00,0.0,0.104617395,0.06615116447210312,0.19187067449092865,0.04842681437730789,0.05314362421631813,0.50201416015625
2016-09-23 23:00:00,0.0,1.9703135,3.432421922683716,0.2882821559906006,0.12875767052173615,0.04595379903912544,0.20852437615394592
2016-09-24 00:00:00,0.0,0.29617894,0.37038561701774597,1.6407753229141235,0.1207890659570694,0.13480150699615479,0.10413280129432678
2016-09-24 01:00:00,0.0,0.39325085,0.44692906737327576,1.1283447742462158,0.26223888993263245,0.371185302734375,0.15529382228851318
2016-09-24 02:00:00,0.0,1.0406046,0.7356303334236145,0.12254513800144196,2.3609085083007812,0.705482542514801,1.3758958578109741
2016-09-24 03:00:00,0.0,1.5950909,1.443017601966858,0.42662882804870605,0.6536182165145874,4.010507106781006,0.22024226188659668
2016-09-24 04:00:00,0.0,0.5180567,0.4597044885158539,0.0857936441898346,0.2493126392364502,0.823451578617096,0.9120972752571106
2016-09-24 05:00:00,0.0,1.0923547,1.335046410560608,0.3833124041557312,0.7612377405166626,1.2603868246078491,0.09886191040277481
2016-09-24 06:00:00,0.0,0.32727978,0.32086366415023804,0.48729202151298523,0.2888260781764984,0.4760957658290863,0.13263943791389465
2016-09-24 07:00:00,0.0,0.33046168,0.46582916378974915,0.0004544777038972825,0.11064914613962173,0.2031935453414917,0.20814929902553558
2016-09-24 08:00:00,0.0,0.43635312,0.4160486161708832,2.499950647354126,0.2411745935678482,0.2891843020915985,0.6413888931274414
2016-09-24 09:00:00,0.0,0.66926676,0.8374941349029541,0.2421162873506546,0.3086473345756531,0.7042024731636047,0.33663737773895264
2016-09-24 10:00:00,0.0,2.3674762,2.1431968212127686,0.06942637264728546,1.0089466571807861,6.097999572753906,0.13667401671409607
2016-09-24 11:00:00,0.0,0.6941851,0.7440765500068665,0.14420267939567566,0.5275822877883911,1.1415237188339233,0.041044000536203384
2016-09-24 12:00:00,0.0,0.44122115,0.544147789478302,0.12484261393547058,0.2499065399169922,0.4172075688838959,0.27958062291145325
2016-09-24 13:00:00,0.0,1.4112308,1.6856770515441895,0.0945364460349083,1.5353282690048218,0.17535579204559326,2.039337635040283
2016-09-24 14:00:00,0.0,1.3300776,1.8301095962524414,0.10375222563743591,0.27505967020988464,0.23306262493133545,2.4025254249572754
2016-09-24 15:00:00,0.0,0.71314627,0.9835408329963684,0.06757725030183792,0.6542124152183533,0.23397208750247955,0.19386038184165955
2016-09-24 16:00:00,0.0,0.71911,0.7285858988761902,0.21776391565799713,1.2314032316207886,0.48673132061958313,0.29774102568626404
2016-09-24 17:00:00,0.0,0.5155827,0.4172116219997406,0.5105953812599182,0.34346526861190796,0.9409783482551575,0.6638192534446716
2016-09-24 18:00:00,0.0,1.0354447,0.9832637310028076,0.3062104880809784,0.16042053699493408,1.8357160091400146,1.6616566181182861
2016-09-24 19:00:00,0.0,1.9262506,2.984039306640625,1.7992013692855835,1.2137306928634644,0.0740789920091629,0.09948927164077759
2016-09-24 20:00:00,0.0,0.26711822,0.24203963577747345,0.8089228868484497,0.1826833039522171,0.19092006981372833,0.563246488571167
2016-09-24 21:00:00,0.0,0.43483305,0.33160465955734253,0.1330386847257614,0.9183259606361389,0.27647948265075684,0.5606576800346375
2016-09-24 22:00:00,0.0,0.3677108,0.3383418023586273,0.04316464066505432,0.813789427280426,0.20867060124874115,0.12274405360221863
2016-09-24 23:00:00,0.0,0.4005254,0.46728435158729553,2.227250337600708,0.3217793107032776,0.1031586080789566,0.20148791372776031
2016-09-25 00:00:00,0.0,0.87930804,0.7225348949432373,2.012747287750244,1.0812009572982788,0.7384580373764038,1.4297606945037842
2016-09-25 01:00:00,0.0,0.7451492,0.7509587407112122,1.0485056638717651,0.8647347092628479,0.15909777581691742,1.4507668018341064
2016-09-25 02:00:00,0.0,2.0365593,0.7311998009681702,0.3327321708202362,0.5800403356552124,9.055451393127441,0.5605208873748779
2016-09-25 03:00:00,0.0,0.21910037,0.19509446620941162,0.2596603035926819,0.3547999858856201,0.11909892410039902,0.2905239760875702
2016-09-25 04:00:00,0.0,0.6485604,0.5580527186393738,0.5739158391952515,0.5814324617385864,1.3370637893676758,0.12286022305488586
2016-09-25 05:00:00,0.0,0.30464572,0.405676931142807,0.04291354864835739,0.27344611287117004,0.16282129287719727,0.06668325513601303
2016-09-25 06:00:00,0.0,0.9426438,1.316299319267273,0.9887399077415466,0.22111383080482483,0.7768840789794922,0.2419433295726776
2016-09-25 07:00:00,0.0,0.3010792,0.18479199707508087,1.9776339530944824,0.3946864902973175,0.0885380282998085,0.7877982258796692
2016-09-25 08:00:00,0.0,4.442974,6.98532247543335,5.195642471313477,1.0808632373809814,0.7383013963699341,1.3675858974456787
2016-09-25 09:00:00,0.0,1.247039,1.7946009635925293,0.810491681098938,0.6073597073554993,0.5995184779167175,0.3234030306339264
2016-09-25 10:00:00,0.0,0.9256002,0.953688383102417,0.6290209889411926,0.15664169192314148,1.8723818063735962,0.5200240015983582
2016-09-25 11:00:00,0.0,1.393149,0.7358976006507874,0.005884286016225815,3.9078943729400635,1.1261686086654663,1.749884009361267
2016-09-25 12:00:00,0.0,0.46909413,0.2331065535545349,0.13407285511493683,0.9454742670059204,0.7891840934753418,0.5749523639678955
2016-09-25 13:00:00,0.0,0.5521924,0.3372199535369873,0.007276181131601334,0.8284326791763306,0.89924556016922,0.8874927759170532
2016-09-25 14:00:00,0.0,0.786705,0.7029291987419128,0.7097104787826538,0.912621796131134,0.7094443440437317,1.2234609127044678
2016-09-25 15:00:00,0.0,0.5336963,0.5568487644195557,0.9145440459251404,0.5708138346672058,0.32219943404197693,0.6047337055206299
2016-09-25 16:00:00,0.0,0.41602707,0.25845977663993835,0.8464083075523376,0.5840728878974915,0.8724314570426941,0.16104747354984283
2016-09-25 17:00:00,0.0,1.3607701,0.5327077507972717,2.2595908641815186,5.377678871154785,0.5092598795890808,0.5649917125701904
2016-09-25 18:00:00,0.0,0.9465121,0.4486950933933258,0.00042767319246195257,3.5392210483551025,0.45955583453178406,0.4848678708076477
2016-09-25 19:00:00,0.0,0.39463052,0.1882423609495163,0.0018420241540297866,1.2875030040740967,0.39791226387023926,0.16288627684116364
2016-09-25 20:00:00,0.0,0.35431364,0.4456951320171356,0.0008216057904064655,0.22576184570789337,0.400846391916275,0.03793106973171234
2016-09-25 21:00:00,0.0,0.28381276,0.3963775932788849,0.0237969309091568,0.09711096435785294,0.18501533567905426,0.17305147647857666
2016-09-25 22:00:00,0.0,1.8919145,2.7589099407196045,0.054875414818525314,1.7150516510009766,0.09109021723270416,0.6101521253585815
2016-09-25 23:00:00,0.0,0.5081556,0.3787417411804199,0.2883256673812866,0.5663896799087524,0.9059780240058899,0.5414972305297852
2016-09-26 00:00:00,0.0,0.981694,1.0506306886672974,0.3503344655036926,0.7933343052864075,0.7509945034980774,1.4592682123184204
2016-09-26 01:00:00,0.0,0.49459746,0.4270559251308441,0.01431205589324236,0.5962319374084473,0.6688146591186523,0.5371778011322021
2016-09-26 02:00:00,0.0,0.45199004,0.33926042914390564,0.031783271580934525,0.3980807363986969,0.722439169883728,0.8544750213623047
2016-09-26 03:00:00,0.0,0.8038142,0.5289806723594666,0.8899203538894653,1.9174525737762451,0.41397714614868164,1.164635419845581
2016-09-26 04:00:00,0.0,1.1465626,1.051273226737976,0.0540086030960083,1.1519047021865845,0.4258160889148712,3.243394613265991
2016-09-26 05:00:00,0.0,0.879655,0.8649818301200867,0.040717367082834244,1.5259371995925903,0.05239484831690788,1.494139313697815
2016-09-26 06:00:00,0.0,1.8047448,0.9470696449279785,0.10898839682340622,1.5487092733383179,5.3278422355651855,1.6573808193206787
2016-09-26 07:00:00,0.0,1.1959261,0.8011162877082825,3.0868709087371826,1.669282078742981,0.6855778098106384,3.156785488128662
2016-09-26 08:00:00,0.0,1.7290885,2.563391923904419,2.2913239002227783,0.5757013559341431,0.26706284284591675,1.1596802473068237
2016-09-26 09:00:00,0.0,1.0719526,1.4037381410598755,0.05018988996744156,0.8156278729438782,0.3066919147968292,1.124453067779541
2016-09-26 10:00:00,0.0,1.4065977,0.6151414513587952,0.0005188931827433407,0.4395887553691864,5.567695617675781,0.917198657989502
2016-09-26 11:00:00,0.0,1.5648855,1.204789638519287,0.06068304926156998,1.1523572206497192,3.4674928188323975,1.4938746690750122
2016-09-26 12:00:00,0.0,3.26828,1.3590589761734009,0.34595221281051636,0.24293024837970734,14.706840515136719,0.7310721278190613
2016-09-26 13:00:00,0.0,1.4509659,0.875734806060791,0.11144145578145981,0.538969874382019,4.4521636962890625,1.5811301469802856
2016-09-26 14:00:00,0.0,1.6329415,1.348946213722229,0.9461441040039062,0.4768371284008026,4.723927021026611,0.1225685402750969
2016-09-26 15:00:00,0.0,1.788142,1.6635485887527466,2.5890705585479736,0.7971659898757935,3.8902475833892822,0.39099371433258057
2016-09-26 16:00:00,0.0,3.773295,3.037358283996582,3.6266117095947266,5.80529260635376,5.331852436065674,1.942107915878296
2016-09-26 17:00:00,0.0,7.12458,10.12121295928955,1.238773226737976,0.8279004096984863,6.36647891998291,2.9621047973632812
2016-09-26 18:00:00,0.0,3.276971,1.5960416793823242,0.07410138100385666,0.38903042674064636,13.706907272338867,0.9647730588912964
2016-09-26 19:00:00,0.0,1.4747335,1.3765488862991333,0.6944479942321777,0.3658924102783203,3.120842456817627,1.3186933994293213
2016-09-26 20:00:00,0.0,1.0319992,0.6728353500366211,1.2918283939361572,0.3547985255718231,3.1240665912628174,0.6460087299346924
2016-09-26 21:00:00,0.0,1.5095019,1.5224366188049316,0.02054055780172348,0.35773780941963196,2.930324077606201,1.3332815170288086
2016-09-26 22:00:00,0.0,2.1231098,2.3019187450408936,0.9251927137374878,2.1775636672973633,2.6572258472442627,0.31973767280578613
2016-09-26 23:00:00,0.0,2.2651145,1.8396800756454468,0.014124574139714241,1.0187056064605713,4.598556041717529,3.478163480758667
2016-09-27 00:00:00,0.0,1.4333324,1.4615349769592285,0.17167536914348602,0.40401479601860046,2.7342488765716553,1.1042332649230957
2016-09-27 01:00:00,0.0,1.2156483,1.2468812465667725,0.04342325031757355,0.5745935440063477,2.484684467315674,0.22233901917934418
2016-09-27 02:00:00,0.0,7.2238016,8.587889671325684,3.763390486710705e-05,3.5965940952301025,10.507800102233887,1.445837140083313
2016-09-27 03:00:00,0.0,1.0941968,0.7915559411048889,0.15825466811656952,1.0628061294555664,1.490976095199585,2.5045979022979736
2016-09-27 04:00:00,0.0,2.6997237,2.65525221824646,3.6840882301330566,2.31341814994812,4.549002170562744,0.1602550894021988
2016-09-27 05:00:00,0.0,2.4701686,1.651703953742981,0.10884574800729752,1.974753737449646,6.249756813049316,2.223979949951172
2016-09-27 06:00:00,0.0,2.3956704,1.1709457635879517,0.14024822413921356,1.4935877323150635,7.5732245445251465,2.8257975578308105
2016-09-27 07:00:00,0.0,2.8116047,1.0581201314926147,0.15736451745033264,0.09457766264677048,13.406184196472168,0.21035493910312653
2016-09-27 08:00:00,0.0,1.4138047,0.5609716773033142,0.045699238777160645,0.8154434561729431,5.03232479095459,1.5875513553619385
2016-09-27 09:00:00,0.0,0.7004558,0.45835891366004944,1.54756498336792,0.33343055844306946,1.9468746185302734,0.4023211598396301
2016-09-27 10:00:00,0.0,0.6499026,0.48632970452308655,1.7559062242507935,0.5690725445747375,1.3815902471542358,0.215837761759758
2016-09-27 11:00:00,0.0,0.96858954,0.8077086806297302,0.9221672415733337,1.0602610111236572,1.051321268081665,1.6402736902236938
2016-09-27 12:00:00,0.0,0.707001,0.5216318964958191,4.2596869468688965,0.9080302119255066,0.4885043203830719,0.9616111516952515
2016-09-27 13:00:00,0.0,0.9386757,1.3825360536575317,2.7801764011383057,0.17218217253684998,0.40996861457824707,0.08173947036266327
2016-09-27 14:00:00,0.0,2.002591,1.0215927362442017,2.7657363414764404,0.42988747358322144,7.6152777671813965,0.6278218626976013
2016-09-27 15:00:00,0.0,2.384117,1.5961006879806519,1.0125573873519897,2.18491268157959,4.579067230224609,3.962545871734619
2016-09-27 16:00:00,0.0,1.0166618,0.8986117839813232,0.0871889665722847,1.612676739692688,0.36539170145988464,2.054025888442993
2016-09-27 17:00:00,0.0,0.7422584,0.7929039001464844,0.19945763051509857,0.2987402379512787,0.8896807432174683,1.0922534465789795
2016-09-27 18:00:00,0.0,1.2610978,1.5709489583969116,0.3938484191894531,0.5970444679260254,0.5596117377281189,2.0084962844848633
2016-09-27 19:00:00,0.0,0.40520144,0.4659203290939331,4.096315860748291,0.06695323437452316,0.12199253588914871,0.20565862953662872
2016-09-27 20:00:00,0.0,0.5847155,0.9178552627563477,0.07730389386415482,0.24780133366584778,0.07815389335155487,0.18881314992904663
2016-09-27 21:00:00,0.0,4.424351,7.5363335609436035,0.19885529577732086,0.6321176886558533,0.3455013930797577,0.5832312107086182
2016-09-27 22:00:00,0.0,1.6471107,2.0121281147003174,0.010667458176612854,1.8509029150009155,0.6513077020645142,1.2521365880966187
2016-09-27 23:00:00,0.0,0.3460719,0.4330236613750458,0.09329871088266373,0.2215198576450348,0.12654322385787964,0.4896957278251648
2016-09-28 00:00:00,0.0,0.49209487,0.7394153475761414,0.01813356950879097,0.3430478870868683,0.06578101217746735,0.1335451453924179
2016-09-28 01:00:00,0.0,2.7377164,3.96389102935791,0.08073689788579941,0.9712970852851868,0.23286734521389008,3.519634246826172
2016-09-28 02:00:00,0.0,1.1953675,0.7542393207550049,2.845839262008667,1.4335181713104248,2.100973606109619,1.427942156791687
2016-09-28 03:00:00,0.0,1.879798,0.4597085416316986,0.997738242149353,7.755421161651611,1.9235258102416992,0.26198434829711914
2016-09-28 04:00:00,0.0,0.81662226,0.8803471922874451,1.3565776348114014,0.8041120171546936,0.8383923768997192,0.28307855129241943
2016-09-28 05:00:00,0.0,0.78365993,0.6112724542617798,0.19160933792591095,1.357077956199646,0.940759539604187,0.687592625617981
2016-09-28 06:00:00,0.0,0.5996664,0.5155166983604431,0.942927360534668,0.33072927594184875,1.1223385334014893,0.5747131705284119
2016-09-28 07:00:00,0.0,0.24163672,0.2408321350812912,0.49651262164115906,0.11145340651273727,0.18843087553977966,0.503676176071167
2016-09-28 08:00:00,0.0,0.839226,0.603685200214386,0.9832941293716431,0.5888501405715942,1.5388240814208984,1.4303169250488281
2016-09-28 09:00:00,0.0,1.04427,0.9876353740692139,1.423197627067566,1.0492078065872192,0.43539735674858093,2.3462300300598145
2016-09-28 10:00:00,0.0,0.7001099,0.49555328488349915,0.5294046998023987,0.39812225103378296,2.04944109916687,0.13727404177188873
2016-09-28 11:00:00,0.0,0.8896768,0.4833471477031708,1.6554200649261475,1.6305898427963257,1.703226923942566,0.4159078896045685
2016-09-28 12:00:00,0.0,1.4951777,2.094221353530884,0.5817232131958008,0.5061008930206299,1.2609542608261108,0.2700563967227936
2016-09-28 13:00:00,0.0,1.5287156,1.5542354583740234,1.4435847997665405,1.1932207345962524,1.7643835544586182,1.5715769529342651
2016-09-28 14:00:00,0.0,0.799661,0.8306372761726379,3.6624715328216553,1.2979284524917603,0.1802203506231308,0.11015427857637405
2016-09-28 15:00:00,0.0,0.91924757,0.9235374927520752,0.02809709496796131,2.0265560150146484,0.3102688491344452,0.2442188858985901
2016-09-28 16:00:00,0.0,1.9454955,0.5046955943107605,0.00031207141000777483,9.779868125915527,0.27102896571159363,0.2967526316642761
2016-09-28 17:00:00,0.0,2.384793,2.632061719894409,3.318354845046997,0.6557233929634094,3.1397864818573,2.3724231719970703
2016-09-28 18:00:00,0.0,1.1455777,1.1593753099441528,0.1976330578327179,1.0234861373901367,0.6631885170936584,2.3576178550720215
2016-09-28 19:00:00,0.0,1.086523,1.0201879739761353,0.01429690606892109,0.95045006275177,0.8378722071647644,2.4258577823638916
2016-09-28 20:00:00,0.0,0.47468695,0.5800530314445496,0.057620178908109665,0.5053097605705261,0.08203399926424026,0.580310046672821
2016-09-28 21:00:00,0.0,0.44903663,0.48589959740638733,0.0036263621877878904,0.40935516357421875,0.03898961469531059,1.126236081123352
2016-09-28 22:00:00,0.0,2.3413067,1.3788633346557617,0.8008162975311279,7.743908405303955,0.5208966135978699,2.232254981994629
2016-09-28 23:00:00,0.0,0.4864439,0.4895343482494354,0.10098318010568619,0.4400918483734131,0.5177612900733948,0.5905776023864746
2016-09-29 00:00:00,0.0,0.3208619,0.39279720187187195,0.0747314840555191,0.3575004041194916,0.23003101348876953,0.0456191748380661
2016-09-29 01:00:00,0.0,0.30716974,0.2983471751213074,1.2699108123779297,0.3321306109428406,0.20015743374824524,0.26301002502441406
2016-09-29 02:00:00,0.0,1.8362865,2.4766793251037598,5.844534397125244,1.2943693399429321,0.07373043149709702,1.0246977806091309
2016-09-29 03:00:00,0.0,1.2823054,1.0611916780471802,0.22966361045837402,1.8226906061172485,0.9940617680549622,2.430900812149048
2016-09-29 04:00:00,0.0,0.84071785,0.8305116295814514,0.4899626076221466,0.6242376565933228,1.3548705577850342,0.46871739625930786
2016-09-29 05:00:00,0.0,1.4830924,1.1364871263504028,9.516855239868164,1.3985086679458618,1.4307819604873657,1.7938474416732788
2016-09-29 06:00:00,0.0,1.6225648,2.0245168209075928,0.24918417632579803,0.526305615901947,0.3709035813808441,3.6630563735961914
2016-09-29 07:00:00,0.0,3.3177423,4.562467098236084,6.573628343176097e-05,2.539440393447876,1.3643035888671875,1.4593548774719238
2016-09-29 08:00:00,0.0,0.6324001,0.7077669501304626,0.907627284526825,0.4548685848712921,0.2880053222179413,1.0247631072998047
2016-09-29 09:00:00,0.0,0.48499945,0.385235995054245,1.037150263786316,0.3505533039569855,0.5392096638679504,1.0859557390213013
2016-09-29 10:00:00,0.0,1.208241,0.7068209648132324,0.6777673959732056,4.18375825881958,0.2861544191837311,0.7558763027191162
2016-09-29 11:00:00,0.0,1.529258,1.3019760847091675,1.729357123374939,1.545509934425354,1.3040457963943481,3.2086050510406494
2016-09-29 12:00:00,0.0,2.0873277,1.3375974893569946,0.7130991816520691,0.8709009289741516,6.463428974151611,1.3998368978500366
2016-09-29 13:00:00,0.0,1.38627,1.0101933479309082,0.045744460076093674,0.9396960139274597,3.9444832801818848,0.2824918329715729
2016-09-29 14:00:00,0.0,3.2619696,4.961724281311035,1.3389025926589966,2.012007713317871,0.24735164642333984,1.00722074508667
2016-09-29 15:00:00,0.0,1.4110855,2.3044183254241943,0.7043479681015015,0.2558267116546631,0.2575136125087738,0.268225759267807
2016-09-29 16:00:00,0.0,2.327405,3.109328508377075,0.002749527571722865,1.2795506715774536,0.2831970453262329,3.628136157989502
2016-09-29 17:00:00,0.0,0.26219139,0.30893704295158386,0.0029286942444741726,0.19653359055519104,0.21066775918006897,0.2516007125377655
2016-09-29 18:00:00,0.0,0.15147595,0.13263024389743805,0.6159722805023193,0.1800304353237152,0.1287117451429367,0.1382931023836136
2016-09-29 19:00:00,0.0,1.5058612,2.0469157695770264,3.0861010551452637,0.882141649723053,0.8362980484962463,0.12771949172019958
2016-09-29 20:00:00,0.0,0.9256027,0.8942069411277771,2.8248355388641357,0.2862011790275574,1.5232726335525513,0.7121976017951965
2016-09-29 21:00:00,0.0,0.7087771,0.2698783576488495,2.18980073928833,0.8173063397407532,2.0418195724487305,0.4491633474826813
2016-09-29 22:00:00,0.0,0.7109735,0.3206694424152374,0.05447864904999733,1.6428500413894653,1.354655146598816,0.45969462394714355
2016-09-29 23:00:00,0.0,0.98554987,1.1593174934387207,0.6745271682739258,0.17647835612297058,1.6309913396835327,0.3070518672466278
2016-09-30 00:00:00,0.0,16.305195,5.847758769989014,0.4592466652393341,10.97883129119873,50.2512092590332,32.92689514160156
2016-09-30 01:00:00,0.0,2.1812804,0.6201209425926208,1.641715168952942,1.3300237655639648,7.768294334411621,3.395550489425659
2016-09-30 02:00:00,0.0,0.49231178,0.45843660831451416,0.9518434405326843,0.6774406433105469,0.22601854801177979,0.7227176427841187
2016-09-30 03:00:00,0.0,0.36676577,0.2936146557331085,0.9840168952941895,0.5066221952438354,0.5748337507247925,0.04249195381999016
2016-09-30 04:00:00,0.0,1.5176599,1.6334701776504517,2.555856704711914,0.9098026156425476,2.3753340244293213,0.12606869637966156
2016-09-30 05:00:00,0.0,0.40997934,0.26673588156700134,1.282582402229309,0.48300546407699585,0.42917367815971375,0.8899036645889282
2016-09-30 06:00:00,0.0,0.6471056,0.46132633090019226,0.012625043280422688,0.9569586515426636,0.9551669955253601,0.839050829410553
2016-09-30 07:00:00,0.0,0.45109594,0.33215272426605225,0.27782636880874634,0.5175744891166687,0.7696183323860168,0.5343207120895386
2016-09-30 08:00:00,0.0,1.1253227,1.4672126770019531,0.2576201558113098,0.11329860240221024,0.23891998827457428,2.6131556034088135
2016-09-30 09:00:00,0.0,0.32838097,0.4455425441265106,0.231125608086586,0.18537180125713348,0.04863818362355232,0.3895414471626282
2016-09-30 10:00:00,0.0,0.3346549,0.36590513586997986,0.5210081338882446,0.3289404809474945,0.14214780926704407,0.4474528133869171
2016-09-30 11:00:00,0.0,0.69970894,0.5566603541374207,1.8328460454940796,1.080092191696167,0.5884366631507874,0.803772509098053
2016-09-30 12:00:00,0.0,1.319218,1.184596061706543,5.224795818328857,2.0119972229003906,1.0364288091659546,0.4330736994743347
2016-09-30 13:00:00,0.0,1.8307939,1.0575822591781616,2.3632311820983887,2.49234938621521,4.6396260261535645,0.2637783885002136
2016-09-30 14:00:00,0.0,1.2312638,0.9361441731452942,1.2317681312561035,1.4144117832183838,1.1094143390655518,2.8945837020874023
2016-09-30 15:00:00,0.0,1.4069175,0.38317346572875977,0.08985287696123123,3.495590925216675,3.68703031539917,0.233270525932312
2016-09-30 16:00:00,0.0,0.63011163,0.49405136704444885,0.6374107599258423,0.1684989184141159,1.5089902877807617,0.7144324779510498
2016-09-30 17:00:00,0.0,1.2330751,0.9543578028678894,1.0280588865280151,0.665086567401886,2.5508673191070557,1.6444768905639648
2016-09-30 18:00:00,0.0,1.394268,1.9742988348007202,0.37079253792762756,0.8452205657958984,0.24968774616718292,1.1338006258010864
2016-09-30 19:00:00,0.0,0.5677566,0.5413312911987305,3.391019582748413,0.5134331583976746,0.05637345463037491,1.0104782581329346
2016-09-30 20:00:00,0.0,0.7103304,0.8450345993041992,4.7052321434021,0.28605952858924866,0.19898442924022675,0.54071044921875
2016-09-30 21:00:00,0.0,2.1617355,0.8860781788825989,0.81620854139328,5.561902046203613,3.273874521255493,2.255526065826416
2016-09-30 22:00:00,0.0,0.4670688,0.33369019627571106,0.2689982056617737,1.3833467960357666,0.1939241588115692,0.191374734044075
2016-09-30 23:00:00,0.0,0.23707786,0.15758846700191498,1.226934552192688,0.2003333866596222,0.264216810464859,0.48335978388786316
2016-01-10 00:00:00,0.0,0.4120161,0.5166081786155701,1.2638591527938843,0.24346382915973663,0.02238529920578003,0.5483229756355286
2016-01-10 01:00:00,0.0,1.3269457,1.7052141427993774,3.9258549213409424,1.0001193284988403,0.23490002751350403,0.8906316161155701
2016-01-10 02:00:00,0.0,1.2682904,0.5091720223426819,0.46253931522369385,2.6269378662109375,2.6783852577209473,1.1791400909423828
2016-01-10 03:00:00,0.0,0.30785885,0.24900342524051666,0.015245545655488968,0.5303048491477966,0.17634928226470947,0.5750060081481934
2016-01-10 04:00:00,0.0,0.5808817,0.2796015739440918,0.7255929708480835,0.31578531861305237,1.843269944190979,0.6071241497993469
2016-01-10 05:00:00,0.0,0.7416353,0.8372913002967834,0.9532884359359741,0.8108430504798889,0.29508039355278015,0.7751432061195374
2016-01-10 06:00:00,0.0,0.5405821,0.3231618106365204,2.337833881378174,0.9325950741767883,0.7900896072387695,0.2731305658817291
2016-01-10 07:00:00,0.0,0.8766697,0.8070778846740723,1.0695377588272095,0.2609112858772278,2.0963480472564697,0.1891433745622635
2016-01-10 08:00:00,0.0,0.92903244,0.6916882395744324,1.4039173126220703,1.424380898475647,1.0665980577468872,1.126776933670044
2016-01-10 09:00:00,0.0,0.7047491,0.3189016282558441,1.4117544889450073,1.3070989847183228,0.951352596282959,1.3574150800704956
2016-01-10 10:00:00,0.0,1.5239581,0.6250441074371338,2.0910425186157227,6.273910999298096,0.401041716337204,0.42835479974746704
2016-01-10 11:00:00,0.0,1.3335409,1.6420588493347168,2.5113394260406494,0.9443951845169067,0.2379177361726761,1.786328673362732
2016-01-10 12:00:00,0.0,2.2413309,3.2448794841766357,0.4383694529533386,1.6026121377944946,0.13230574131011963,1.4793307781219482
2016-01-10 13:00:00,0.0,0.47874272,0.5446993708610535,3.0419726371765137,0.307204008102417,0.2502416670322418,0.14226499199867249
2016-01-10 14:00:00,0.0,0.94380605,1.0179877281188965,1.6377737522125244,0.400624543428421,0.5992783904075623,1.8787152767181396
2016-01-10 15:00:00,0.0,2.5407634,1.1443053483963013,0.0297180637717247,4.3684468269348145,6.804015159606934,0.888136088848114
2016-01-10 16:00:00,0.0,4.519073,5.029016017913818,0.014956183731555939,1.9892891645431519,7.313719272613525,2.1219255924224854
2016-01-10 17:00:00,0.0,0.46783754,0.4399832487106323,4.075172424316406,0.4383103847503662,0.19777998328208923,0.25740233063697815
2016-01-10 18:00:00,0.0,3.227355,5.528473377227783,1.522322654724121,0.19644343852996826,0.08017171174287796,0.6585668325424194
2016-01-10 19:00:00,0.0,2.1572716,2.8099935054779053,7.135951042175293,1.0697189569473267,0.26307445764541626,2.214334487915039
2016-01-10 20:00:00,0.0,0.9752085,1.0249696969985962,0.29555919766426086,1.3238773345947266,0.13919320702552795,1.6994112730026245
2016-01-10 21:00:00,0.0,0.6389055,0.31283149123191833,0.04293331876397133,2.0783627033233643,0.49137330055236816,0.4834747612476349
2016-01-10 22:00:00,0.0,0.7104194,0.7085404396057129,0.22224882245063782,0.7214112281799316,0.12012874335050583,1.8575092554092407
2016-01-10 23:00:00,0.0,0.3978048,0.3992210626602173,1.9166735410690308,0.2038373202085495,0.2888083755970001,0.5397762060165405
2016-02-10 00:00:00,0.0,0.54218876,0.42425522208213806,3.6810450553894043,0.6772691011428833,0.5059026479721069,0.292185515165329
2016-02-10 01:00:00,0.0,0.44621333,0.2745981514453888,0.7264246940612793,0.35936906933784485,1.08888578414917,0.43315258622169495
2016-02-10 02:00:00,0.0,0.70929277,0.4790479838848114,0.00014807718980591744,0.3927238881587982,2.076795816421509,0.4289131164550781
2016-02-10 03:00:00,0.0,0.74294984,0.49946990609169006,0.2355467677116394,0.43536534905433655,1.4464623928070068,1.6378062963485718
2016-02-10 04:00:00,0.0,0.3120657,0.26604071259498596,0.13622672855854034,0.555512547492981,0.3068397343158722,0.2152888923883438
2016-02-10 05:00:00,0.0,1.1255151,0.8958160877227783,0.547488272190094,1.1574201583862305,1.9898258447647095,1.0798392295837402
2016-02-10 06:00:00,0.0,0.24583952,0.19201815128326416,0.2692950963973999,0.2208784520626068,0.3306610882282257,0.4581480920314789
2016-02-10 07:00:00,0.0,1.3104278,0.41200217604637146,0.6944012641906738,0.19363640248775482,6.008424282073975,0.5878782272338867
2016-02-10 08:00:00,0.0,0.594985,0.5755572319030762,3.4986419677734375,0.2500641345977783,0.4750422537326813,0.7991492748260498
2016-02-10 09:00:00,0.0,1.3460355,1.1971515417099,2.3273587226867676,0.9257903695106506,0.9156373739242554,3.482632637023926
2016-02-10 10:00:00,0.0,0.31006125,0.28088390827178955,0.28285324573516846,0.5083867311477661,0.37069350481033325,0.038751211017370224
2016-02-10 11:00:00,0.0,1.3913832,0.8516148924827576,0.12423991411924362,4.571324825286865,0.27271604537963867,1.339547038078308
2016-02-10 12:00:00,0.0,0.53528005,0.7903742790222168,0.04186537116765976,0.2679707109928131,0.1929800659418106,0.19488473236560822
2016-02-10 13:00:00,0.0,2.8761904,3.492595672607422,0.07729277014732361,2.456939458847046,1.0177348852157593,3.8634722232818604
2016-02-10 14:00:00,0.0,0.6442599,0.5153184533119202,0.0870048925280571,0.3397923409938812,1.6790387630462646,0.2791783809661865
2016-02-10 15:00:00,0.0,0.8584046,0.7974974513053894,0.27711284160614014,1.1804466247558594,0.28271880745887756,1.8130460977554321
2016-02-10 16:00:00,0.0,1.3806491,1.622157096862793,0.3566170632839203,1.1413710117340088,0.8067919611930847,1.6105940341949463
2016-02-10 17:00:00,0.0,0.7304125,0.5219722986221313,0.9246890544891357,0.38210445642471313,2.047426223754883,0.23724856972694397
2016-02-10 18:00:00,0.0,1.0550529,0.6108995079994202,1.9489456415176392,1.0008652210235596,2.7653651237487793,0.5982818603515625
2016-02-10 19:00:00,0.0,1.4481407,0.9985440373420715,2.0786514282226562,0.8994718194007874,3.3220951557159424,1.668842077255249
2016-02-10 20:00:00,0.0,0.8008869,0.698807418346405,0.3962251842021942,0.6343717575073242,1.4552488327026367,0.6607977151870728
2016-02-10 21:00:00,0.0,1.2785147,0.9693331122398376,0.001879842602647841,2.87859845161438,0.994813084602356,1.1490960121154785
2016-02-10 22:00:00,0.0,0.63436127,0.6021905541419983,0.39220911264419556,1.0324219465255737,0.5203775763511658,0.39078855514526367
2016-02-10 23:00:00,0.0,0.7361338,0.7799407839775085,0.0012530403910204768,1.1335359811782837,0.1418261080980301,1.0015974044799805
2016-03-10 00:00:00,0.0,0.8839244,0.88553386926651,0.01149670034646988,1.594807744026184,0.14585049450397491,1.1399576663970947
2016-03-10 01:00:00,0.0,1.0625267,1.0158628225326538,0.03655058890581131,1.8537213802337646,0.18162429332733154,1.7559930086135864
2016-03-10 02:00:00,0.0,2.06163,1.823692798614502,0.21780651807785034,4.866576194763184,0.2759595513343811,2.166476011276245
2016-03-10 03:00:00,0.0,1.4905022,1.775863766670227,1.785657525062561,0.34681767225265503,2.2816109657287598,0.32155391573905945
2016-03-10 04:00:00,0.0,0.43382415,0.5555397868156433,0.015450360253453255,0.2798783779144287,0.2292611300945282,0.4355148375034332
2016-03-10 05:00:00,0.0,1.6135994,2.2127883434295654,0.13671182096004486,1.2310616970062256,0.7653375267982483,0.5415869951248169
2016-03-10 06:00:00,0.0,1.5986514,0.9405640959739685,2.732391119003296,1.322316288948059,4.5709547996521,0.5457971096038818
2016-03-10 07:00:00,0.0,1.4994606,2.4039456844329834,0.34615465998649597,0.29280439019203186,0.4945395886898041,0.23113662004470825
2016-03-10 08:00:00,0.0,0.76973796,1.1048930883407593,0.5403228402137756,0.21690545976161957,0.24644173681735992,0.6993851065635681
2016-03-10 09:00:00,0.0,1.5080733,2.0904035568237305,8.361749649047852,0.2561184763908386,0.3481884300708771,0.5213927626609802
2016-03-10 10:00:00,0.0,0.47090405,0.373641699552536,0.23556898534297943,1.1517447233200073,0.17706768214702606,0.4360545575618744
2016-03-10 11:00:00,0.0,0.4689996,0.32674992084503174,4.005060195922852,0.22744907438755035,0.5684008598327637,0.6872433423995972
2016-03-10 12:00:00,0.0,0.26618624,0.21491427719593048,0.9905185103416443,0.09932605922222137,0.2200799435377121,0.7654262781143188
2016-03-10 13:00:00,0.0,0.6484536,0.5431069731712341,8.86667537689209,0.2859494388103485,0.14914239943027496,0.7341549396514893
2016-03-10 14:00:00,0.0,0.8255706,0.7278812527656555,0.887617826461792,1.4701669216156006,0.17872345447540283,1.4001343250274658
2016-03-10 15:00:00,0.0,0.7041329,0.6017983555793762,0.36052340269088745,1.298107385635376,0.03706877678632736,1.5319491624832153
2016-03-10 16:00:00,0.0,0.7939509,0.5754619240760803,0.02551519311964512,1.0999387502670288,0.9966443777084351,1.406800389289856
2016-03-10 17:00:00,0.0,1.6004152,0.711939811706543,0.06622643023729324,0.21765075623989105,6.5969767570495605,0.9906699061393738
2016-03-10 18:00:00,0.0,0.47766247,0.35160884261131287,0.07546619325876236,0.12288620322942734,1.4195706844329834,0.30705299973487854
2016-03-10 19:00:00,0.0,0.714992,0.7137741446495056,1.0898247957229614,0.7751551866531372,0.6050852537155151,0.715641975402832
2016-03-10 20:00:00,0.0,0.8181191,0.6773271560668945,2.074855327606201,0.6144621968269348,1.4808977842330933,0.5452245473861694
2016-03-10 21:00:00,0.0,2.6036005,3.7160494327545166,0.193040668964386,1.8653310537338257,1.114210844039917,0.4299503564834595
2016-03-10 22:00:00,0.0,0.35170838,0.23672014474868774,0.004471402615308762,1.0311734676361084,0.22243857383728027,0.16560512781143188
2016-03-10 23:00:00,0.0,1.3888122,0.8720229268074036,1.0258439779281616,0.7107129693031311,3.249101400375366,2.5114586353302
2016-04-10 00:00:00,0.0,2.7212284,2.7533013820648193,1.6454405784606934,0.9042511582374573,2.6842024326324463,6.0422444343566895
2016-04-10 01:00:00,0.0,0.5612702,0.4389660060405731,5.167721271514893,0.20031069219112396,0.6773106455802917,0.5720915198326111
2016-04-10 02:00:00,0.0,0.4417296,0.2747303247451782,0.3438589572906494,0.8258616328239441,0.5842996835708618,0.5464639663696289
2016-04-10 03:00:00,0.0,0.27730036,0.1951317936182022,0.009538845159113407,0.7476075291633606,0.15934014320373535,0.22064462304115295
2016-04-10 04:00:00,0.0,1.0652639,0.8580519556999207,1.6779690980911255,0.19117532670497894,2.915714740753174,0.4467243254184723
2016-04-10 05:00:00,0.0,1.7981821,1.9444117546081543,0.1580786556005478,0.6410651803016663,0.10434174537658691,6.320004940032959
2016-04-10 06:00:00,0.0,2.2591894,2.1796393394470215,0.2360088974237442,0.6632614135742188,5.381610870361328,0.5709196925163269
2016-04-10 07:00:00,0.0,0.34737757,0.39251062273979187,1.1169953346252441,0.29583826661109924,0.07231766730546951,0.4557238519191742
2016-04-10 08:00:00,0.0,0.4027443,0.45852217078208923,2.1531059741973877,0.0900549665093422,0.39905670285224915,0.18414634466171265
2016-04-10 09:00:00,0.0,1.0400177,1.6092323064804077,0.0164922047406435,0.3118678033351898,0.08616359531879425,0.8241205215454102
2016-04-10 10:00:00,0.0,2.103188,2.8653242588043213,1.3031502962112427,2.172393560409546,0.09767390042543411,1.118919849395752
2016-04-10 11:00:00,0.0,2.6360242,2.990900993347168,0.46197542548179626,3.105215311050415,0.5469518303871155,3.885070323944092
2016-04-10 12:00:00,0.0,2.4690614,1.7813506126403809,2.8266491889953613,2.0498342514038086,4.6565399169921875,3.4114878177642822
2016-04-10 13:00:00,0.0,1.68703,1.5196081399917603,6.45488977432251,2.106085777282715,0.9509419202804565,2.0544021129608154
2016-04-10 14:00:00,0.0,3.0565543,3.709005117416382,0.027420589700341225,0.9370215535163879,4.6222405433654785,0.8683670163154602
2016-04-10 15:00:00,0.0,0.5272677,0.5358619093894958,0.9140600562095642,0.5559539794921875,0.651972770690918,0.11056965589523315
2016-04-10 16:00:00,0.0,0.8817969,0.6186468005180359,0.015399624593555927,2.554264783859253,0.18362955749034882,0.9722704291343689
2016-04-10 17:00:00,0.0,0.6534209,0.5628414154052734,0.598797082901001,1.1742721796035767,0.32775261998176575,0.868984043598175
2016-04-10 18:00:00,0.0,1.0212617,1.252496361732483,0.010069480165839195,0.7266736626625061,0.2900314927101135,1.681833267211914
2016-04-10 19:00:00,0.0,0.50884134,0.38875916600227356,0.2114606499671936,0.5127583742141724,0.10078246146440506,2.010927200317383
2016-04-10 20:00:00,0.0,0.29690972,0.2927444875240326,1.0642741918563843,0.2865240275859833,0.20158590376377106,0.31505143642425537
2016-04-10 21:00:00,0.0,1.1072913,0.6961669921875,0.0842609629034996,3.2529842853546143,0.5827272534370422,0.9928182363510132
2016-04-10 22:00:00,0.0,0.94365764,0.5433604121208191,2.1748924255371094,0.3567526936531067,1.2643861770629883,3.503441095352173
2016-04-10 23:00:00,0.0,1.5832222,1.7773741483688354,1.550042748451233,0.3783176839351654,1.7562074661254883,2.23246169090271
2016-05-10 00:00:00,0.0,0.83911556,0.6045339703559875,6.266683101654053,0.2804044485092163,1.1805657148361206,1.2699193954467773
2016-05-10 01:00:00,0.0,1.5171272,1.348193645477295,3.4948415756225586,0.3515340983867645,3.1650633811950684,1.192197561264038
2016-05-10 02:00:00,0.0,2.3254402,1.4178228378295898,3.334935426712036,0.7126335501670837,7.526834964752197,1.2387421131134033
2016-05-10 03:00:00,0.0,1.0999539,0.9065985083580017,1.2974331378936768,1.5712114572525024,0.904556930065155,1.727961778640747
2016-05-10 04:00:00,0.0,1.002109,0.886111319065094,1.5317522287368774,1.1814969778060913,0.9686120748519897,1.3103735446929932
2016-05-10 05:00:00,0.0,0.49425858,0.4411018192768097,0.9257400631904602,0.46404191851615906,0.6090312004089355,0.5573557019233704
2016-05-10 06:00:00,0.0,0.5300134,0.43273043632507324,0.46292945742607117,0.5258814096450806,0.8804448246955872,0.5244581699371338
2016-05-10 07:00:00,0.0,0.43255022,0.30230027437210083,0.0032314269337803125,0.2484765201807022,1.1883432865142822,0.3208708167076111
2016-05-10 08:00:00,0.0,1.7688079,1.4422794580459595,0.14055395126342773,0.42966368794441223,4.673075199127197,1.396073341369629
2016-05-10 09:00:00,0.0,1.0982093,0.8651518821716309,0.6826348900794983,1.1291747093200684,0.6824658513069153,3.273808479309082
2016-05-10 10:00:00,0.0,0.86764705,0.746605634689331,2.411771297454834,0.9811558723449707,0.9331730604171753,0.8945534825325012
2016-05-10 11:00:00,0.0,0.8059396,0.5281135439872742,1.4328454732894897,2.0613865852355957,0.6839324235916138,0.3326495289802551
2016-05-10 12:00:00,0.0,0.63070095,0.6216417551040649,4.648224830627441,0.7266998291015625,0.2201719582080841,0.2311030626296997
2016-05-10 13:00:00,0.0,0.95856154,1.368066430091858,0.6244922280311584,0.2437342405319214,0.7909989356994629,0.12923118472099304
2016-05-10 14:00:00,0.0,2.4254766,3.705897331237793,1.4550772905349731,1.1581283807754517,0.6701187491416931,0.27528899908065796
2016-05-10 15:00:00,0.0,1.7240672,1.5771456956863403,0.2763412594795227,3.5026512145996094,0.19776813685894012,2.5260283946990967
2016-05-10 16:00:00,0.0,0.47314423,0.500338077545166,2.510064125061035,0.6656376719474792,0.07829048484563828,0.15488220751285553
2016-05-10 17:00:00,0.0,1.7061676,2.5784175395965576,0.2412421554327011,0.46827706694602966,0.8101754784584045,0.5731949806213379
2016-05-10 18:00:00,0.0,0.6902278,0.9217379689216614,0.05152834951877594,0.10078400373458862,0.5283728837966919,0.7756147980690002
2016-05-10 19:00:00,0.0,0.96365047,0.7383164763450623,0.018978828564286232,0.6987144351005554,2.034897804260254,1.1407780647277832
2016-05-10 20:00:00,0.0,0.58657926,0.311195433139801,0.8176954388618469,0.30685147643089294,1.5304161310195923,1.0189118385314941
2016-05-10 21:00:00,0.0,1.2901398,0.7330477833747864,2.2730154991149902,4.112138748168945,0.6949023008346558,0.4901398718357086
2016-05-10 22:00:00,0.0,0.9702098,0.3280045688152313,3.1814632415771484,0.418891966342926,3.605501651763916,0.6236725449562073
2016-05-10 23:00:00,0.0,1.2380314,0.3985197842121124,0.0020747894886881113,0.71674644947052,4.827309608459473,1.2151023149490356
2016-06-10 00:00:00,0.0,1.5889848,1.5727882385253906,0.14847175776958466,1.4051851034164429,2.5831542015075684,0.6281460523605347
2016-06-10 01:00:00,0.0,0.5553196,0.5653996467590332,0.03662330284714699,0.4766746163368225,0.5392346382141113,0.7902910709381104
2016-06-10 02:00:00,0.0,0.73443127,0.833576500415802,0.42929789423942566,0.6481066346168518,0.6289539933204651,0.551496148109436
2016-06-10 03:00:00,0.0,1.523154,1.852501392364502,2.356621026992798,1.795231580734253,0.5692073106765747,0.5319731831550598
2016-06-10 04:00:00,0.0,0.6292687,0.5429785847663879,0.5232752561569214,0.8667734861373901,0.6167704463005066,0.7797468900680542
2016-06-10 05:00:00,0.0,0.49649793,0.3406867980957031,0.3236670196056366,0.24979469180107117,1.42347252368927,0.28409698605537415
2016-06-10 06:00:00,0.0,1.0002514,1.225845456123352,0.4768456220626831,0.722007691860199,1.105538249015808,0.08021315187215805
2016-06-10 07:00:00,0.0,2.4756494,3.577165365219116,0.9572020769119263,1.1751025915145874,0.3862442374229431,2.1785781383514404
2016-06-10 08:00:00,0.0,0.27693966,0.43004703521728516,0.011565711349248886,0.1302647739648819,0.08841420710086823,0.011239398270845413
2016-06-10 09:00:00,0.0,0.4609521,0.37996962666511536,0.3159119784832001,1.1535680294036865,0.2596798837184906,0.12325506657361984
2016-06-10 10:00:00,0.0,1.1627313,0.5112025737762451,0.872008204460144,5.102397441864014,0.11914868652820587,0.07643693685531616
2016-06-10 11:00:00,0.0,0.66341585,0.5859566926956177,0.4386625289916992,0.7345190048217773,0.6580386161804199,1.0693389177322388
2016-06-10 12:00:00,0.0,0.26475242,0.29515913128852844,1.2672711610794067,0.07178547233343124,0.28742116689682007,0.12970438599586487
2016-06-10 13:00:00,0.0,1.6742834,1.9910060167312622,2.549328088760376,0.3003576099872589,1.0983325242996216,2.9674718379974365
2016-06-10 14:00:00,0.0,2.1145768,2.0080502033233643,0.14045239984989166,1.7198073863983154,4.050610542297363,0.5500543713569641
2016-06-10 15:00:00,0.0,5.823636,6.952974319458008,5.5473737716674805,9.718472480773926,0.8203058838844299,1.0565376281738281
2016-06-10 16:00:00,0.0,2.342994,3.4223012924194336,2.901583433151245,1.0432378053665161,0.43044140934944153,1.3490440845489502
2016-06-10 17:00:00,0.0,3.7265618,6.306886672973633,0.03388560190796852,0.7037061452865601,0.4551812708377838,0.18268871307373047
2016-06-10 18:00:00,0.0,0.4811938,0.596829354763031,0.04056283086538315,0.263173371553421,0.3528605103492737,0.5036574602127075
2016-06-10 19:00:00,0.0,0.25456196,0.33271080255508423,0.0231221541762352,0.11906003952026367,0.08337818831205368,0.3802286386489868
2016-06-10 20:00:00,0.0,0.41040277,0.46547725796699524,2.788007974624634,0.17838649451732635,0.16136038303375244,0.3274073004722595
2016-06-10 21:00:00,0.0,0.57341844,0.31162920594215393,7.909275531768799,1.121378779411316,0.09203082323074341,0.1936866194009781
2016-06-10 22:00:00,0.0,1.0548952,1.0745691061019897,2.8651845455169678,1.776741862297058,0.05657187104225159,0.9681128859519958
2016-06-10 23:00:00,0.0,1.8245351,1.954229712486267,4.31459903717041,1.0975853204727173,0.8607345819473267,3.3826661109924316
2016-07-10 00:00:00,0.0,0.91424865,0.6669442653656006,5.525909423828125,0.9736260771751404,0.8494118452072144,1.2547132968902588
2016-07-10 01:00:00,0.0,0.7389503,0.35193753242492676,6.068687438964844,0.19268584251403809,1.610865831375122,1.158704161643982
2016-07-10 02:00:00,0.0,1.4657992,0.8536263108253479,13.989778518676758,0.6066250801086426,2.6565158367156982,1.4276422262191772
2016-07-10 03:00:00,0.0,1.7498318,0.8877971172332764,5.919842720031738,4.82889986038208,1.4499633312225342,1.0159387588500977
2016-07-10 04:00:00,0.0,0.70947844,0.6112168431282043,0.6420706510543823,1.1393793821334839,0.5338985323905945,0.8708382248878479
2016-07-10 05:00:00,0.0,1.1001368,1.1364493370056152,1.2350353002548218,1.6610441207885742,0.3046066164970398,1.2591265439987183
2016-07-10 06:00:00,0.0,1.6259592,2.084791660308838,0.4800640046596527,0.8312973976135254,1.0209770202636719,1.6088111400604248
2016-07-10 07:00:00,0.0,1.7977535,2.233154773712158,0.11961473524570465,0.7370179295539856,2.0449631214141846,1.0285494327545166
2016-07-10 08:00:00,0.0,0.8369412,0.5944899320602417,0.28623414039611816,0.203892320394516,1.3005330562591553,2.7258760929107666
2016-07-10 09:00:00,0.0,1.7260652,2.4314699172973633,1.3788692951202393,0.7192695736885071,0.4405064284801483,1.592057466506958
2016-07-10 10:00:00,0.0,1.4906061,0.850274384021759,0.0237104594707489,3.4803154468536377,1.5434072017669678,2.124929666519165
2016-07-10 11:00:00,0.0,1.1172831,0.5618308186531067,1.5434513092041016,2.912309408187866,0.729328989982605,1.8810796737670898
2016-07-10 12:00:00,0.0,2.018221,1.7869982719421387,2.034716844558716,2.2457621097564697,1.0346297025680542,4.724522113800049
2016-07-10 13:00:00,0.0,0.6707368,0.6617385745048523,1.993869662284851,0.8587492108345032,0.616309642791748,0.16016870737075806
2016-07-10 14:00:00,0.0,1.3481174,1.8619269132614136,2.7489123344421387,0.4682248532772064,0.9802056550979614,0.09871883690357208
2016-07-10 15:00:00,0.0,1.2646822,1.02692449092865,6.220300674438477,2.025822401046753,0.6734469532966614,1.154990315437317
2016-07-10 16:00:00,0.0,1.5560113,2.0236263275146484,0.06566017121076584,1.9540051221847534,0.24310414493083954,0.7240071296691895
2016-07-10 17:00:00,0.0,0.63909036,0.5386022925376892,0.21634168922901154,0.6999650001525879,0.854170024394989,0.8647858500480652
2016-07-10 18:00:00,0.0,0.4693942,0.585588276386261,0.0007621064432896674,0.16975657641887665,0.16729748249053955,0.9424233436584473
2016-07-10 19:00:00,0.0,0.8077414,0.6758411526679993,0.9432114958763123,0.4748312830924988,1.8894528150558472,0.25487416982650757
2016-07-10 20:00:00,0.0,1.3381828,1.0156806707382202,2.7671022415161133,0.907041072845459,3.291466236114502,0.25221824645996094
2016-07-10 21:00:00,0.0,1.1594123,0.8388975262641907,0.42896899580955505,1.6113955974578857,1.4480050802230835,1.9691052436828613
2016-07-10 22:00:00,0.0,1.1234809,1.0325316190719604,2.6379637718200684,2.0359532833099365,0.6418529152870178,0.5365788340568542
2016-07-10 23:00:00,0.0,0.50013405,0.35749614238739014,0.11395172029733658,1.0124131441116333,0.5224364995956421,0.516989529132843
2016-08-10 00:00:00,0.0,0.43240005,0.23177467286586761,0.023584969341754913,0.09901690483093262,1.6048933267593384,0.2699137032032013
2016-08-10 01:00:00,0.0,0.4117014,0.3662151098251343,0.23641051352024078,0.3791423439979553,0.7631300091743469,0.17042040824890137
2016-08-10 02:00:00,0.0,1.1579496,1.0729840993881226,4.907232761383057,2.044077157974243,0.29735299944877625,0.6857411861419678
2016-08-10 03:00:00,0.0,1.214205,1.349571704864502,0.34490767121315,0.8756116032600403,0.7744458317756653,1.9814465045928955
2016-08-10 04:00:00,0.0,0.6759816,0.4281643331050873,0.5886059403419495,0.42328840494155884,1.6731986999511719,0.8818122148513794
2016-08-10 05:00:00,0.0,0.66521007,0.5502409934997559,5.2121381759643555,0.5036286115646362,0.2119155079126358,1.2943261861801147
2016-08-10 06:00:00,0.0,1.0295606,0.9795839190483093,0.13025997579097748,0.5878467559814453,2.0626718997955322,0.5193009972572327
2016-08-10 07:00:00,0.0,1.7074854,2.7468652725219727,0.1344335526227951,0.8790081739425659,0.11001270264387131,0.10988025367259979
2016-08-10 08:00:00,0.0,0.47008795,0.6729974150657654,0.3723655939102173,0.058439914137125015,0.11504875123500824,0.6187642812728882
2016-08-10 09:00:00,0.0,0.1820861,0.19940727949142456,0.37960195541381836,0.27157309651374817,0.07900487631559372,0.052569955587387085
2016-08-10 10:00:00,0.0,0.33070436,0.18825308978557587,0.10747595131397247,0.909281849861145,0.39693158864974976,0.11281087249517441
2016-08-10 11:00:00,0.0,0.7190837,0.6996044516563416,0.022479841485619545,1.0954662561416626,0.13816498219966888,1.3680490255355835
2016-08-10 12:00:00,0.0,0.570527,0.6462470889091492,0.060361891984939575,0.48481884598731995,0.46003079414367676,0.5871057510375977
2016-08-10 13:00:00,0.0,0.39965278,0.4109776020050049,0.15248076617717743,0.25097131729125977,0.6856011152267456,0.15327976644039154
2016-08-10 14:00:00,0.0,1.4619181,1.670936107635498,0.13491618633270264,0.8873963356018066,1.424153447151184,1.6110622882843018
2016-08-10 15:00:00,0.0,1.0200576,0.5024102330207825,0.5904272794723511,0.5983173251152039,3.5003304481506348,0.6309184432029724
2016-08-10 16:00:00,0.0,0.6944909,0.3275715410709381,1.0249220132827759,2.3733553886413574,0.5354402661323547,0.15372543036937714
2016-08-10 17:00:00,0.0,0.25585636,0.30037441849708557,0.16786932945251465,0.16469775140285492,0.14667557179927826,0.36133888363838196
2016-08-10 18:00:00,0.0,0.55137163,0.6731743812561035,0.8891028165817261,0.16375984251499176,0.14588311314582825,1.1240477561950684
2016-08-10 19:00:00,0.0,0.99749196,1.4431324005126953,3.582655429840088,0.560430645942688,0.06816451996564865,0.06853747367858887
2016-08-10 20:00:00,0.0,0.2675227,0.2884080410003662,0.12434180825948715,0.33072519302368164,0.27435311675071716,0.05544842407107353
2016-08-10 21:00:00,0.0,0.3879807,0.41830921173095703,1.5237771272659302,0.3660829961299896,0.15811528265476227,0.36264654994010925
2016-08-10 22:00:00,0.0,0.5114835,0.4660680592060089,1.1191331148147583,0.923489511013031,0.27141767740249634,0.3311687409877777
2016-08-10 23:00:00,0.0,0.32463235,0.27040305733680725,1.2546635866165161,0.5344618558883667,0.24192669987678528,0.19503337144851685
2016-09-10 00:00:00,0.0,0.34658733,0.3118269145488739,2.575138807296753,0.3911961615085602,0.1842598021030426,0.20401950180530548
2016-09-10 01:00:00,0.0,0.43117294,0.439325213432312,0.7181617021560669,0.5489059090614319,0.10853035002946854,0.6691042184829712
2016-09-10 02:00:00,0.0,1.6169688,0.7999359965324402,0.04112120345234871,0.5355319976806641,6.296802997589111,0.6159334778785706
2016-09-10 03:00:00,0.0,0.49623987,0.42378830909729004,1.9534010887145996,0.5631915926933289,0.5870422124862671,0.2905886769294739
2016-09-10 04:00:00,0.0,0.68952745,0.395326167345047,0.005197014659643173,0.37248533964157104,2.369882345199585,0.2400202453136444
2016-09-10 05:00:00,0.0,2.3528812,3.841581106185913,0.20857539772987366,0.6020111441612244,0.28484633564949036,0.6398419141769409
2016-09-10 06:00:00,0.0,1.7592918,1.3151496648788452,1.0641510486602783,0.5386323928833008,5.56146240234375,0.08028152585029602
2016-09-10 07:00:00,0.0,2.1359513,3.272634744644165,0.5003690123558044,0.5580741167068481,0.30454546213150024,1.6909852027893066
2016-09-10 08:00:00,0.0,0.9858807,0.5023571848869324,2.2354249954223633,0.44811493158340454,3.0680432319641113,0.8719410300254822
2016-09-10 09:00:00,1.0,4.053376,6.7683634757995605,3.604857921600342,0.38763973116874695,0.13080653548240662,1.155118465423584
2016-09-10 10:00:00,1.0,2.162024,3.629770040512085,1.307148814201355,0.2791101336479187,0.2171495407819748,0.2678952217102051
2016-09-10 11:00:00,1.0,4.3763013,6.79778528213501,0.07375913113355637,3.1372580528259277,0.2196027934551239,0.3655913472175598
2016-09-10 12:00:00,1.0,5.845032,9.877820014953613,1.1126042604446411,0.16188417375087738,0.7644546627998352,1.6679401397705078
2016-09-10 13:00:00,1.0,11.9362335,20.182985305786133,2.348837375640869,0.4333069622516632,2.3258862495422363,1.8008135557174683
2016-09-10 14:00:00,1.0,13.67679,23.469755172729492,1.6234896183013916,1.203597903251648,1.7589166164398193,0.6166877746582031
2016-09-10 15:00:00,1.0,11.075073,19.148828506469727,3.1426055431365967,0.8456874489784241,0.7204393744468689,0.637704074382782
2016-09-10 16:00:00,1.0,4.7314377,7.414646625518799,1.5200227499008179,1.2308868169784546,0.49571481347084045,2.973522901535034
2016-09-10 17:00:00,1.0,3.2101014,4.176236152648926,4.012803554534912,1.4388645887374878,3.2128236293792725,0.3075219690799713
2016-09-10 18:00:00,1.0,1.7659578,1.6255732774734497,1.285736083984375,0.992794394493103,3.2480435371398926,1.4877049922943115
2016-09-10 19:00:00,1.0,1.1020253,1.1834183931350708,0.4393843412399292,0.8532522916793823,0.4972512423992157,2.2730326652526855
2016-09-10 20:00:00,1.0,1.9114779,2.777491331100464,0.033290449529886246,0.28496769070625305,0.29288411140441895,2.8638761043548584
2016-09-10 21:00:00,1.0,1.6771382,2.3779404163360596,0.0004683773731812835,0.34768468141555786,0.31441736221313477,2.602797746658325
2016-09-10 22:00:00,1.0,2.0596218,1.7242904901504517,0.23109875619411469,4.763178825378418,1.7206588983535767,0.3906998038291931
2016-09-10 23:00:00,1.0,1.776199,0.8489816784858704,0.4439322054386139,0.7660346627235413,6.362722873687744,1.4139409065246582
2016-10-10 00:00:00,1.0,1.3225567,1.2139486074447632,0.9549939036369324,0.2327536642551422,2.479905605316162,1.947892189025879
2016-10-10 01:00:00,1.0,0.58050376,0.34720227122306824,1.382560133934021,0.3166281580924988,1.337487816810608,0.9168596267700195
2016-10-10 02:00:00,1.0,0.8069685,0.2136896252632141,0.2618046998977661,0.8270404934883118,2.523905038833618,1.463167667388916
2016-10-10 03:00:00,1.0,1.598199,0.2655712366104126,0.6882487535476685,3.7044334411621094,3.8170740604400635,2.2525105476379395
2016-10-10 04:00:00,1.0,1.7025644,2.4429595470428467,0.23330362141132355,1.1457271575927734,0.15824958682060242,1.30452561378479
2016-10-10 05:00:00,1.0,1.3123105,1.7199403047561646,0.5941064953804016,0.9694342017173767,0.6542392373085022,0.7977410554885864
2016-10-10 06:00:00,1.0,2.1301591,3.067265748977661,0.04595344886183739,0.7451563477516174,0.8851822018623352,1.6310335397720337
2016-10-10 07:00:00,1.0,1.8404392,1.2814851999282837,0.39161229133605957,0.3114963471889496,5.420196533203125,1.9674469232559204
2016-10-10 08:00:00,1.0,0.9503359,1.5282405614852905,0.7747148871421814,0.1552032083272934,0.11085125058889389,0.3873938322067261
2016-10-10 09:00:00,1.0,3.2220726,5.401220798492432,1.0672608613967896,0.49921914935112,0.3090391755104065,0.5486854910850525
2016-10-10 10:00:00,1.0,4.8205004,7.778219223022461,0.9404124617576599,1.7220497131347656,0.6230815052986145,0.8119815587997437
2016-10-10 11:00:00,1.0,6.9402194,8.699055671691895,0.8932372331619263,2.8184773921966553,7.681005954742432,3.815629005432129
2016-10-10 12:00:00,1.0,3.9399648,5.82744026184082,4.097330570220947,1.5636624097824097,1.6412678956985474,0.7570240497589111
2016-10-10 13:00:00,1.0,7.0074916,11.814319610595703,1.5205544233322144,1.22793710231781,0.6336979866027832,0.8066155314445496
2016-10-10 14:00:00,1.0,6.644117,11.305493354797363,0.5606667399406433,1.1371947526931763,0.4204022288322449,0.7253267765045166
2016-10-10 15:00:00,1.0,1.3284271,1.8263729810714722,2.7112579345703125,0.16429941356182098,0.9486234784126282,0.6969239115715027
2016-10-10 16:00:00,1.0,1.7280674,1.8398221731185913,1.8749704360961914,1.5512057542800903,0.455300509929657,3.5576679706573486
2016-10-10 17:00:00,1.0,1.6818433,1.9631425142288208,5.781754493713379,1.5604735612869263,0.8462165594100952,0.6438135504722595
2016-10-10 18:00:00,1.0,2.0629108,1.8118823766708374,2.6490836143493652,0.3570196032524109,5.302854061126709,0.7379473447799683
2016-10-10 19:00:00,1.0,0.47163847,0.5166645050048828,0.24953167140483856,0.1981891542673111,0.26672491431236267,1.0941438674926758
2016-10-10 20:00:00,1.0,0.93737626,1.0529536008834839,0.0001461695064790547,0.24169249832630157,1.4254264831542969,0.841579020023346
2016-10-10 21:00:00,1.0,0.64984435,0.6378301978111267,0.2630087733268738,0.385711669921875,1.0790916681289673,0.5296882390975952
2016-10-10 22:00:00,1.0,1.6216081,0.8464913368225098,0.55254065990448,1.834572434425354,4.001158714294434,2.0026745796203613
2016-10-10 23:00:00,1.0,0.611517,0.3180188238620758,0.18706712126731873,0.2882804870605469,1.931969404220581,0.7334911227226257
2016-11-10 00:00:00,1.0,1.3375195,0.7486042976379395,0.01289439294487238,0.717803955078125,4.243232250213623,1.201673984527588
2016-11-10 01:00:00,1.0,1.1542292,1.114388108253479,0.9640433192253113,1.5207003355026245,0.6310175657272339,1.7151201963424683
2016-11-10 02:00:00,1.0,1.1360604,1.146222472190857,0.9718797206878662,1.3676661252975464,0.5426644086837769,1.7492659091949463
2016-11-10 03:00:00,1.0,2.4213197,3.004096269607544,0.8396468162536621,3.65954327583313,0.40959432721138,0.6737028956413269
2016-11-10 04:00:00,1.0,2.981056,4.728091716766357,1.1905180215835571,0.7220526933670044,0.900823712348938,0.5401416420936584
2016-11-10 05:00:00,1.0,1.4026065,1.5353337526321411,0.04530135542154312,0.5700427889823914,2.426427125930786,0.6108694672584534
2016-11-10 06:00:00,1.0,0.72083414,0.8627838492393494,2.9658892154693604,0.19932587444782257,0.6350259780883789,0.3706759810447693
2016-11-10 07:00:00,1.0,1.5553033,2.1220266819000244,2.3956716060638428,0.2633267343044281,1.244476318359375,0.7497777938842773
2016-11-10 08:00:00,1.0,10.2604,16.47935676574707,0.28220468759536743,0.6854385137557983,0.2683069109916687,9.683551788330078
2016-11-10 09:00:00,1.0,5.1239414,4.581556797027588,0.15950220823287964,3.7450146675109863,8.063956260681152,6.887462615966797
2016-11-10 10:00:00,1.0,4.590581,6.5680975914001465,1.5559593439102173,1.8985124826431274,2.1527974605560303,2.461385488510132
2016-11-10 11:00:00,1.0,10.064115,15.636590003967285,0.4287745952606201,4.820919513702393,1.7549221515655518,2.7547688484191895
2016-11-10 12:00:00,1.0,20.25335,32.7429084777832,0.01584734208881855,4.731241703033447,1.5236246585845947,10.316062927246094
2016-11-10 13:00:00,1.0,57.76279,96.9321060180664,0.038865987211465836,12.682863235473633,3.0203068256378174,11.867073059082031
2016-11-10 14:00:00,1.0,6.0671673,5.782550811767578,0.1000930592417717,8.390603065490723,6.876057147979736,3.785068988800049
2016-11-10 15:00:00,1.0,5.467259,4.998874664306641,1.6790597438812256,5.4495978355407715,10.198412895202637,0.9759994149208069
2016-11-10 16:00:00,1.0,4.5401235,4.8323540687561035,0.9826632738113403,7.443206787109375,0.7375637888908386,5.250182628631592
2016-11-10 17:00:00,1.0,0.8599011,1.1135790348052979,2.2984776496887207,0.5022023320198059,0.39377355575561523,0.419885516166687
2016-11-10 18:00:00,1.0,0.63945377,0.7689356207847595,2.2586846351623535,0.6051329374313354,0.19663438200950623,0.29275017976760864
2016-11-10 19:00:00,1.0,0.9523143,1.382064938545227,0.023422494530677795,0.5547305941581726,0.4726404547691345,0.14123384654521942
2016-11-10 20:00:00,1.0,1.3416404,1.5455727577209473,0.96883225440979,0.25770363211631775,2.467437982559204,0.13799148797988892
2016-11-10 21:00:00,0.0,7.732336,12.575488090515137,1.2507081031799316,0.647639274597168,3.262566328048706,0.514137327671051
2016-11-10 22:00:00,0.0,5.7145333,6.987904071807861,0.12247762829065323,6.977292537689209,3.3063740730285645,1.4767709970474243
2016-11-10 23:00:00,0.0,2.8446944,3.6502668857574463,1.5445466041564941,1.9266130924224854,0.9999423623085022,3.1712536811828613
2016-12-10 00:00:00,0.0,1.1829087,1.0217334032058716,0.35182708501815796,0.9993930459022522,1.91071617603302,1.4052174091339111
2016-12-10 01:00:00,0.0,0.9809486,0.6965506076812744,0.5232952237129211,0.8759161829948425,1.8722659349441528,1.4257498979568481
2016-12-10 02:00:00,0.0,1.2854134,1.1815394163131714,0.9661742448806763,1.1258914470672607,0.6545095443725586,3.371713399887085
2016-12-10 03:00:00,0.0,2.158084,1.271410584449768,0.18435487151145935,4.377545356750488,3.0423743724823,2.539987087249756
2016-12-10 04:00:00,0.0,2.1694076,2.5634067058563232,2.124856948852539,2.618967056274414,0.27517634630203247,2.344729423522949
2016-12-10 05:00:00,0.0,1.1602356,1.053295373916626,0.5374380946159363,0.6160798668861389,1.0990735292434692,3.0168821811676025
2016-12-10 06:00:00,0.0,1.9336213,2.4065372943878174,0.23670151829719543,0.4077436327934265,1.1303118467330933,3.5964314937591553
2016-12-10 07:00:00,0.0,0.59726757,0.8641718029975891,0.04651321843266487,0.30308079719543457,0.16763922572135925,0.4002068042755127
2016-12-10 08:00:00,0.0,0.94781154,1.375628113746643,0.4003911018371582,0.6035534143447876,0.2636219263076782,0.3175511062145233
2016-12-10 09:00:00,0.0,1.2127334,1.8236862421035767,1.869227409362793,0.1952824890613556,0.4766280949115753,0.45161786675453186
2016-12-10 10:00:00,0.0,1.6536102,2.2797296047210693,4.137577533721924,0.7402596473693848,0.371458500623703,1.11803138256073
2016-12-10 11:00:00,0.0,3.498857,4.424681186676025,5.577061653137207,4.84488582611084,0.35889434814453125,0.5637426972389221
2016-12-10 12:00:00,0.0,5.1807733,8.478068351745605,5.5723676681518555,0.7496005296707153,1.0234063863754272,0.3290499448776245
2016-12-10 13:00:00,0.0,3.236458,2.3223414421081543,3.904113292694092,0.601626455783844,10.142084121704102,1.080353021621704
2016-12-10 14:00:00,0.0,3.179349,1.768957495689392,0.02028033882379532,1.59042227268219,10.528668403625488,2.350778579711914
2016-12-10 15:00:00,0.0,2.4068553,1.8470031023025513,2.9783926010131836,4.636204242706299,0.9279999136924744,4.309723377227783
2016-12-10 16:00:00,0.0,0.7495086,0.5150282382965088,2.6613059043884277,1.5187712907791138,0.7445475459098816,0.3409140408039093
2016-12-10 17:00:00,0.0,1.1064824,1.0218528509140015,1.3003144264221191,1.3973162174224854,1.0477101802825928,1.1596938371658325
2016-12-10 18:00:00,0.0,0.65232503,0.6999682784080505,1.4596726894378662,0.48204606771469116,0.7589238286018372,0.2760697901248932
2016-12-10 19:00:00,0.0,0.6622738,0.8398218154907227,0.16200266778469086,0.4745059609413147,0.17719827592372894,0.8995291590690613
2016-12-10 20:00:00,0.0,0.4456934,0.6165924072265625,0.4541913568973541,0.18612205982208252,0.06453824043273926,0.5394465327262878
2016-12-10 21:00:00,0.0,1.7214447,2.759899854660034,0.013562509790062904,0.6417568325996399,0.21322862803936005,0.4465162754058838
2016-12-10 22:00:00,0.0,1.6145393,2.0872833728790283,0.06080110743641853,2.5626041889190674,0.10363701730966568,0.15147387981414795
2016-12-10 23:00:00,0.0,0.66652226,0.9300166964530945,0.07927613705396652,0.8015813827514648,0.05409221723675728,0.06776633113622665
2016-10-13 00:00:00,0.0,0.7103293,0.9219229817390442,0.0002823568065650761,0.960972249507904,0.12408430129289627,0.20558235049247742
2016-10-13 01:00:00,0.0,0.5549595,0.5272389054298401,0.09239435940980911,0.6427533030509949,0.4928877651691437,0.7919098138809204
2016-10-13 02:00:00,0.0,0.847784,0.8448786735534668,0.01612222008407116,0.9793412089347839,0.8682526350021362,0.8070869445800781
2016-10-13 03:00:00,0.0,5.0919013,7.863186359405518,0.22997254133224487,2.6668014526367188,1.5329183340072632,0.15182185173034668
2016-10-13 04:00:00,0.0,0.64303434,0.548423707485199,1.362166404724121,0.22564326226711273,1.5922870635986328,0.10015720874071121
2016-10-13 05:00:00,0.0,0.3888798,0.21934886276721954,0.21346865594387054,0.275844544172287,1.0909221172332764,0.41915589570999146
2016-10-13 06:00:00,0.0,1.2116358,1.4520635604858398,0.012620761059224606,1.2781660556793213,0.5347490310668945,1.1369481086730957
2016-10-13 07:00:00,0.0,0.9420479,0.5396091938018799,0.12030623108148575,0.24384929239749908,3.472991943359375,0.3548128008842468
2016-10-13 08:00:00,0.0,0.83895874,0.5745331645011902,0.010321196168661118,0.0633300170302391,1.9933768510818481,1.9697905778884888
2016-10-13 09:00:00,0.0,0.6882239,0.5734304785728455,1.5522726774215698,0.5803123712539673,0.7141953706741333,1.3043674230575562
2016-10-13 10:00:00,0.0,0.326832,0.2764785885810852,0.18317462503910065,0.7988595366477966,0.13723433017730713,0.17061419785022736
2016-10-13 11:00:00,0.0,2.0338547,0.6142377257347107,0.9511938691139221,9.052855491638184,0.7208768129348755,0.8366816639900208
2016-10-13 12:00:00,0.0,2.7332244,4.031989574432373,0.001707462826743722,1.7295039892196655,0.7337889671325684,0.8790328502655029
2016-10-13 13:00:00,0.0,0.41341493,0.38530245423316956,2.199108839035034,0.30602332949638367,0.5376737713813782,0.1061486303806305
2016-10-13 14:00:00,0.0,0.26174736,0.3412792980670929,0.3003767132759094,0.07384008169174194,0.14301662147045135,0.3115147352218628
2016-10-13 15:00:00,0.0,0.7378696,0.6664534211158752,2.715224504470825,0.7022722363471985,0.5356678366661072,1.0881764888763428
2016-10-13 16:00:00,0.0,0.6556296,0.2847729027271271,0.4900393486022949,2.3460752964019775,0.54068922996521,0.16503235697746277
2016-10-13 17:00:00,0.0,0.85577005,0.6059885621070862,0.4940647780895233,0.13411317765712738,2.637695550918579,0.5894149541854858
2016-10-13 18:00:00,0.0,2.6337519,2.859805107116699,0.272991806268692,0.41804561018943787,4.326627254486084,2.7825767993927
2016-10-13 19:00:00,0.0,0.6612125,0.5420047044754028,0.9591267704963684,0.951485812664032,0.29031893610954285,1.4430663585662842
2016-10-13 20:00:00,0.0,0.24280316,0.29207006096839905,0.5798330307006836,0.0376381017267704,0.2779025733470917,0.1605590283870697
2016-10-13 21:00:00,0.0,0.3971921,0.4165405333042145,2.3458495140075684,0.21399854123592377,0.3400748372077942,0.21448040008544922
2016-10-13 22:00:00,0.0,2.3535388,2.054501533508301,0.4795241355895996,2.472993850708008,2.6367709636688232,3.911562442779541
2016-10-13 23:00:00,0.0,0.9170905,1.2995413541793823,1.220034122467041,0.361745685338974,0.3288821280002594,0.5478658080101013
2016-10-14 00:00:00,0.0,2.0650313,3.50748348236084,0.0067880540154874325,0.28112563490867615,0.30206364393234253,0.1319044530391693
2016-10-14 01:00:00,0.0,1.2293941,1.5041157007217407,1.2770034074783325,0.7508273124694824,0.23576603829860687,2.145503282546997
2016-10-14 02:00:00,0.0,1.9462944,2.2092626094818115,1.3708163499832153,2.1082444190979004,1.3049267530441284,1.351331114768982
2016-10-14 03:00:00,0.0,1.4042988,1.638243317604065,4.735945701599121,1.4476594924926758,0.6398802399635315,0.4295708239078522
2016-10-14 04:00:00,0.0,0.556576,0.27727192640304565,0.35648706555366516,0.5576478838920593,1.6380637884140015,0.38794368505477905
2016-10-14 05:00:00,0.0,0.4019254,0.3288497030735016,2.366927146911621,0.5704374313354492,0.36553433537483215,0.11791762709617615
2016-10-14 06:00:00,0.0,0.43832532,0.33629918098449707,0.05314090475440025,0.26784011721611023,0.9017733335494995,0.6340935826301575
2016-10-14 07:00:00,0.0,1.2432716,1.5526875257492065,3.292787790298462,0.8765181303024292,0.46420031785964966,0.8795905113220215
2016-10-14 08:00:00,0.0,0.92753565,0.6616806387901306,1.5805011987686157,0.5742258429527283,2.2199721336364746,0.7159528732299805
2016-10-14 09:00:00,0.0,0.8105827,0.6021583676338196,1.2700068950653076,1.4121767282485962,0.5159643888473511,1.409066081047058
2016-10-14 10:00:00,0.0,0.91711646,0.40442559123039246,0.07803259044885635,2.894725799560547,1.2793314456939697,0.1083412617444992
2016-10-14 11:00:00,0.0,0.72336704,0.5725732445716858,0.3505159020423889,1.4749505519866943,0.2843194305896759,1.1744043827056885
2016-10-14 12:00:00,0.0,1.215524,1.2176506519317627,0.12727898359298706,1.9009120464324951,0.11401005834341049,2.203045606613159
2016-10-14 13:00:00,0.0,4.059669,5.478307247161865,0.5511478781700134,0.7690808176994324,3.9771816730499268,2.327852964401245
2016-10-14 14:00:00,0.0,1.6942749,1.9424176216125488,0.00017458410002291203,0.6750727891921997,2.3963286876678467,1.183951735496521
2016-10-14 15:00:00,0.0,0.41118947,0.4156423807144165,0.9515172839164734,0.6922363042831421,0.16270694136619568,0.19240184128284454
2016-10-14 16:00:00,0.0,1.003176,1.346131682395935,0.7340286374092102,0.6454228758811951,0.5275648236274719,0.4711156487464905
2016-10-14 17:00:00,0.0,2.6540072,3.697572708129883,3.4006094932556152,1.0661461353302002,0.303006649017334,3.098975658416748
2016-10-14 18:00:00,0.0,2.7087667,3.910062074661255,6.423478603363037,1.3269706964492798,0.23561327159404755,1.3184758424758911
2016-10-14 19:00:00,0.0,1.7267468,1.7498431205749512,0.4749956727027893,1.073075532913208,2.585486888885498,1.542237639427185
2016-10-14 20:00:00,0.0,0.9900812,0.8501081466674805,1.6060657501220703,0.2537679970264435,2.0402042865753174,1.1267567873001099
2016-10-14 21:00:00,0.0,1.0254028,0.5852505564689636,0.09031946212053299,0.9802546501159668,2.9774210453033447,0.5630629658699036
2016-10-14 22:00:00,0.0,1.3848662,0.6187132000923157,0.05885031819343567,3.0740723609924316,2.5813944339752197,1.2632527351379395
2016-10-14 23:00:00,0.0,1.7931939,1.9207996129989624,0.027868157252669334,1.4403892755508423,0.38387951254844666,4.552599906921387
2016-10-15 00:00:00,0.0,0.5047085,0.3265428841114044,1.3028351068496704,0.461519330739975,1.1853150129318237,0.25869059562683105
2016-10-15 01:00:00,0.0,0.47575825,0.43896421790122986,1.8560150861740112,0.8929823637008667,0.1767406314611435,0.14459702372550964
2016-10-15 02:00:00,0.0,0.5112609,0.40525850653648376,0.6056528687477112,0.9165138602256775,0.5698083639144897,0.3120270371437073
2016-10-15 03:00:00,0.0,1.8919529,1.8167606592178345,2.30570912361145,2.2422876358032227,1.0978606939315796,3.016242504119873
2016-10-15 04:00:00,0.0,0.7081744,0.5754497051239014,0.2317047119140625,0.7432702779769897,0.8007936477661133,1.4001390933990479
2016-10-15 05:00:00,0.0,1.871162,1.4389967918395996,0.5175787210464478,1.41214120388031,4.087355613708496,1.7274972200393677
2016-10-15 06:00:00,0.0,1.6276736,1.9542356729507446,0.4336950182914734,1.4651553630828857,0.47213512659072876,2.2733938694000244
2016-10-15 07:00:00,0.0,2.0864003,2.715069055557251,1.671288251876831,0.2939383387565613,0.9912494421005249,3.4714839458465576
2016-10-15 08:00:00,0.0,0.83978456,0.9721373915672302,3.9555349349975586,0.22824439406394958,0.6871223449707031,0.6040850877761841
2016-10-15 09:00:00,0.0,1.4645847,1.7053159475326538,1.787643313407898,0.6158415675163269,1.9452201128005981,0.5836225748062134
2016-10-15 10:00:00,0.0,0.9336804,0.3604629337787628,0.5425074100494385,3.2778398990631104,0.44996991753578186,1.2149932384490967
2016-10-15 11:00:00,0.0,0.9205043,0.6316348314285278,0.0504593551158905,1.3553287982940674,1.3967628479003906,1.2768378257751465
2016-10-15 12:00:00,0.0,0.9792511,1.4052138328552246,0.07594859600067139,0.508232593536377,0.47866231203079224,0.3496115505695343
2016-10-15 13:00:00,0.0,1.4198784,2.1639959812164307,0.3189954459667206,0.7884035706520081,0.06356982886791229,0.7090123891830444
2016-10-15 14:00:00,0.0,0.7967329,0.7956556677818298,1.825520634651184,0.8736510872840881,0.5905788540840149,0.7721623182296753
2016-10-15 15:00:00,0.0,1.1731933,0.5802254676818848,0.9924810528755188,1.273169755935669,2.2206203937530518,2.7682225704193115
2016-10-15 16:00:00,0.0,0.6577289,0.285269170999527,1.1431714296340942,1.5056768655776978,0.456070214509964,1.6401209831237793
2016-10-15 17:00:00,0.0,1.0868163,0.30733150243759155,2.262605667114258,0.136122465133667,5.012442111968994,0.26364821195602417
2016-10-15 18:00:00,0.0,0.48092315,0.18231672048568726,0.09327493607997894,0.4217051863670349,1.5451990365982056,0.6106221675872803
2016-10-15 19:00:00,0.0,0.47165772,0.2689976096153259,3.0616655349731445,0.32811596989631653,0.7999225854873657,0.7168513536453247
2016-10-15 20:00:00,0.0,0.42425117,0.3868536949157715,0.23101535439491272,0.17305774986743927,0.11987046897411346,1.6691994667053223
2016-10-15 21:00:00,0.0,0.30704483,0.23374859988689423,1.687169075012207,0.22044888138771057,0.48363250494003296,0.24430550634860992
2016-10-15 22:00:00,0.0,1.7570838,0.8850345611572266,0.42151159048080444,1.9741637706756592,4.482685089111328,2.173581600189209
2016-10-15 23:00:00,0.0,21.435726,8.149463653564453,0.11168409138917923,14.866938591003418,63.780845642089844,43.87571716308594
2016-10-16 00:00:00,0.0,18.531317,5.2670416831970215,0.5120283961296082,12.043328285217285,64.02922821044922,34.35441970825195
2016-10-16 01:00:00,0.0,2.6833634,0.4095323383808136,0.5264979600906372,1.2703114748001099,11.967337608337402,3.0914556980133057
2016-10-16 02:00:00,0.0,1.2670598,1.4124383926391602,2.419851303100586,1.6246898174285889,0.29860949516296387,1.1755256652832031
2016-10-16 03:00:00,0.0,2.12026,2.316011905670166,0.4058731496334076,1.557573676109314,1.2792956829071045,3.8307313919067383
2016-10-16 04:00:00,0.0,1.4214913,1.1653691530227661,2.561347246170044,0.8754114508628845,3.468848705291748,0.04602493345737457
2016-10-16 05:00:00,0.0,0.35878292,0.2736121714115143,1.8859858512878418,0.3123893439769745,0.35852760076522827,0.5696426033973694
2016-10-16 06:00:00,0.0,0.8707895,1.1524533033370972,0.46907997131347656,0.7716558575630188,0.1825493425130844,0.659139096736908
2016-10-16 07:00:00,0.0,1.03755,0.9464629292488098,0.1426258534193039,0.8683457374572754,1.828243613243103,0.7201958298683167
2016-10-16 08:00:00,0.0,0.33651683,0.41274580359458923,0.5034099817276001,0.17467744648456573,0.34376364946365356,0.10795682668685913
2016-10-16 09:00:00,0.0,1.6578871,2.7379395961761475,0.08915235847234726,0.4426283538341522,0.04573148488998413,0.5177316665649414
2016-10-16 10:00:00,0.0,0.90535915,1.3244439363479614,2.895292043685913,0.36865633726119995,0.16637921333312988,0.12581177055835724
2016-10-16 11:00:00,0.0,0.6729521,0.6335620284080505,0.953103244304657,1.6169298887252808,0.19114454090595245,0.03045676089823246
2016-10-16 12:00:00,0.0,1.5673825,1.5634374618530273,0.6210383772850037,1.8440276384353638,0.8497728109359741,2.5993282794952393
2016-10-16 13:00:00,0.0,1.6123867,1.8903614282608032,0.5163824558258057,1.5643383264541626,0.8544564247131348,1.6290007829666138
2016-10-16 14:00:00,0.0,0.46949705,0.3888264000415802,0.06674530357122421,0.32095053791999817,0.766311526298523,0.7947396636009216
2016-10-16 15:00:00,0.0,1.4111208,1.5149205923080444,0.05386698246002197,0.8010179400444031,1.1989030838012695,2.5666959285736084
2016-10-16 16:00:00,0.0,2.0756772,1.2723733186721802,0.03004365786910057,1.2691065073013306,5.994511604309082,1.9604463577270508
2016-10-16 17:00:00,0.0,2.855221,1.0541800260543823,0.31364232301712036,5.131468772888184,8.095414161682129,1.1430894136428833
2016-10-16 18:00:00,0.0,3.2658944,3.2190725803375244,2.6642682552337646,0.6206867098808289,7.040501594543457,1.7207764387130737
2016-10-16 19:00:00,0.0,1.2188278,0.9893973469734192,0.4832158088684082,0.49028530716896057,3.2746188640594482,0.45662927627563477
2016-10-16 20:00:00,0.0,0.49445468,0.5351492762565613,0.1060207262635231,0.30807071924209595,0.4301140010356903,0.7861635088920593
2016-10-16 21:00:00,0.0,0.316399,0.32573550939559937,0.17129585146903992,0.418194055557251,0.26695841550827026,0.20503519475460052
2016-10-16 22:00:00,0.0,0.8073137,0.4025708734989166,0.4930369257926941,1.803633689880371,1.4687793254852295,0.4132140874862671
2016-10-16 23:00:00,0.0,0.35489252,0.3232439458370209,0.0003800039703492075,0.1650056391954422,0.792232096195221,0.2003697007894516
2016-10-17 00:00:00,0.0,0.6757954,0.5802215933799744,0.01306716725230217,0.4421691298484802,1.2547630071640015,0.8105727434158325
2016-10-17 01:00:00,0.0,1.1847259,1.5187993049621582,0.23705582320690155,0.36990371346473694,0.3871019184589386,2.238982677459717
2016-10-17 02:00:00,0.0,0.55702966,0.5242117643356323,0.2303811013698578,0.5940327644348145,0.6689661741256714,0.5749555826187134
2016-10-17 03:00:00,0.0,0.83523667,0.4487575590610504,0.5316770076751709,2.6701512336730957,0.4870173931121826,0.6282845735549927
2016-10-17 04:00:00,0.0,0.9586559,0.8189544081687927,0.018837779760360718,0.7769121527671814,2.1150784492492676,0.3261321485042572
2016-10-17 05:00:00,0.0,0.8899024,1.1629915237426758,0.39882907271385193,0.8926801085472107,0.48078855872154236,0.08522453904151917
2016-10-17 06:00:00,0.0,0.5994091,0.6965854167938232,0.06535343825817108,0.3609893023967743,0.16172172129154205,1.3330531120300293
2016-10-17 07:00:00,0.0,0.88926965,1.1315008401870728,0.8293259739875793,0.6456335783004761,0.45966479182243347,0.6290382146835327
2016-10-17 08:00:00,0.0,1.6666373,2.240147829055786,4.099564552307129,1.0703364610671997,0.6955585479736328,0.36025646328926086
2016-10-17 09:00:00,0.0,2.0173302,3.233569383621216,1.4392921924591064,0.7269493341445923,0.17924761772155762,0.33921748399734497
2016-10-17 10:00:00,0.0,0.6253159,0.35018572211265564,0.00013783604663331062,1.1261378526687622,1.4729002714157104,0.0726809948682785
2016-10-17 11:00:00,0.0,0.60309386,0.4200081527233124,0.004730949178338051,0.9272071123123169,1.0894516706466675,0.43287456035614014
2016-10-17 12:00:00,0.0,0.8821084,0.7532598376274109,0.001467231777496636,0.19954679906368256,2.439013957977295,0.34526002407073975
2016-10-17 13:00:00,0.0,0.5266425,0.5777006149291992,2.132032871246338,0.3140493929386139,0.35812097787857056,0.485897421836853
2016-10-17 14:00:00,0.0,2.1030242,3.3222131729125977,0.7085715532302856,0.6889524459838867,0.3255297839641571,0.7217432856559753
2016-10-17 15:00:00,0.0,1.4299186,1.7656687498092651,0.41120514273643494,2.4350647926330566,0.15096476674079895,0.14925986528396606
2016-10-17 16:00:00,0.0,1.9616092,2.6334242820739746,0.9197884202003479,1.200974464416504,0.5572540163993835,1.9799076318740845
2016-10-17 17:00:00,0.0,0.41638544,0.5449576377868652,0.23602792620658875,0.5022407174110413,0.10479055345058441,0.08508597314357758
2016-10-17 18:00:00,0.0,0.2657173,0.2707807421684265,0.054596222937107086,0.2769801616668701,0.1745048612356186,0.42802882194519043
2016-10-17 19:00:00,0.0,0.2275709,0.1466917097568512,0.4420550763607025,0.10158940404653549,0.4829709827899933,0.4327425956726074
2016-10-17 20:00:00,0.0,3.0013986,3.8640830516815186,1.4330905675888062,1.3785518407821655,3.266857862472534,0.5927982330322266
2016-10-17 21:00:00,0.0,0.7845021,0.42377710342407227,0.00317199993878603,1.0671660900115967,1.6782506704330444,1.0854620933532715
2016-10-17 22:00:00,0.0,1.1379559,1.0603357553482056,2.6369311809539795,0.8059236407279968,0.18663378059864044,3.4748024940490723
2016-10-17 23:00:00,0.0,0.86344653,0.47295641899108887,0.5367526412010193,0.7728837132453918,1.7932405471801758,1.8194056749343872
2016-10-18 00:00:00,0.0,4.7832303,2.1729495525360107,1.6229956150054932,3.4927804470062256,12.637079238891602,9.749027252197266
2016-10-18 01:00:00,0.0,2.8377893,3.905453681945801,0.8352543711662292,0.6472507119178772,1.964888572692871,2.293456792831421
2016-10-18 02:00:00,0.0,0.7996588,1.1581063270568848,0.1465018391609192,0.37524479627609253,0.1327843964099884,0.7220170497894287
2016-10-18 03:00:00,0.0,1.704645,2.1442086696624756,1.2023389339447021,1.2004786729812622,0.49347108602523804,2.194685935974121
2016-10-18 04:00:00,0.0,0.9365164,0.7099376320838928,0.24542918801307678,1.3918806314468384,0.16180790960788727,3.027614116668701
2016-10-18 05:00:00,0.0,1.301237,1.1188381910324097,0.6995165348052979,1.7366803884506226,1.029434323310852,2.259688138961792
2016-10-18 06:00:00,0.0,1.5044966,1.5879851579666138,0.6792980432510376,1.3553283214569092,0.8337370157241821,2.6447393894195557
2016-10-18 07:00:00,0.0,2.2526712,3.4902048110961914,0.6477934122085571,1.3867193460464478,0.219185933470726,0.3027051091194153
2016-10-18 08:00:00,0.0,3.132325,2.895341634750366,0.9256053566932678,1.1288642883300781,7.649609565734863,0.7067157030105591
2016-10-18 09:00:00,0.0,1.5912987,0.734214723110199,0.5654783248901367,0.521609365940094,6.417699337005615,0.4160120487213135
2016-10-18 10:00:00,0.0,1.8564093,2.4737231731414795,0.010593500919640064,1.205811858177185,1.0653295516967773,1.1369154453277588
2016-10-18 11:00:00,0.0,1.3293368,1.2095175981521606,0.0275508351624012,2.469865560531616,1.3817424774169922,0.2860613763332367
2016-10-18 12:00:00,0.0,1.4882482,2.1059205532073975,0.6203370094299316,1.4872558116912842,0.09926281869411469,0.43165504932403564
2016-10-18 13:00:00,0.0,0.74065787,0.6136454939842224,4.45829439163208,0.8084872961044312,0.8347223997116089,0.2900087833404541
2016-10-18 14:00:00,0.0,0.7078044,0.7029120326042175,0.1880798637866974,0.867659866809845,0.8147788047790527,0.400138258934021
2016-10-18 15:00:00,0.0,0.38127315,0.426247239112854,0.006421362049877644,0.4814521372318268,0.2133706659078598,0.3236573040485382
2016-10-18 16:00:00,0.0,1.4416237,1.834734320640564,0.2704819142818451,1.304181456565857,0.22797098755836487,1.7401617765426636
2016-10-18 17:00:00,0.0,0.3410873,0.2745729982852936,1.3970063924789429,0.6742843985557556,0.18083596229553223,0.17353776097297668
2016-10-18 18:00:00,0.0,0.388416,0.35747694969177246,0.6371312141418457,0.24265392124652863,0.5006533861160278,0.5705403089523315
2016-10-18 19:00:00,0.0,0.90258795,0.4673265516757965,0.0032967356964945793,0.37685489654541016,2.701322555541992,1.5112264156341553
2016-10-18 20:00:00,0.0,0.5019373,0.34200581908226013,0.011832996271550655,0.08276057243347168,1.7854069471359253,0.0715397298336029
2016-10-18 21:00:00,0.0,0.39100167,0.3191625475883484,0.6151507496833801,0.15802888572216034,1.0525414943695068,0.01600710302591324
2016-10-18 22:00:00,0.0,1.7122235,0.7811995148658752,0.28351494669914246,2.1066722869873047,5.5386433601379395,0.2690243422985077
2016-10-18 23:00:00,0.0,0.51841193,0.32978764176368713,1.1584622859954834,0.38254207372665405,1.2793290615081787,0.3963122069835663
2016-10-19 00:00:00,0.0,0.5766913,0.41065752506256104,0.016513511538505554,0.30329322814941406,1.5103360414505005,0.5575066804885864
2016-10-19 01:00:00,0.0,0.64361346,0.35783448815345764,0.02413630485534668,0.1868141144514084,2.1848959922790527,0.6153114438056946
2016-10-19 02:00:00,0.0,2.2705085,3.5012035369873047,3.4924612045288086,0.7605518102645874,0.12347938120365143,0.9805765151977539
2016-10-19 03:00:00,0.0,0.9980445,1.2739899158477783,3.01076602935791,0.8319830298423767,0.2515260577201843,0.4362063705921173
2016-10-19 04:00:00,0.0,0.3065705,0.2350965142250061,0.1843588948249817,0.1886856108903885,0.6920772194862366,0.2976289689540863
2016-10-19 05:00:00,0.0,0.37819946,0.2581048905849457,1.494431972503662,0.2983650863170624,0.5906842350959778,0.5875713229179382
2016-10-19 06:00:00,0.0,0.5680704,0.4493081867694855,0.7283210158348083,0.23053838312625885,1.4134856462478638,0.35178548097610474
2016-10-19 07:00:00,0.0,0.9015147,1.2354618310928345,1.2539039850234985,0.18982379138469696,0.3488648235797882,1.0223307609558105
2016-10-19 08:00:00,0.0,0.2665134,0.26325008273124695,0.36055541038513184,0.14747418463230133,0.20015141367912292,0.5870348215103149
2016-10-19 09:00:00,0.0,0.3267017,0.48050057888031006,0.08965907245874405,0.19563187658786774,0.07132582366466522,0.13944900035858154
2016-10-19 10:00:00,0.0,0.8017234,1.2030816078186035,0.0143040856346488,0.605868935585022,0.07442393153905869,0.2059488594532013
2016-10-19 11:00:00,0.0,1.7016504,2.4476943016052246,0.1637776792049408,1.5922316312789917,0.07966291904449463,0.6398146152496338
2016-10-19 12:00:00,0.0,0.557965,0.5506805777549744,0.017844976857304573,0.4532739222049713,0.5980757474899292,0.8497170805931091
2016-10-19 13:00:00,0.0,3.2088957,2.6078858375549316,0.5969743132591248,0.45277056097984314,8.565827369689941,2.916525363922119
2016-10-19 14:00:00,0.0,0.8283498,0.6198185086250305,0.1807864010334015,0.5181490182876587,2.1013240814208984,0.5565739274024963
2016-10-19 15:00:00,0.0,0.3671225,0.12780168652534485,0.0033076500985771418,0.6014125943183899,0.861621081829071,0.6186204552650452
2016-10-19 16:00:00,0.0,0.87404615,0.12961438298225403,0.29514309763908386,4.170649528503418,0.4024316370487213,0.541632354259491
2016-10-19 17:00:00,0.0,0.53268856,0.6694156527519226,0.01336186844855547,0.3589448034763336,0.08415963500738144,0.9311349391937256
2016-10-19 18:00:00,0.0,0.20789725,0.21422016620635986,1.231974720954895,0.14199207723140717,0.15077118575572968,0.129245325922966
2016-10-19 19:00:00,0.0,1.5056424,2.0180790424346924,6.068368434906006,1.0694520473480225,0.23039254546165466,0.285360723733902
2016-10-19 20:00:00,0.0,1.2196196,1.6625820398330688,3.2984602451324463,0.8067063093185425,0.13957689702510834,0.6548061370849609
2016-10-19 21:00:00,0.0,1.3565228,1.9509592056274414,4.825247764587402,0.37220802903175354,0.38934776186943054,0.3378307819366455
2016-10-19 22:00:00,0.0,0.8745969,0.4788024127483368,0.7668923735618591,2.53180193901062,0.4783035218715668,1.0696943998336792
2016-10-19 23:00:00,0.0,5.995633,10.243643760681152,0.7119928002357483,0.4148117005825043,0.8358293175697327,0.6245691180229187
2016-10-20 00:00:00,0.0,1.1244344,1.3315554857254028,0.46395862102508545,0.3626164495944977,0.5246787667274475,2.4295806884765625
2016-10-20 01:00:00,0.0,0.8125874,0.5151448249816895,0.7115467190742493,0.2978786826133728,2.6383960247039795,0.32807812094688416
2016-10-20 02:00:00,0.0,0.7262487,0.8190615773200989,1.7206709384918213,0.9646524786949158,0.2734896242618561,0.2958870232105255
2016-10-20 03:00:00,0.0,1.3823283,0.5897688269615173,0.6337065696716309,4.035889148712158,2.193783760070801,0.2610628306865692
2016-10-20 04:00:00,0.0,0.6133442,0.7488430142402649,1.5272248983383179,0.46163204312324524,0.4286887049674988,0.16052374243736267
2016-10-20 05:00:00,0.0,0.641595,0.5729793906211853,0.022006884217262268,0.5884023308753967,0.8088078498840332,1.0086498260498047
2016-10-20 06:00:00,0.0,0.9644615,1.307929515838623,1.7564516067504883,0.5087040662765503,0.5569337606430054,0.21640560030937195
2016-10-20 07:00:00,0.0,1.4681387,0.9413642883300781,0.0981692373752594,1.6140412092208862,2.584327220916748,2.7626192569732666
2016-10-20 08:00:00,0.0,1.3501315,0.9888060688972473,0.5627535581588745,1.9234782457351685,0.8414536118507385,3.6017611026763916
2016-10-20 09:00:00,0.0,2.7161908,4.078394412994385,0.8836667537689209,1.3080604076385498,0.32936063408851624,1.642279863357544
2016-10-20 10:00:00,0.0,2.2160263,3.6589620113372803,0.13316066563129425,0.7973904609680176,0.1147654727101326,0.23894907534122467
2016-10-20 11:00:00,0.0,2.2346263,1.8552442789077759,0.009031635709106922,6.012512683868408,0.7175654768943787,1.1108708381652832
2016-10-20 12:00:00,0.0,1.3767698,1.6270999908447266,0.0410088486969471,0.9100667834281921,0.36690399050712585,2.792724609375
2016-10-20 13:00:00,0.0,0.6092677,0.44448530673980713,1.9909461736679077,0.729219377040863,0.4950563907623291,1.2424967288970947
2016-10-20 14:00:00,0.0,0.2361056,0.22095926105976105,0.36798420548439026,0.10009153187274933,0.21672391891479492,0.565956711769104
2016-10-20 15:00:00,0.0,0.2841088,0.21502839028835297,0.5445349812507629,0.21077753603458405,0.4588947296142578,0.45593905448913574
2016-10-20 16:00:00,0.0,4.3238997,5.547318935394287,0.11627567559480667,3.2634799480438232,4.09633207321167,0.28926903009414673
2016-10-20 17:00:00,0.0,2.1853857,1.126621127128601,1.051214575767517,7.036701202392578,1.7730674743652344,1.0532684326171875
2016-10-20 18:00:00,0.0,1.5248876,1.6733165979385376,0.8928881287574768,1.6138439178466797,0.5417541861534119,2.357124090194702
2016-10-20 19:00:00,0.0,0.38594836,0.3491804301738739,0.46729084849357605,0.6320809125900269,0.31831851601600647,0.2738407850265503
2016-10-20 20:00:00,0.0,0.40113023,0.44883131980895996,0.11023063212633133,0.10061381012201309,0.46840599179267883,0.5958195924758911
2016-10-20 21:00:00,0.0,0.5417166,0.6668426394462585,0.30118727684020996,0.17534732818603516,0.060386985540390015,1.3345654010772705
2016-10-20 22:00:00,0.0,0.33681014,0.33096107840538025,0.524663507938385,0.4013546407222748,0.3688085973262787,0.15599079430103302
2016-10-20 23:00:00,0.0,0.6450211,0.3345792591571808,2.5710690021514893,1.9565802812576294,0.3817612826824188,0.1916358470916748
2016-10-21 00:00:00,0.0,0.4505252,0.35910430550575256,3.8945062160491943,0.1821499764919281,0.4176587462425232,0.6652284860610962
2016-10-21 01:00:00,0.0,0.4768455,0.33585765957832336,1.829081654548645,0.49365144968032837,0.6607307195663452,0.6335036754608154
2016-10-21 02:00:00,0.0,0.5263281,0.5054104924201965,4.417459011077881,0.4111996293067932,0.25534990429878235,0.35473746061325073
2016-10-21 03:00:00,0.0,1.3693261,0.762580394744873,1.7410550117492676,0.8477389216423035,4.509109020233154,0.3350263833999634
2016-10-21 04:00:00,0.0,0.6720762,0.6676830649375916,0.12711192667484283,0.14474226534366608,1.4942872524261475,0.31864243745803833
2016-10-21 05:00:00,0.0,0.35822883,0.3078983426094055,0.14519281685352325,0.10737602412700653,0.938778281211853,0.13650181889533997
2016-10-21 06:00:00,0.0,0.6530893,0.9765441417694092,0.0076821353286504745,0.38889268040657043,0.1880660504102707,0.14984652400016785
2016-10-21 07:00:00,0.0,1.8040943,1.4168671369552612,0.37592795491218567,0.26618894934654236,5.684891700744629,0.3844417929649353
2016-10-21 08:00:00,0.0,0.59806913,0.6986994743347168,0.0007508839480578899,0.13258101046085358,0.7829772233963013,0.6346318125724792
2016-10-21 09:00:00,0.0,2.019437,2.4878525733947754,1.3878477811813354,0.4212771952152252,2.9394586086273193,0.5535808205604553
2016-10-21 10:00:00,0.0,1.1219281,1.1775466203689575,0.08996079862117767,0.43278032541275024,2.350766897201538,0.10174926370382309
2016-10-21 11:00:00,0.0,0.5462213,0.4203042685985565,0.3747739791870117,0.9847385287284851,0.7510694861412048,0.2186966836452484
2016-10-21 12:00:00,0.0,0.37099978,0.34094369411468506,0.08666779845952988,0.7103741765022278,0.26693063974380493,0.21063533425331116
2016-10-21 13:00:00,0.0,0.54046506,0.5720341801643372,1.2211809158325195,0.6683388948440552,0.24950717389583588,0.4662683606147766
2016-10-21 14:00:00,0.0,2.3194036,3.3366644382476807,5.950023651123047,1.5038982629776,0.09820585697889328,0.6224157810211182
2016-10-21 15:00:00,0.0,2.4071743,1.432629942893982,5.408356666564941,3.0953495502471924,2.4858877658843994,6.162088871002197
2016-10-21 16:00:00,0.0,0.67648596,0.10026361793279648,2.4263901710510254,3.090339422225952,0.19065800309181213,0.32229915261268616
2016-10-21 17:00:00,0.0,0.41964868,0.2619971036911011,0.9791834950447083,0.5527328848838806,0.6761041283607483,0.5439797639846802
2016-10-21 18:00:00,0.0,0.6483463,0.20264746248722076,0.053952112793922424,0.2613682448863983,2.743133544921875,0.4824717044830322
2016-10-21 19:00:00,0.0,1.1341808,0.6683139801025391,0.0052458858117461205,0.27815335988998413,4.198477745056152,0.34714260697364807
2016-10-21 20:00:00,0.0,0.5506041,0.3854135572910309,0.43958231806755066,0.03920407220721245,1.8462437391281128,0.1970832496881485
2016-10-21 21:00:00,0.0,0.7533862,0.3908110558986664,0.1079404428601265,1.6774084568023682,1.1261309385299683,0.820856511592865
2016-10-21 22:00:00,0.0,0.8406525,0.9618716239929199,0.2355998009443283,0.6746509671211243,0.9890605807304382,0.2953897714614868
2016-10-21 23:00:00,0.0,0.5826172,0.7112755179405212,0.00012179309851489961,0.485013872385025,0.6243883967399597,0.05399809777736664
2016-10-22 00:00:00,0.0,1.1048692,0.3048374056816101,1.1522663831710815,0.6202570796012878,4.5665602684021,0.6833217144012451
2016-10-22 01:00:00,0.0,0.9313732,0.3910953104496002,0.21273651719093323,0.5376360416412354,3.1053712368011475,1.2372424602508545
2016-10-22 02:00:00,0.0,0.36625528,0.3864680826663971,0.05078845098614693,0.31274789571762085,0.22650690376758575,0.6620429158210754
2016-10-22 03:00:00,0.0,1.0534327,1.4888821840286255,1.1381138563156128,0.6468964219093323,0.2929706573486328,0.46181246638298035
2016-10-22 04:00:00,0.0,0.4707352,0.5231514573097229,1.1948539018630981,0.223708376288414,0.5331650376319885,0.29825225472450256
2016-10-22 05:00:00,0.0,0.3745012,0.40337228775024414,0.044749535620212555,0.45146089792251587,0.151778906583786,0.5387967824935913
2016-10-22 06:00:00,0.0,0.8812803,0.4294755756855011,0.06030988320708275,0.452663391828537,2.9760985374450684,0.8814982771873474
2016-10-22 07:00:00,0.0,1.1168492,1.130767822265625,3.7737343311309814,0.4657256603240967,0.8351370692253113,2.0015785694122314
2016-10-22 08:00:00,0.0,1.5758339,2.12974214553833,2.3116631507873535,1.2067539691925049,0.3836752772331238,0.8005937337875366
2016-10-22 09:00:00,0.0,0.40651006,0.39173999428749084,2.0486974716186523,0.24517308175563812,0.5358036756515503,0.14065973460674286
2016-10-22 10:00:00,0.0,0.78813314,0.46721431612968445,2.0537502765655518,2.723371744155884,0.19808171689510345,0.043165117502212524
2016-10-22 11:00:00,0.0,0.49137542,0.4469324052333832,0.004837136249989271,0.3307054936885834,0.8342692255973816,0.5607768893241882
2016-10-22 12:00:00,0.0,0.97120345,0.7196730971336365,0.011273692362010479,0.45254087448120117,2.980541467666626,0.11168482899665833
2016-10-22 13:00:00,0.0,2.8039212,2.675421714782715,0.37734255194664,0.5148751139640808,6.525959014892578,1.6738297939300537
2016-10-22 14:00:00,0.0,0.7020908,0.4653262197971344,2.6303272247314453,1.3042651414871216,0.7112603783607483,0.570767343044281
2016-10-22 15:00:00,0.0,1.4547819,1.2633625268936157,4.428796768188477,2.668009042739868,0.9870123267173767,0.5552417635917664
2016-10-22 16:00:00,0.0,0.8736456,1.0634316205978394,4.451840877532959,0.5111211538314819,0.4805199205875397,0.16276825964450836
2016-10-22 17:00:00,0.0,1.108204,1.4331198930740356,0.9875386953353882,0.9170653223991394,0.1940409392118454,1.123152494430542
2016-10-22 18:00:00,0.0,0.4885858,0.5856799483299255,0.4048977792263031,0.3559171259403229,0.06616805493831635,0.8983443379402161
2016-10-22 19:00:00,0.0,0.51079655,0.2553826868534088,3.8762030601501465,0.5715998411178589,0.8070845603942871,0.5770175457000732
2016-10-22 20:00:00,0.0,0.2938755,0.2373148649930954,0.8361882567405701,0.14132942259311676,0.6356854438781738,0.16644947230815887
2016-10-22 21:00:00,0.0,1.2314167,0.6212145686149597,0.11157366633415222,4.399805545806885,0.6796244978904724,0.5935463905334473
2016-10-22 22:00:00,0.0,1.028411,0.8515665531158447,0.1690201610326767,1.0863233804702759,0.9239314198493958,2.3858189582824707
2016-10-22 23:00:00,0.0,0.26842,0.1724913865327835,0.02664336748421192,0.42256996035575867,0.32671719789505005,0.5326534509658813
2016-10-23 00:00:00,0.0,0.69522727,0.7397987842559814,0.6407358050346375,0.9238490462303162,0.4432832598686218,0.482234925031662
2016-10-23 01:00:00,0.0,1.542309,1.8384747505187988,0.15213316679000854,0.5494428873062134,0.5369139909744263,3.6098151206970215
2016-10-23 02:00:00,0.0,1.2925373,0.8005356788635254,0.9458850026130676,1.2385432720184326,2.998704671859741,1.4399080276489258
2016-10-23 03:00:00,0.0,1.4462897,1.7969037294387817,3.293410062789917,1.7137020826339722,0.4034767150878906,0.23777690529823303
2016-10-23 04:00:00,0.0,0.898316,0.3372139632701874,0.00019564088142942637,0.4951927661895752,3.6263108253479004,0.4209335744380951
2016-10-23 05:00:00,0.0,0.5874933,0.4977387487888336,2.200887680053711,0.5659977793693542,0.34115028381347656,1.191390037536621
2016-10-23 06:00:00,0.0,0.65900326,0.5084909796714783,0.08063092827796936,0.2682269513607025,1.8397448062896729,0.3242310583591461
2016-10-23 07:00:00,0.0,7.2573,11.578177452087402,3.2544538974761963,0.633358895778656,0.40786212682724,5.911155700683594
2016-10-23 08:00:00,0.0,2.4089582,3.6694180965423584,0.25786271691322327,0.5872963666915894,1.070151686668396,0.9147883057594299
2016-10-23 09:00:00,0.0,1.2074989,1.6756843328475952,0.2981359660625458,0.1689428836107254,1.4062832593917847,0.09532807767391205
2016-10-23 10:00:00,0.0,1.1504625,1.6620882749557495,0.1938057392835617,0.9448841214179993,0.37756702303886414,0.03220164775848389
2016-10-23 11:00:00,0.0,2.2900908,2.175835132598877,0.23740404844284058,5.94313907623291,0.18030337989330292,0.788089394569397
2016-10-23 12:00:00,0.0,1.5703529,1.8606563806533813,0.21055768430233002,2.6372392177581787,0.1605912297964096,0.7685127258300781
2016-10-23 13:00:00,0.0,1.7604799,1.8762367963790894,0.29704129695892334,1.1718376874923706,1.2858916521072388,3.2924513816833496
2016-10-23 14:00:00,0.0,0.4602356,0.7438278198242188,0.23113147914409637,0.15789780020713806,0.022895311936736107,0.11039480566978455
2016-10-23 15:00:00,0.0,0.45140123,0.4139251410961151,1.339362382888794,0.7886475324630737,0.2653134763240814,0.1897411346435547
2016-10-23 16:00:00,0.0,1.1803752,0.9315970540046692,1.5169366598129272,3.1235060691833496,0.30222591757774353,0.7251874804496765
2016-10-23 17:00:00,0.0,2.173545,2.5925261974334717,2.6202480792999268,2.0165045261383057,0.6199145913124084,2.5416548252105713
2016-10-23 18:00:00,0.0,3.0016336,4.618743419647217,0.5625343322753906,1.225907564163208,0.1616014689207077,1.986324429512024
2016-10-23 19:00:00,0.0,0.77897376,1.017714023590088,0.6344660520553589,0.49824997782707214,0.06587252765893936,1.121852993965149
2016-10-23 20:00:00,0.0,0.39067024,0.4397648870944977,1.4648761749267578,0.2778816521167755,0.07140542566776276,0.583644688129425
2016-10-23 21:00:00,0.0,0.48454478,0.4685009717941284,0.38121670484542847,0.526150107383728,0.3179350793361664,0.8253978490829468
2016-10-23 22:00:00,0.0,0.2782637,0.30065014958381653,0.31973937153816223,0.5141912698745728,0.10326840728521347,0.026944341138005257
2016-10-23 23:00:00,0.0,0.40003812,0.4369547665119171,0.6508903503417969,0.4637351334095001,0.19072355329990387,0.3706561326980591
2016-10-24 00:00:00,0.0,0.49591756,0.5039601922035217,0.8650212287902832,0.5489142537117004,0.3505736291408539,0.516993522644043
2016-10-24 01:00:00,0.0,0.5418824,0.5111510157585144,2.6136765480041504,0.40612325072288513,0.7117409110069275,0.14864866435527802
2016-10-24 02:00:00,0.0,0.88109535,0.38941729068756104,0.03964275121688843,3.673131227493286,0.3037070333957672,0.16589418053627014
2016-10-24 03:00:00,0.0,1.359235,1.7266168594360352,1.3322277069091797,1.650477409362793,0.330100953578949,0.45300763845443726
2016-10-24 04:00:00,0.0,0.6809294,0.6907679438591003,0.0012561791809275746,0.9463628530502319,0.6541595458984375,0.37415626645088196
2016-10-24 05:00:00,0.0,1.1177946,1.2414369583129883,2.9189810752868652,0.519265353679657,0.8992854952812195,1.3554625511169434
2016-10-24 06:00:00,0.0,1.2709514,1.7388094663619995,0.13739100098609924,0.9490171670913696,0.15821151435375214,1.25787353515625
2016-10-24 07:00:00,0.0,1.1020612,1.1074331998825073,0.39400792121887207,0.7676963210105896,1.9080727100372314,0.42146164178848267
2016-10-24 08:00:00,0.0,0.52265596,0.5047447085380554,0.8429135680198669,0.44448357820510864,0.750200629234314,0.28865745663642883
2016-10-24 09:00:00,0.0,0.67566794,0.2323930710554123,0.8187180161476135,0.30681130290031433,2.5972397327423096,0.5823038220405579
2016-10-24 10:00:00,0.0,2.651152,2.77669358253479,0.6430236101150513,3.0310745239257812,1.266754150390625,4.1577630043029785
2016-10-24 11:00:00,0.0,0.8813622,1.0646408796310425,0.08537808805704117,1.1228152513504028,0.20669938623905182,0.7388028502464294
2016-10-24 12:00:00,0.0,0.5152327,0.4799225628376007,0.2536194324493408,0.5534906983375549,0.40637996792793274,0.9160378575325012
2016-10-24 13:00:00,0.0,0.87360764,0.6955440640449524,0.769424557685852,1.1518663167953491,0.5662133693695068,2.019022226333618
2016-10-24 14:00:00,0.0,3.0138195,4.106698513031006,0.007221017498522997,4.167611598968506,0.1388944536447525,0.22017696499824524
2016-10-24 15:00:00,0.0,4.8180885,8.17149543762207,0.07671099901199341,1.385245442390442,0.06302059441804886,0.21183018386363983
2016-10-24 16:00:00,0.0,1.516583,1.8705601692199707,0.10269256681203842,2.4138453006744385,0.28754448890686035,0.3268016576766968
2016-10-24 17:00:00,0.0,0.9416755,1.3703774213790894,0.03450062498450279,0.6055064797401428,0.2905624210834503,0.3240019381046295
2016-10-24 18:00:00,0.0,1.2725949,1.2019644975662231,0.005780071951448917,0.2514594793319702,2.5887553691864014,1.4967889785766602
2016-10-24 19:00:00,0.0,1.6376728,1.5518254041671753,1.5468409061431885,0.8595761060714722,3.0041377544403076,1.1458191871643066
2016-10-24 20:00:00,0.0,1.1269507,1.5003525018692017,1.6978404521942139,1.3314577341079712,0.10596326738595963,0.1726578027009964
2016-10-24 21:00:00,0.0,1.7263696,2.147423505783081,2.556234836578369,2.240546464920044,0.1426910161972046,0.8642074465751648
2016-10-24 22:00:00,0.0,2.6736002,2.2227933406829834,0.012170001864433289,1.9819624423980713,3.0919318199157715,6.522083282470703
2016-10-24 23:00:00,0.0,1.2210981,0.8492583632469177,0.15959765017032623,0.924373209476471,2.3733296394348145,2.2203755378723145
2016-10-25 00:00:00,0.0,8.385624,4.445751667022705,0.573085367679596,5.4706711769104,20.731889724731445,17.473194122314453
2016-10-25 01:00:00,0.0,1.7308803,0.6785924434661865,1.4651503562927246,1.141382098197937,5.253226280212402,2.9785561561584473
2016-10-25 02:00:00,0.0,0.7657249,0.5838461518287659,4.920584678649902,1.6493200063705444,0.05308040603995323,0.5191183090209961
2016-10-25 03:00:00,0.0,0.8488545,0.8200508952140808,2.0427472591400146,1.174869418144226,0.23711314797401428,1.223224401473999
2016-10-25 04:00:00,0.0,0.65343606,0.5462172031402588,0.12394729256629944,0.11764208972454071,1.745132565498352,0.4562920331954956
2016-10-25 05:00:00,0.0,0.8788049,0.6877713203430176,1.4756073951721191,0.6565608382225037,1.4662731885910034,1.2366636991500854
2016-10-25 06:00:00,0.0,0.8380646,0.8652206063270569,1.4323326349258423,0.6032148599624634,1.2505242824554443,0.215743750333786
2016-10-25 07:00:00,0.0,0.56895125,0.49109649658203125,0.5859597325325012,0.4960934817790985,0.9941754341125488,0.41518616676330566
2016-10-25 08:00:00,0.0,0.40426433,0.46903765201568604,0.29257622361183167,0.2502361834049225,0.3229663670063019,0.45536696910858154
2016-10-25 09:00:00,0.0,0.66745424,0.5420508980751038,6.0265069007873535,0.5320259928703308,0.2863194942474365,0.984096109867096
2016-10-25 10:00:00,0.0,0.44759068,0.3630183935165405,1.3585280179977417,1.0990315675735474,0.12253226339817047,0.15612076222896576
2016-10-25 11:00:00,0.0,1.0025641,0.74277663230896,1.1876896619796753,1.165048360824585,1.171640157699585,1.934776782989502
2016-10-25 12:00:00,0.0,1.2966074,1.2880033254623413,4.585285186767578,1.243478536605835,1.3819843530654907,0.4696269929409027
2016-10-25 13:00:00,0.0,1.3291575,0.6935448050498962,1.0190473794937134,2.303814649581909,3.263758420944214,0.12915918231010437
2016-10-25 14:00:00,0.0,1.7066466,1.2974088191986084,0.04199439287185669,3.9422361850738525,0.3221096098423004,3.0888946056365967
2016-10-25 15:00:00,0.0,1.2814702,0.720564067363739,1.7016162872314453,3.949554443359375,0.6158617734909058,1.0375392436981201
2016-10-25 16:00:00,0.0,0.528242,0.5352855324745178,4.6970648765563965,0.2492026537656784,0.1520211547613144,0.590479850769043
2016-10-25 17:00:00,0.0,1.4499832,2.3600051403045654,1.4241989850997925,0.15168938040733337,0.16337575018405914,0.5198757648468018
2016-10-25 18:00:00,0.0,0.7308302,0.6451780200004578,0.324696809053421,0.4566299021244049,0.6093429923057556,2.038731098175049
2016-10-25 19:00:00,0.0,0.40996552,0.2636091411113739,0.2504481077194214,0.3380820155143738,1.0602052211761475,0.31586045026779175
2016-10-25 20:00:00,0.0,1.0987386,0.7201462388038635,0.47664588689804077,0.10151692479848862,3.9668734073638916,0.2517169117927551
2016-10-25 21:00:00,0.0,2.0125444,0.6813990473747253,0.709574818611145,6.847468852996826,2.8404202461242676,0.41525784134864807
2016-10-25 22:00:00,0.0,0.72136706,0.39961984753608704,0.9453242421150208,0.9307262301445007,1.4082378149032593,1.027458906173706
2016-10-25 23:00:00,0.0,0.4345606,0.1621759533882141,1.1506215333938599,0.23237626254558563,1.680550456047058,0.06319382041692734
2016-10-26 00:00:00,0.0,2.4048095,3.0784218311309814,0.2863294184207916,2.465968370437622,1.5351078510284424,0.30770158767700195
2016-10-26 01:00:00,0.0,0.65153617,0.5219437479972839,0.08026087284088135,0.5528043508529663,1.1390470266342163,0.8915461301803589
2016-10-26 02:00:00,0.0,0.46150047,0.5084516406059265,0.02224605903029442,0.1416759043931961,0.6575123071670532,0.5062795877456665
2016-10-26 03:00:00,0.0,2.0086875,2.801532030105591,2.706998825073242,1.6217994689941406,0.36757901310920715,0.6260380744934082
2016-10-26 04:00:00,0.0,0.65128917,0.3325839936733246,0.3654351532459259,0.3986984193325043,1.9960414171218872,0.7237006425857544
2016-10-26 05:00:00,0.0,0.5657688,0.45899268984794617,0.4187305271625519,0.5386437773704529,0.6718727350234985,1.1049717664718628
2016-10-26 06:00:00,0.0,1.2365174,0.8519702553749084,1.9227834939956665,0.282009094953537,3.7585206031799316,0.6291167736053467
2016-10-26 07:00:00,0.0,2.620233,3.2779014110565186,1.8077820539474487,0.5001310706138611,0.8872380256652832,5.620257377624512
2016-10-26 08:00:00,0.0,1.3672632,1.8359233140945435,1.3515437841415405,1.1149389743804932,0.40400704741477966,0.6864970326423645
2016-10-26 09:00:00,0.0,0.5705082,0.5472475290298462,0.3936516344547272,1.1046513319015503,0.41846832633018494,0.085606150329113
2016-10-26 10:00:00,0.0,3.6374092,4.511831760406494,1.2710983753204346,6.242126941680908,0.2123023271560669,0.4181351959705353
2016-10-26 11:00:00,0.0,3.092427,3.947673797607422,0.09196069091558456,3.143587827682495,1.1728676557540894,1.9807555675506592
2016-10-26 12:00:00,0.0,1.7127758,2.3108131885528564,0.6265643835067749,0.9933639168739319,0.912684977054596,1.0552353858947754
2016-10-26 13:00:00,0.0,2.6573768,2.2948157787323,0.03729384019970894,1.089530348777771,6.447264671325684,1.5991911888122559
2016-10-26 14:00:00,0.0,0.41316986,0.4567814767360687,0.37885868549346924,0.41744035482406616,0.4672442078590393,0.05797490105032921
2016-10-26 15:00:00,0.0,0.7031219,0.42121562361717224,0.3692540228366852,2.5289788246154785,0.08139349520206451,0.37080156803131104
2016-10-26 16:00:00,0.0,2.4194329,1.429874062538147,0.307522714138031,8.918890953063965,0.6096514463424683,0.6778256297111511
2016-10-26 17:00:00,0.0,0.60591036,0.5542004704475403,1.095207691192627,0.7032299637794495,0.41563743352890015,0.9565132260322571
2016-10-26 18:00:00,0.0,0.3646201,0.26599442958831787,0.5741711258888245,0.34653982520103455,0.6945257186889648,0.3582919239997864
2016-10-26 19:00:00,0.0,1.3427205,1.7164621353149414,5.7566680908203125,1.0228971242904663,0.19391785562038422,0.5668788552284241
2016-10-26 20:00:00,0.0,1.0343862,1.462006688117981,0.11806488782167435,0.6474708318710327,0.49545973539352417,0.31796562671661377
2016-10-26 21:00:00,0.0,0.38432854,0.2585841119289398,3.5724244117736816,0.398364782333374,0.18731294572353363,0.6619846820831299
2016-10-26 22:00:00,0.0,0.58471566,0.08883020281791687,0.25346311926841736,3.130082845687866,0.049996256828308105,0.12420817464590073
2016-10-26 23:00:00,0.0,0.7701313,0.9380571842193604,1.466859221458435,0.2982458174228668,0.09161550551652908,1.6015981435775757
2016-10-27 00:00:00,0.0,2.0404184,2.8667564392089844,0.27580392360687256,1.325435996055603,0.32925325632095337,1.7693042755126953
2016-10-27 01:00:00,0.0,0.74422455,0.9405331015586853,0.031495146453380585,0.7160906195640564,0.11600660532712936,0.8931719660758972
2016-10-27 02:00:00,0.0,0.53004193,0.5242127180099487,0.012868677265942097,0.4354405701160431,0.6716020703315735,0.6121329665184021
2016-10-27 03:00:00,0.0,1.7548337,0.5741835236549377,0.1343575417995453,7.495963096618652,0.7460198998451233,0.9623021483421326
2016-10-27 04:00:00,0.0,0.9040435,0.8826351165771484,1.6507174968719482,1.020837664604187,0.399331659078598,1.5246803760528564
2016-10-27 05:00:00,0.0,1.7541777,1.726977825164795,0.02218850888311863,2.5274603366851807,0.9683765769004822,2.3722805976867676
2016-10-27 06:00:00,0.0,0.23561288,0.2722422778606415,0.013227486051619053,0.3377233147621155,0.07017183303833008,0.18226148188114166
2016-10-27 07:00:00,0.0,1.2131745,0.7156626582145691,2.2684810161590576,0.3056390583515167,4.137753486633301,0.4045926332473755
2016-10-27 08:00:00,0.0,0.9287952,0.7489500045776367,0.9135159254074097,0.38432979583740234,1.8052690029144287,1.4306728839874268
2016-10-27 09:00:00,0.0,1.0481843,1.0919766426086426,1.2007795572280884,0.3606221675872803,1.853408694267273,0.5413742065429688
2016-10-27 10:00:00,0.0,0.558652,0.49278464913368225,0.06407620012760162,0.5966479182243347,0.688328742980957,0.78407222032547
2016-10-27 11:00:00,0.0,1.1441121,0.749583899974823,0.001031534280627966,3.068030834197998,0.5713973641395569,1.4324434995651245
2016-10-27 12:00:00,0.0,0.6977323,0.7777369022369385,0.589570164680481,0.6928523778915405,0.22763392329216003,1.075957179069519
2016-10-27 13:00:00,0.0,0.34246236,0.3904125392436981,1.0812674190674443e-05,0.28951963782310486,0.3025135397911072,0.3029339611530304
2016-10-27 14:00:00,0.0,0.39032584,0.3895088732242584,1.7251893281936646,0.38679543137550354,0.25557366013526917,0.30350568890571594
2016-10-27 15:00:00,0.0,0.56610566,0.44882509112358093,4.638944149017334,0.9430626034736633,0.1337931901216507,0.3484516441822052
2016-10-27 16:00:00,0.0,1.1250188,1.0333048105239868,0.0060511319898068905,2.360941171646118,0.2719956040382385,1.2849715948104858
2016-10-27 17:00:00,0.0,1.5208733,2.339343309402466,0.45482563972473145,0.3206363320350647,0.7092384696006775,0.39734241366386414
2016-10-27 18:00:00,0.0,1.4538964,1.636659026145935,0.7733693718910217,0.3779990077018738,1.870827317237854,1.680645227432251
2016-10-27 19:00:00,0.0,0.5678098,0.27576571702957153,0.07044436782598495,0.58282470703125,1.7090206146240234,0.42102062702178955
2016-10-27 20:00:00,0.0,0.26244268,0.20905500650405884,0.1515921801328659,0.42982301115989685,0.24352790415287018,0.3506666123867035
2016-10-27 21:00:00,0.0,1.1599385,1.2533918619155884,0.021362697705626488,0.9420207142829895,0.5334893465042114,2.3615036010742188
2016-10-27 22:00:00,0.0,1.0678412,0.7199835777282715,0.011120688170194626,1.3504632711410522,1.6075061559677124,1.9801652431488037
2016-10-27 23:00:00,0.0,0.56063694,0.30772432684898376,0.6062393188476562,0.5884321928024292,1.0478087663650513,1.1655203104019165
2016-10-28 00:00:00,0.0,0.70478845,0.8119284510612488,0.77940434217453,0.63775235414505,0.5466845631599426,0.43729034066200256
2016-10-28 01:00:00,0.0,0.55680275,0.5923756957054138,0.0021260506473481655,0.9396913647651672,0.16806329786777496,0.4922729432582855
2016-10-28 02:00:00,0.0,0.35500184,0.4021663963794708,0.8336016535758972,0.17183713614940643,0.2568887770175934,0.4446006417274475
2016-10-28 03:00:00,0.0,1.1421268,1.2423486709594727,2.5000691413879395,1.2899580001831055,0.14717309176921844,1.6837754249572754
2016-10-28 04:00:00,0.0,0.4300457,0.3194279968738556,0.6264033913612366,0.13880571722984314,1.0489604473114014,0.47123193740844727
2016-10-28 05:00:00,0.0,0.41400263,0.38838711380958557,0.4734683930873871,0.1769411265850067,0.4428006112575531,0.917289674282074
2016-10-28 06:00:00,0.0,0.76888096,0.37493932247161865,0.5432705283164978,0.20745493471622467,2.74554443359375,0.7122675180435181
2016-10-28 07:00:00,0.0,1.8014839,2.6474997997283936,1.1443263292312622,1.2976940870285034,0.40379539132118225,0.21726606786251068
2016-10-28 08:00:00,0.0,4.2089963,6.989389419555664,5.099034786224365,0.3009105324745178,0.34214678406715393,0.9102640748023987
2016-10-28 09:00:00,0.0,1.333355,2.2435953617095947,0.5389863848686218,0.20209850370883942,0.17264984548091888,0.08143921196460724
2016-10-28 10:00:00,0.0,0.629241,0.945563793182373,0.158833846449852,0.3837015628814697,0.1774640530347824,0.0692102238535881
2016-10-28 11:00:00,0.0,1.1198123,0.6333574652671814,0.09321167320013046,4.264628887176514,0.28221896290779114,0.25755006074905396
2016-10-28 12:00:00,0.0,0.7404944,0.8768243193626404,0.02982049435377121,1.2006969451904297,0.1501164436340332,0.32799071073532104
2016-10-28 13:00:00,0.0,2.051784,1.573318600654602,0.481675386428833,1.3610713481903076,4.840629577636719,1.643370509147644
2016-10-28 14:00:00,0.0,2.4090302,2.5496175289154053,0.3500882685184479,0.2690279483795166,4.4578118324279785,2.2398788928985596
2016-10-28 15:00:00,0.0,1.1705126,1.0072489976882935,0.1888427585363388,0.5438835024833679,2.5764451026916504,1.0317294597625732
2016-10-28 16:00:00,0.0,1.4441891,0.6609310507774353,0.07353468239307404,3.8089916706085205,1.8426600694656372,1.6506726741790771
2016-10-28 17:00:00,0.0,2.3402643,2.9407079219818115,0.3793553411960602,1.170831322669983,0.2282552421092987,4.970354080200195
2016-10-28 18:00:00,0.0,2.1598399,3.2763593196868896,4.455770492553711,0.5707732439041138,0.5498788952827454,0.4850391149520874
2016-10-28 19:00:00,0.0,4.860296,7.926146030426025,3.635446548461914,0.7139884233474731,0.5261021256446838,1.6122843027114868
2016-10-28 20:00:00,0.0,1.2335811,1.745247721672058,1.6949706077575684,0.49110621213912964,0.369387686252594,0.8599051237106323
2016-10-28 21:00:00,0.0,0.53655404,0.42096495628356934,1.158139705657959,0.2897709012031555,1.0286928415298462,0.6453202366828918
2016-10-28 22:00:00,0.0,0.66751224,0.39284276962280273,0.5502439737319946,1.7213135957717896,0.4308604896068573,0.9148339033126831
2016-10-28 23:00:00,0.0,0.77390295,0.44494596123695374,0.4139251410961151,0.8250573873519897,1.5006742477416992,1.4762691259384155
2016-10-29 00:00:00,0.0,1.6346062,1.4819716215133667,2.030475616455078,1.3749347925186157,1.4004188776016235,3.3157031536102295
2016-10-29 01:00:00,0.0,0.9409351,0.6955243945121765,1.2598580121994019,1.1571732759475708,1.436893105506897,1.087325930595398
2016-10-29 02:00:00,0.0,0.72153467,0.5838326811790466,0.03260570392012596,0.5866881608963013,1.2829242944717407,0.9735287427902222
2016-10-29 03:00:00,0.0,0.8227485,0.41265150904655457,0.37723833322525024,1.6519557237625122,1.3480541706085205,1.0243101119995117
2016-10-29 04:00:00,0.0,1.5869772,1.9290471076965332,3.424128532409668,0.8002490401268005,0.6286484003067017,2.129121780395508
2016-10-29 05:00:00,0.0,1.5099621,1.039774775505066,1.2958128452301025,0.8663212656974792,3.9009764194488525,1.3267185688018799
2016-10-29 06:00:00,0.0,2.3382676,3.4242122173309326,0.010991727001965046,1.4411280155181885,0.19630832970142365,1.7228434085845947
2016-10-29 07:00:00,0.0,0.3890076,0.5143539309501648,0.07769892364740372,0.20944707095623016,0.2337285280227661,0.30072614550590515
2016-10-29 08:00:00,0.0,1.5065409,2.0180435180664062,1.116283893585205,0.17446814477443695,0.2829011380672455,3.0075879096984863
2016-10-29 09:00:00,0.0,0.82933384,0.8191669583320618,1.531211256980896,0.5264228582382202,1.2910622358322144,0.43693405389785767
2016-10-29 10:00:00,0.0,1.8027645,0.8996791839599609,5.561306953430176,3.519087553024292,2.8280560970306396,1.4838175773620605
2016-10-29 11:00:00,0.0,1.6549656,1.2083693742752075,1.9599308967590332,2.1647608280181885,2.069953441619873,2.6399316787719727
2016-10-29 12:00:00,0.0,1.5271785,0.6597196459770203,2.2815120220184326,1.909835696220398,2.999840259552002,3.296539783477783
2016-10-29 13:00:00,0.0,1.1274654,0.9647619724273682,5.2138671875,2.056288242340088,0.4271309971809387,0.682230532169342
2016-10-29 14:00:00,0.0,2.293262,3.161156415939331,0.9829550981521606,2.258780002593994,0.1768263727426529,1.1775777339935303
2016-10-29 15:00:00,0.0,0.38090107,0.2860967218875885,4.930640697479248,0.11294213682413101,0.3211438059806824,0.3857956528663635
2016-10-29 16:00:00,0.0,0.56712,0.4892955720424652,0.5824745893478394,0.9255388975143433,0.5582870841026306,0.41845282912254333
2016-10-29 17:00:00,0.0,1.4230243,0.5888785719871521,0.10008130222558975,0.8217236399650574,5.012628078460693,1.5291028022766113
2016-10-29 18:00:00,0.0,1.1147606,1.3406343460083008,0.42160701751708984,0.5711408853530884,0.9400966763496399,1.1898024082183838
2016-10-29 19:00:00,0.0,0.6529722,0.9625205993652344,0.6298792362213135,0.2214411348104477,0.2395610362291336,0.28010493516921997
2016-10-29 20:00:00,0.0,0.6590504,0.8284491896629333,0.003372687380760908,0.257368266582489,0.12051987648010254,1.4519493579864502
2016-10-29 21:00:00,0.0,0.40137136,0.5144006013870239,0.10108736157417297,0.28091201186180115,0.2920507788658142,0.2003818154335022
2016-10-29 22:00:00,0.0,0.62343645,0.5845061540603638,0.6000840663909912,1.484946846961975,0.15528413653373718,0.17447903752326965
2016-10-29 23:00:00,0.0,0.67448163,0.8326402306556702,0.002449966035783291,0.26042670011520386,0.6716634631156921,0.6230652928352356
2016-10-30 00:00:00,0.0,0.61875856,0.9832370281219482,0.009249335154891014,0.03684895113110542,0.28455430269241333,0.18746474385261536
2016-10-30 01:00:00,0.0,0.52281016,0.5861362218856812,1.2692500352859497,0.16828826069831848,0.5146182775497437,0.5909931063652039
2016-10-30 02:00:00,0.0,1.8150991,2.696683883666992,3.3035366535186768,0.595615565776825,0.29753920435905457,0.9433070421218872
2016-10-30 03:00:00,0.0,2.4548862,1.9839669466018677,1.0356682538986206,2.292905569076538,4.805025577545166,1.8059260845184326
2016-10-30 04:00:00,0.0,0.48438805,0.5130093693733215,0.0008686776272952557,0.5348492860794067,0.4451424777507782,0.41391271352767944
2016-10-30 05:00:00,0.0,2.2913315,2.742471933364868,2.0451321601867676,0.8493576049804688,3.3991713523864746,0.23077437281608582
2016-10-30 06:00:00,0.0,0.8485111,0.28158214688301086,0.6735581159591675,0.5878626704216003,3.20312762260437,0.6293799877166748
2016-10-30 07:00:00,0.0,1.6387597,2.5310323238372803,3.912050247192383,0.6124142408370972,0.12726347148418427,0.1580239087343216
2016-10-30 08:00:00,0.0,3.3522143,4.888728141784668,0.015862399712204933,0.544778048992157,0.7894044518470764,4.365150451660156
2016-10-30 09:00:00,0.0,2.0923946,3.132611036300659,1.8182621002197266,0.07766252756118774,1.3112952709197998,0.8123351335525513
2016-10-30 10:00:00,0.0,1.369846,1.8259791135787964,0.09670908004045486,0.4562796950340271,0.8499678373336792,1.4598603248596191
2016-10-30 11:00:00,0.0,2.0600562,2.7058308124542236,0.5145882368087769,2.3867523670196533,0.352431982755661,0.9883996844291687
2016-10-30 12:00:00,0.0,2.1332686,2.937345266342163,0.6293751001358032,1.5837090015411377,0.5831494331359863,1.3592182397842407
2016-10-30 13:00:00,0.0,6.7593994,11.066750526428223,0.9559580087661743,1.4782276153564453,1.1316301822662354,1.4568006992340088
2016-10-30 14:00:00,0.0,27.584967,44.42079162597656,0.0010027533862739801,8.487044334411621,4.670235633850098,6.9881696701049805
2016-10-30 15:00:00,0.0,6.5982246,6.301189422607422,0.15301820635795593,4.720457553863525,10.545109748840332,6.370782375335693
2016-10-30 16:00:00,0.0,4.567328,4.661862850189209,2.8290011882781982,2.375523090362549,9.073790550231934,0.3840503394603729
2016-10-30 17:00:00,0.0,7.674535,10.013644218444824,0.9839669466018677,2.4879565238952637,6.90762996673584,5.731119155883789
2016-10-30 18:00:00,0.0,4.3290977,5.949411392211914,0.4659222364425659,2.1471831798553467,2.1202616691589355,3.256826639175415
2016-10-30 19:00:00,1.0,3.6668234,3.9421215057373047,0.0018763320986181498,2.273862838745117,4.502583980560303,3.9063737392425537
2016-10-30 20:00:00,1.0,4.9801297,7.767879962921143,0.057596735656261444,1.4719961881637573,1.5721089839935303,1.5875369310379028
2016-10-30 21:00:00,1.0,0.6713053,0.9367874264717102,0.7373879551887512,0.3844844698905945,0.24258828163146973,0.314083456993103
2016-10-30 22:00:00,1.0,1.3282894,0.6487874388694763,0.6739102005958557,5.19193696975708,0.4850069582462311,0.2832557260990143
2016-10-30 23:00:00,1.0,0.8989192,0.8661869168281555,3.0246851444244385,0.9990988969802856,0.5924252867698669,0.9249196648597717
2016-10-31 00:00:00,1.0,0.55009824,0.6200024485588074,3.2298221588134766,0.1332491636276245,0.3362176716327667,0.564518928527832
2016-10-31 01:00:00,1.0,1.1735814,1.3332582712173462,5.088779926300049,0.17863532900810242,1.274542212486267,0.8011939525604248
2016-10-31 02:00:00,1.0,2.0701368,1.6574487686157227,1.740769863128662,1.2347725629806519,5.273369789123535,0.4848376512527466
2016-10-31 03:00:00,1.0,2.571698,1.8241724967956543,0.02310228906571865,2.7144877910614014,6.3241286277771,0.8773603439331055
2016-10-31 04:00:00,1.0,1.6566093,1.8645373582839966,0.0766407698392868,1.555267095565796,1.4314022064208984,1.3754934072494507
2016-10-31 05:00:00,1.0,3.5188296,4.709731578826904,0.6899373531341553,2.0226919651031494,1.2834502458572388,3.610792398452759
2016-10-31 06:00:00,1.0,1.5911825,1.6322588920593262,0.09704513102769852,1.333782434463501,1.6405285596847534,2.082355499267578
2016-10-31 07:00:00,1.0,0.93723583,0.887098491191864,0.11578797549009323,0.2260213941335678,2.2521185874938965,0.3870028853416443
2016-10-31 08:00:00,1.0,0.4580898,0.4012378454208374,0.009427391923964024,0.5574637651443481,0.6187697052955627,0.4562729001045227
2016-10-31 09:00:00,1.0,0.46421766,0.2552694082260132,2.4287638664245605,0.22852802276611328,1.081729769706726,0.5585812330245972
2016-10-31 10:00:00,1.0,1.3704815,1.8821851015090942,2.8506553173065186,0.6583083271980286,0.2140078991651535,1.200347900390625
2016-10-31 11:00:00,1.0,1.2024181,1.0800765752792358,4.791201591491699,2.11997389793396,0.7463579177856445,0.23165464401245117
2016-10-31 12:00:00,1.0,14.309369,23.712677001953125,2.6322104930877686,2.3940155506134033,1.7365398406982422,3.663130283355713
2016-10-31 13:00:00,1.0,18.710838,22.5828914642334,3.8396761417388916,9.011687278747559,18.022336959838867,17.37469482421875
2016-10-31 14:00:00,1.0,17.647943,25.753271102905273,6.001247406005859,6.408657073974609,3.4017064571380615,16.52732276916504
2016-10-31 15:00:00,1.0,4.396647,4.677107334136963,6.078014850616455,2.0212671756744385,5.521230220794678,4.48244047164917
2016-10-31 16:00:00,1.0,2.9458506,2.363896369934082,0.2142089158296585,7.23755407333374,1.2669204473495483,2.548130750656128
2016-10-31 17:00:00,1.0,1.2720336,1.3010481595993042,0.12293222546577454,1.106200098991394,0.8065485954284668,2.490029811859131
2016-10-31 18:00:00,1.0,1.3773205,1.9212483167648315,0.11042904853820801,0.384938508272171,0.22673271596431732,2.1806721687316895
2016-10-31 19:00:00,1.0,1.7871345,1.9463019371032715,1.340393304824829,1.2418526411056519,1.3650062084197998,2.636784791946411
2016-10-31 20:00:00,1.0,1.298153,1.2686611413955688,0.21674619615077972,0.740571141242981,2.4121744632720947,0.7716869115829468
2016-10-31 21:00:00,1.0,1.3931597,1.1541129350662231,1.2532778978347778,2.11954665184021,0.8977063298225403,2.45827579498291
2016-10-31 22:00:00,1.0,0.74128497,0.3987068235874176,0.07311657816171646,2.0798189640045166,0.5028396844863892,1.0386402606964111
2016-10-31 23:00:00,1.0,0.68275744,0.7121073603630066,0.6110250353813171,0.5833068490028381,0.40734121203422546,1.1806079149246216
2016-01-11 00:00:00,1.0,1.2501576,1.2411776781082153,0.5088587403297424,1.3523229360580444,0.6333102583885193,2.390056848526001
2016-01-11 01:00:00,1.0,0.6913446,0.7562503218650818,0.2677198052406311,0.6202136278152466,0.29425427317619324,1.227203369140625
2016-01-11 02:00:00,1.0,0.59948653,0.8225776553153992,2.0488948822021484,0.28417855501174927,0.07569967955350876,0.36700424551963806
2016-01-11 03:00:00,1.0,1.810638,2.448016405105591,1.558831900183577e-05,1.0495859384536743,0.44827839732170105,2.1549909114837646
2016-01-11 04:00:00,1.0,2.4068358,2.9379642009735107,0.8608680963516235,2.2530086040496826,1.8483034372329712,0.8531844615936279
2016-01-11 05:00:00,1.0,1.0561833,1.5434342622756958,0.01616213284432888,0.39250460267066956,0.5416250824928284,0.45459845662117004
2016-01-11 06:00:00,1.0,0.48872328,0.4452979564666748,2.349120855331421,0.3167053163051605,0.7103272080421448,0.19740056991577148
2016-01-11 07:00:00,1.0,1.5933063,2.5625360012054443,0.14545631408691406,0.43885308504104614,0.32108384370803833,0.38657280802726746
2016-01-11 08:00:00,0.0,6.4920535,10.684601783752441,1.7063668966293335,0.09326660633087158,1.7497501373291016,2.030086040496826
2016-01-11 09:00:00,0.0,25.621252,33.77679443359375,2.3813445568084717,10.179435729980469,18.30027961730957,22.332860946655273
2016-01-11 10:00:00,0.0,7.9365916,7.6610236167907715,2.468590259552002,8.59034252166748,12.808232307434082,1.2875609397888184
2016-01-11 11:00:00,0.0,7.6168547,12.253013610839844,1.0885708332061768,0.8832093477249146,2.5655758380889893,2.055586338043213
2016-01-11 12:00:00,0.0,8.339398,11.522406578063965,6.625378131866455,3.248389720916748,3.2680771350860596,7.453939437866211
2016-01-11 13:00:00,0.0,22.392653,36.53102493286133,0.3946552276611328,4.350821495056152,6.415168285369873,2.5957255363464355
2016-01-11 14:00:00,0.0,5.69498,5.143296241760254,3.7624149322509766,6.106300354003906,5.96895694732666,8.288962364196777
2016-01-11 15:00:00,0.0,6.5915995,5.956350803375244,0.0885288268327713,1.7390196323394775,16.944154739379883,2.403909921646118
2016-01-11 16:00:00,0.0,2.537528,3.362478256225586,0.06359550356864929,1.2320525646209717,2.635404586791992,0.3196069300174713
2016-01-11 17:00:00,0.0,4.5873904,6.605617046356201,0.5400915741920471,1.260000467300415,0.9947453141212463,5.599915504455566
2016-01-11 18:00:00,0.0,1.9327996,2.4312188625335693,4.876112461090088,0.9330493211746216,0.8353672027587891,1.8765263557434082
2016-01-11 19:00:00,0.0,1.877385,2.209381103515625,10.072596549987793,0.8041596412658691,0.8744539022445679,1.4698771238327026
2016-01-11 20:00:00,0.0,3.1433396,4.906164646148682,2.0341594219207764,0.6612610816955566,0.3761472702026367,2.0299034118652344
2016-01-11 21:00:00,0.0,2.146332,2.500196695327759,5.568604469299316,3.2328035831451416,0.18889012932777405,0.6917744874954224
2016-01-11 22:00:00,0.0,1.4020727,2.290898084640503,0.7685796618461609,0.03626895695924759,0.21118688583374023,0.7017004489898682
2016-01-11 23:00:00,0.0,1.9605528,2.8260457515716553,2.0584003925323486,0.2563478946685791,1.1898460388183594,1.0742318630218506
2016-02-11 00:00:00,0.0,1.9510102,2.7596359252929688,0.7214751839637756,0.9164465069770813,0.6843566298484802,1.4337725639343262
2016-02-11 01:00:00,0.0,3.6819365,4.952751159667969,2.4582505226135254,1.492820382118225,1.0566123723983765,4.788244247436523
2016-02-11 02:00:00,0.0,2.813062,2.7703568935394287,0.04386565834283829,6.028813362121582,1.0035368204116821,1.3006958961486816
2016-02-11 03:00:00,0.0,2.7098284,2.7330753803253174,2.8551344871520996,0.5031642317771912,6.0697197914123535,0.5158711671829224
2016-02-11 04:00:00,0.0,3.887537,4.295955181121826,3.544539451599121,0.3883878290653229,7.075767517089844,2.0668857097625732
2016-02-11 05:00:00,0.0,3.780357,5.033130645751953,0.3701445758342743,1.2256066799163818,2.186797618865967,4.375810623168945
2016-02-11 06:00:00,0.0,1.9610711,2.660407781600952,2.749394178390503,1.2532130479812622,0.6904834508895874,1.030249834060669
2016-02-11 07:00:00,0.0,3.9221578,5.759392261505127,2.719895124435425,1.1953017711639404,2.30430269241333,0.8025546073913574
2016-02-11 08:00:00,0.0,5.9548497,7.039027690887451,0.3549768626689911,1.4255075454711914,10.959673881530762,0.017658330500125885
2016-02-11 09:00:00,0.0,2.8411078,3.462907075881958,1.3356443643569946,1.8390356302261353,2.991682291030884,0.97679603099823
2016-02-11 10:00:00,0.0,2.6251836,2.3670437335968018,0.26276594400405884,6.539370059967041,1.001509428024292,0.7562286257743835
2016-02-11 11:00:00,0.0,2.0053215,2.794475793838501,0.367565780878067,1.4426747560501099,1.0861176252365112,0.2730712890625
2016-02-11 12:00:00,0.0,3.5986345,4.748894214630127,6.719461917877197,1.3099437952041626,0.9618452191352844,4.536458969116211
2016-02-11 13:00:00,0.0,2.381101,2.866196870803833,13.705963134765625,1.3098748922348022,0.9008889198303223,1.1043261289596558
2016-02-11 14:00:00,0.0,2.1456547,2.275270700454712,11.924589157104492,2.8655507564544678,0.26613596081733704,0.9525653123855591
2016-02-11 15:00:00,0.0,2.3655374,1.1354776620864868,13.933819770812988,7.318611145019531,1.2431986331939697,0.15004070103168488
2016-02-11 16:00:00,0.0,3.1857111,4.430980205535889,9.479035377502441,0.17330320179462433,0.6189586520195007,3.904294490814209
2016-02-11 17:00:00,0.0,1.8413962,2.0593626499176025,0.0262879841029644,0.3463870882987976,3.757636785507202,0.2502228021621704
2016-02-11 18:00:00,0.0,1.4372523,1.9984722137451172,0.00016996246995404363,1.1053187847137451,0.23796416819095612,1.1088398694992065
2016-02-11 19:00:00,0.0,1.7489924,2.838864326477051,0.42768555879592896,0.7004305124282837,0.12808416783809662,0.2116614580154419
2016-02-11 20:00:00,0.0,1.3497913,2.278552770614624,0.06629330664873123,0.15237508714199066,0.23591144382953644,0.14286558330059052
2016-02-11 21:00:00,0.0,1.2044922,1.7472562789916992,0.9105513691902161,0.6024633646011353,0.3357793688774109,0.5951898694038391
2016-02-11 22:00:00,0.0,0.9585985,1.1665245294570923,0.3355141580104828,0.6240110993385315,0.38503628969192505,1.4560766220092773
2016-02-11 23:00:00,0.0,0.6917486,0.938861072063446,1.0932605266571045,0.2859577238559723,0.4138869345188141,0.3050878643989563
2016-03-11 00:00:00,0.0,0.6523897,0.8408614993095398,0.0027340229135006666,0.42489010095596313,0.238503560423851,0.8063982129096985
2016-03-11 01:00:00,0.0,0.56171244,0.5130351185798645,1.784644603729248,0.7629110217094421,0.03551679104566574,1.1167882680892944
2016-03-11 02:00:00,0.0,0.44910696,0.3386370837688446,0.20399059355258942,1.2313531637191772,0.30405691266059875,0.05811213701963425
2016-03-11 03:00:00,0.0,0.9861971,0.8375146985054016,3.132915496826172,0.6880825161933899,1.1684147119522095,1.5444316864013672
2016-03-11 04:00:00,0.0,1.4561065,1.2101091146469116,0.0016325726173818111,1.6054518222808838,1.6551849842071533,2.6859686374664307
2016-03-11 05:00:00,0.0,2.6371005,3.888120651245117,0.26836562156677246,1.1100775003433228,0.4923892021179199,2.1486968994140625
2016-03-11 06:00:00,0.0,1.3707631,0.9731259346008301,1.3482861518859863,0.9307173490524292,2.878861665725708,1.8931118249893188
2016-03-11 07:00:00,0.0,0.8502505,0.7408067584037781,3.4330344200134277,0.0611298605799675,1.8380743265151978,0.513485312461853
2016-03-11 08:00:00,0.0,1.4631811,1.6351604461669922,6.486879348754883,0.7703470587730408,1.387044906616211,0.5210787057876587
2016-03-11 09:00:00,0.0,0.77153945,0.7352725863456726,1.0936119556427002,1.4535057544708252,0.16911689937114716,0.7694218158721924
2016-03-11 10:00:00,0.0,1.4671623,0.8422195911407471,0.05323735624551773,3.076214075088501,2.144836902618408,1.568528413772583
2016-03-11 11:00:00,0.0,0.9436618,1.2115954160690308,0.03849690407514572,0.25247055292129517,0.8263775110244751,0.9771841168403625
2016-03-11 12:00:00,0.0,1.0434884,1.5741209983825684,0.22074605524539948,0.4627826511859894,0.25137028098106384,0.46782028675079346
2016-03-11 13:00:00,0.0,2.0092013,3.046581506729126,1.005029559135437,1.25721275806427,0.21382944285869598,0.49384498596191406
2016-03-11 14:00:00,0.0,0.6885198,0.7439861297607422,0.19270005822181702,0.8021036386489868,0.5513364672660828,0.5209763050079346
2016-03-11 15:00:00,0.0,0.7608181,0.6080554723739624,1.2693324089050293,0.9999886751174927,0.810186505317688,1.0453228950500488
2016-03-11 16:00:00,0.0,0.93638444,0.6998133063316345,0.8453775644302368,0.19153811037540436,2.4652349948883057,1.0065555572509766
2016-03-11 17:00:00,0.0,0.93266004,1.1037994623184204,0.005643521435558796,0.8465266227722168,0.9125682711601257,0.3234715461730957
2016-03-11 18:00:00,0.0,0.55598634,0.37659868597984314,1.2883836030960083,1.204952597618103,0.5084971189498901,0.39662763476371765
2016-03-11 19:00:00,0.0,0.6044781,0.5391574501991272,0.1085369661450386,0.6435774564743042,0.46272414922714233,1.3000330924987793
2016-03-11 20:00:00,0.0,0.35664102,0.1767125278711319,1.3324627876281738,0.4988321363925934,0.5248408913612366,0.649072527885437
2016-03-11 21:00:00,0.0,0.34036216,0.11675258725881577,0.5666844248771667,1.1037359237670898,0.15739558637142181,0.6097263693809509
2016-03-11 22:00:00,0.0,0.3181607,0.22779448330402374,0.054620545357465744,0.22912661731243134,0.6648697853088379,0.47531190514564514
2016-03-11 23:00:00,0.0,2.2642891,2.7184648513793945,0.5428146719932556,0.701846182346344,2.6549174785614014,2.0202815532684326
2016-04-11 00:00:00,0.0,4.98754,2.299426317214966,0.1363048404455185,4.353237152099609,11.948092460632324,11.258086204528809
2016-04-11 01:00:00,0.0,0.6273102,0.581620991230011,0.3268175721168518,0.535979151725769,0.6422614455223083,1.1102337837219238
2016-04-11 02:00:00,0.0,0.6037061,0.5350871086120605,0.5099368691444397,0.6581827998161316,0.47717219591140747,1.1649622917175293
2016-04-11 03:00:00,0.0,2.0889525,2.2521603107452393,0.07736901193857193,0.3004261553287506,2.386857271194458,4.221190929412842
2016-04-11 04:00:00,0.0,0.7408408,0.5049757361412048,0.013296153396368027,0.4941546618938446,1.4614689350128174,1.5085184574127197
2016-04-11 05:00:00,0.0,1.6556785,2.1469180583953857,0.04949810728430748,1.2150872945785522,1.2291440963745117,0.6272546648979187
2016-04-11 06:00:00,0.0,0.4374824,0.28668448328971863,2.5414822101593018,0.470214307308197,0.56547611951828,0.5349999070167542
2016-04-11 07:00:00,0.0,1.9144839,3.0027992725372314,0.879563570022583,0.8870558738708496,0.23873265087604523,0.37388336658477783
2016-04-11 08:00:00,0.0,0.9473105,1.2283939123153687,1.336863398551941,0.18952147662639618,0.11080580204725266,1.953437089920044
2016-04-11 09:00:00,0.0,0.7827891,0.7243499755859375,7.924669262138195e-06,1.0095118284225464,0.8336796760559082,0.8432941436767578
2016-04-11 10:00:00,0.0,0.8277046,0.6345398426055908,0.27001824975013733,2.6351237297058105,0.2143252044916153,0.036545898765325546
2016-04-11 11:00:00,0.0,3.0401604,4.154134750366211,0.13623571395874023,2.662893772125244,1.1647380590438843,1.0245022773742676
2016-04-11 12:00:00,0.0,1.4179114,1.2471585273742676,1.9890917539596558,0.9225078225135803,3.071565628051758,0.2726961374282837
2016-04-11 13:00:00,0.0,1.5853806,1.256500482559204,3.136435031890869,0.8530763387680054,3.780954360961914,0.6101751327514648
2016-04-11 14:00:00,0.0,4.1821847,3.7466843128204346,6.756294250488281,1.8138320446014404,9.949844360351562,0.2028723657131195
2016-04-11 15:00:00,0.0,1.4359018,1.0217219591140747,3.707390785217285,2.849860668182373,1.692334771156311,0.4299219846725464
2016-04-11 16:00:00,0.0,1.7515502,2.487091302871704,0.224895179271698,1.0177122354507446,0.798102855682373,0.6727166175842285
2016-04-11 17:00:00,0.0,3.955886,6.257079601287842,0.823910117149353,2.154054880142212,0.15558116137981415,0.7354516983032227
2016-04-11 18:00:00,0.0,0.8245542,1.1784943342208862,0.10027682036161423,0.4578135013580322,0.09414788335561752,0.8019890785217285
2016-04-11 19:00:00,0.0,0.42870814,0.5317125916481018,0.09766178578138351,0.23770804703235626,0.46461740136146545,0.16485226154327393
2016-04-11 20:00:00,0.0,0.4026075,0.3579291105270386,1.132355809211731,0.31277984380722046,0.30250391364097595,0.8206201791763306
2016-04-11 21:00:00,0.0,0.9289582,0.417222261428833,0.9182156324386597,3.573117971420288,0.1827089935541153,0.6807160973548889
2016-04-11 22:00:00,0.0,0.8857533,0.7507228851318359,3.1010916233062744,1.7262789011001587,0.018584830686450005,1.188725233078003
2016-04-11 23:00:00,0.0,0.66381687,0.5102304816246033,2.413461923599243,1.163520097732544,0.6705159544944763,0.2617194652557373
2016-05-11 00:00:00,0.0,0.74283737,0.5812134742736816,0.2528299391269684,0.6240783929824829,1.3382503986358643,1.0009381771087646
2016-05-11 01:00:00,0.0,0.8149195,0.7631538510322571,0.06005274876952171,1.461328387260437,0.31981560587882996,1.0494455099105835
2016-05-11 02:00:00,0.0,1.6665831,1.7172657251358032,4.563578128814697,1.9994115829467773,1.2934750318527222,0.708727240562439
2016-05-11 03:00:00,0.0,0.34363383,0.22642803192138672,0.08795654028654099,0.6748814582824707,0.5659310817718506,0.14208409190177917
2016-05-11 04:00:00,0.0,0.264842,0.19644306600093842,0.468388170003891,0.6800156235694885,0.1476513296365738,0.10287850350141525
2016-05-11 05:00:00,0.0,0.26821166,0.33130577206611633,0.27690455317497253,0.23903398215770721,0.1262262910604477,0.18700852990150452
2016-05-11 06:00:00,0.0,1.721813,1.1147531270980835,2.1939868927001953,0.3564927875995636,5.504710674285889,1.0153658390045166
2016-05-11 07:00:00,0.0,1.6329669,1.703069806098938,0.595703661441803,1.638047456741333,1.545807957649231,1.6153019666671753
2016-05-11 08:00:00,0.0,0.8321195,0.8013402819633484,8.03423099569045e-05,0.5406818985939026,1.6774256229400635,0.25553423166275024
2016-05-11 09:00:00,0.0,0.45443773,0.5148281455039978,0.5833957195281982,0.4984460473060608,0.3925338387489319,0.09117299318313599
2016-05-11 10:00:00,0.0,0.7409622,0.799191415309906,0.01182596292346716,1.287453293800354,0.22744636237621307,0.5161654353141785
2016-05-11 11:00:00,0.0,2.5804102,3.314610481262207,0.04796239361166954,2.6592938899993896,0.257769912481308,2.7348968982696533
2016-05-11 12:00:00,0.0,0.56813025,0.5862013697624207,0.10463114827871323,0.9964594841003418,0.06343282014131546,0.7092233896255493
2016-05-11 13:00:00,0.0,0.6827154,0.6726269125938416,0.3477954864501953,0.9918968081474304,0.1431366354227066,1.2301716804504395
2016-05-11 14:00:00,0.0,0.98688656,0.8484420776367188,0.06042538583278656,1.306868314743042,0.8115028142929077,1.796122431755066
2016-05-11 15:00:00,0.0,3.0593474,2.7999675273895264,0.08739922940731049,2.1085848808288574,5.627121925354004,2.5288400650024414
2016-05-11 16:00:00,0.0,1.4117808,0.47583797574043274,0.9255516529083252,5.403946876525879,1.093787670135498,0.7191935181617737
2016-05-11 17:00:00,0.0,2.1529202,2.5534472465515137,1.411173701286316,2.5386435985565186,1.1188174486160278,1.0698583126068115
2016-05-11 18:00:00,0.0,1.6297843,1.9359506368637085,3.074807643890381,1.763948678970337,0.10695064067840576,1.861701488494873
2016-05-11 19:00:00,0.0,0.9606289,0.7699527740478516,3.3608663082122803,0.8260975480079651,0.6815356016159058,2.2284703254699707
2016-05-11 20:00:00,0.0,0.94638,0.787952721118927,0.6362775564193726,1.0373812913894653,0.4918787479400635,2.610593795776367
2016-05-11 21:00:00,0.0,0.50280917,0.6350463032722473,0.007702566217631102,0.6007761359214783,0.19798222184181213,0.19516751170158386
2016-05-11 22:00:00,0.0,1.0100257,0.8098222613334656,0.06211409345269203,1.2575007677078247,1.2217556238174438,1.6446144580841064
2016-05-11 23:00:00,0.0,0.7539918,0.3756629526615143,1.2030771970748901,0.7313446402549744,1.1280980110168457,2.296639919281006
2016-06-11 00:00:00,0.0,2.6583664,3.9592103958129883,1.5589016675949097,0.5864068269729614,1.1403629779815674,1.4106059074401855
2016-06-11 01:00:00,0.0,0.81529784,0.7154362797737122,2.467595913913101e-05,0.45043209195137024,1.5131696462631226,1.0355241298675537
2016-06-11 02:00:00,0.0,0.48893708,0.4804963767528534,0.024939922615885735,0.3867553174495697,0.6678420305252075,0.521314263343811
2016-06-11 03:00:00,0.0,1.0613235,0.9249220490455627,0.8388985395431519,0.7411637902259827,1.7105827331542969,1.3594145774841309
2016-06-11 04:00:00,0.0,0.5023144,0.4262774884700775,0.200335294008255,0.7952457070350647,0.3346571922302246,0.8148009777069092
2016-06-11 05:00:00,0.0,1.4063892,2.0189740657806396,0.020606903359293938,1.043015718460083,0.5840625762939453,0.1523035764694214
2016-06-11 06:00:00,0.0,0.29758418,0.3722224235534668,0.26919761300086975,0.16080568730831146,0.2753870189189911,0.13505853712558746
2016-06-11 07:00:00,0.0,1.5191214,0.6243988871574402,0.23634584248065948,0.1440916359424591,6.617781639099121,0.6917956471443176
2016-06-11 08:00:00,0.0,1.7854915,2.6109561920166016,0.6247212290763855,1.3735677003860474,0.11165245622396469,0.7729794979095459
2016-06-11 09:00:00,0.0,2.3600376,3.2205541133880615,0.5143389701843262,0.5476716160774231,0.538630485534668,4.017469882965088
2016-06-11 10:00:00,0.0,0.79963034,0.8157798647880554,0.013967415317893028,0.8353697657585144,0.5413100123405457,1.2886651754379272
2016-06-11 11:00:00,0.0,1.0257043,0.6746897101402283,1.14630720418063e-05,3.1501049995422363,0.29638323187828064,0.9468257427215576
2016-06-11 12:00:00,0.0,0.3389722,0.3100941777229309,0.23065602779388428,0.17738226056098938,0.4775143265724182,0.5796533226966858
2016-06-11 13:00:00,0.0,0.6102466,0.6326316595077515,0.10292498022317886,0.779411792755127,0.24067164957523346,0.9534838199615479
2016-06-11 14:00:00,0.0,0.38269642,0.4175557792186737,0.16444352269172668,0.3529244363307953,0.25949031114578247,0.49581512808799744
2016-06-11 15:00:00,0.0,0.3365923,0.3313101828098297,0.0595102459192276,0.43829113245010376,0.2510256767272949,0.40932393074035645
2016-06-11 16:00:00,0.0,0.61003345,0.6118296980857849,0.8882293105125427,0.25965073704719543,0.7757053375244141,0.8529502153396606
2016-06-11 17:00:00,0.0,2.5406985,2.6790056228637695,1.345167875289917,1.9953356981277466,0.25116413831710815,6.970807075500488
2016-06-11 18:00:00,0.0,0.8926722,0.5680803656578064,1.341922640800476,1.144158959388733,0.4049183428287506,3.1413767337799072
2016-06-11 19:00:00,0.0,0.9302428,0.633607804775238,0.8846556544303894,1.2219480276107788,0.3350329101085663,3.2525813579559326
2016-06-11 20:00:00,0.0,0.8905885,0.8749328255653381,0.22228293120861053,0.41716957092285156,0.4538530707359314,2.744368314743042
2016-06-11 21:00:00,0.0,0.3525094,0.33393219113349915,0.8667837381362915,0.4826202392578125,0.3044039309024811,0.19189497828483582
2016-06-11 22:00:00,0.0,0.8750091,0.33099380135536194,0.040332868695259094,2.6199629306793213,1.4187572002410889,0.3425416052341461
2016-06-11 23:00:00,0.0,0.4447333,0.4187122881412506,0.014475186355412006,0.2862781882286072,0.7471660375595093,0.4564623236656189
2016-07-11 00:00:00,0.0,0.48121497,0.2858872711658478,0.010624801740050316,0.262076735496521,1.1842992305755615,0.923923134803772
2016-07-11 01:00:00,0.0,0.25587887,0.2809039056301117,0.060420289635658264,0.08266033977270126,0.3163497745990753,0.3519015908241272
2016-07-11 02:00:00,0.0,0.24320154,0.2375047355890274,0.0738808661699295,0.07391119003295898,0.4036448299884796,0.33519500494003296
2016-07-11 03:00:00,0.0,2.0238934,0.44657278060913086,1.4889239072799683,5.791597843170166,4.713420867919922,0.32140135765075684
2016-07-11 04:00:00,0.0,0.5982209,0.8258276581764221,0.1136627122759819,0.3558151423931122,0.2460717111825943,0.39419057965278625
2016-07-11 05:00:00,0.0,1.9597721,2.2787392139434814,1.2071999311447144,0.7823776602745056,3.065601348876953,0.3593524396419525
2016-07-11 06:00:00,0.0,0.25600517,0.2397981435060501,0.6845197081565857,0.11513222754001617,0.3299567699432373,0.36323070526123047
2016-07-11 07:00:00,0.0,0.5603769,0.760918140411377,0.471943199634552,0.3945096433162689,0.19510237872600555,0.30873554944992065
2016-07-11 08:00:00,0.0,0.70772475,0.9912934899330139,0.002082293154671788,0.1356741040945053,0.08904237300157547,1.2665048837661743
2016-07-11 09:00:00,0.0,0.29968098,0.19813638925552368,0.8889737725257874,0.04735609143972397,0.7592262625694275,0.3989894986152649
2016-07-11 10:00:00,0.0,0.7514463,0.3671349287033081,0.06202530488371849,0.8977354764938354,2.3551266193389893,0.1672242432832718
2016-07-11 11:00:00,0.0,2.6784256,1.998284935951233,1.8064450025558472,3.090219020843506,2.8886165618896484,5.88878870010376
2016-07-11 12:00:00,0.0,2.3212574,2.7635440826416016,4.143822193145752,1.8155434131622314,1.6843386888504028,1.2115039825439453
2016-07-11 13:00:00,0.0,2.3193524,3.3644697666168213,0.08285187184810638,1.8680773973464966,0.6505211591720581,0.3179619014263153
2016-07-11 14:00:00,0.0,1.406723,0.9510701298713684,2.829331398010254,2.134958028793335,1.4468895196914673,2.440286636352539
2016-07-11 15:00:00,0.0,1.4700502,1.894646167755127,1.2705963850021362,1.5313676595687866,0.2713351249694824,0.9627835154533386
2016-07-11 16:00:00,0.0,0.45847985,0.2603200376033783,1.6128402948379517,1.1143237352371216,0.17846228182315826,0.7011523246765137
2016-07-11 17:00:00,0.0,0.8917608,1.1747629642486572,0.27900299429893494,0.23793062567710876,0.24913905560970306,1.615728735923767
2016-07-11 18:00:00,0.0,0.7019294,0.36287355422973633,0.6256939172744751,0.1744556725025177,2.721412420272827,0.14430662989616394
2016-07-11 19:00:00,0.0,0.9751145,0.5766353011131287,0.2948351800441742,0.26288026571273804,3.449073314666748,0.4530407190322876
2016-07-11 20:00:00,0.0,0.41092965,0.18892763555049896,0.004867329727858305,0.4268918037414551,1.0415910482406616,0.7128656506538391
2016-07-11 21:00:00,0.0,0.5431032,0.22174638509750366,0.02169770561158657,0.442525178194046,1.9072073698043823,0.3904246389865875
2016-07-11 22:00:00,0.0,0.5214287,0.17999811470508575,1.239174723625183,0.5670256018638611,1.654942274093628,0.3271327018737793
2016-07-11 23:00:00,0.0,4.397116,2.25783371925354,0.09742309153079987,2.204246759414673,13.515185356140137,6.188632011413574
2016-08-11 00:00:00,0.0,24.421839,9.236878395080566,0.10179327428340912,17.03220558166504,72.58463287353516,50.25860595703125
2016-08-11 01:00:00,0.0,2.9682517,1.0118924379348755,1.0671484470367432,1.869347333908081,9.630375862121582,5.446049213409424
2016-08-11 02:00:00,0.0,0.5692595,0.5532025694847107,0.0019265672890469432,0.6810327172279358,0.8123963475227356,0.1863429695367813
2016-08-11 03:00:00,0.0,0.95449066,0.8678018450737,2.5182015895843506,1.2020615339279175,0.900330126285553,0.7452276349067688
2016-08-11 04:00:00,0.0,0.83628845,0.6709378361701965,0.28936898708343506,0.5448528528213501,1.178858995437622,1.8756356239318848
2016-08-11 05:00:00,0.0,1.8162171,1.8275991678237915,1.4685351848602295,1.4815260171890259,0.784274697303772,4.226455211639404
2016-08-11 06:00:00,0.0,1.0873626,0.5704212784767151,4.069551467895508,0.6430081129074097,2.5098164081573486,1.7317898273468018
2016-08-11 07:00:00,0.0,0.67891,0.45906874537467957,3.172683000564575,0.8934332132339478,0.7051520943641663,0.9531757235527039
2016-08-11 08:00:00,0.0,1.3520191,1.9448261260986328,1.1893119812011719,0.8401684761047363,0.237945556640625,0.6812214255332947
2016-08-11 09:00:00,0.0,0.44155028,0.49791374802589417,1.7822210788726807,0.1502845287322998,0.12214795500040054,0.8368703126907349
2016-08-11 10:00:00,0.0,1.0095123,0.9155340790748596,1.9865128993988037,1.4063678979873657,0.03793011233210564,2.3349030017852783
2016-08-11 11:00:00,0.0,0.43604213,0.43248990178108215,0.16796253621578217,0.910863995552063,0.17387525737285614,0.1522291749715805
2016-08-11 12:00:00,0.0,0.31975362,0.40152451395988464,0.04251597076654434,0.288448303937912,0.12116420269012451,0.3007534146308899
2016-08-11 13:00:00,0.0,0.64513725,0.7179855704307556,0.1968807727098465,0.3748917281627655,0.5777697563171387,0.9109346866607666
2016-08-11 14:00:00,0.0,3.3675249,3.166307210922241,0.0001321489253314212,1.0986683368682861,5.780464172363281,5.164536476135254
2016-08-11 15:00:00,0.0,1.8585634,1.0741897821426392,0.002055281074717641,5.61232852935791,0.8639775514602661,2.200366735458374
2016-08-11 16:00:00,0.0,0.99724656,0.9701535105705261,1.3863072395324707,1.5267925262451172,0.0980888158082962,1.7093610763549805
2016-08-11 17:00:00,0.0,0.77755296,0.7803558707237244,0.3114556074142456,0.9462596774101257,0.17094187438488007,1.6435915231704712
2016-08-11 18:00:00,0.0,0.984515,1.4422098398208618,1.60995614528656,0.386365681886673,0.16742897033691406,0.5586480498313904
2016-08-11 19:00:00,0.0,0.43688336,0.37569329142570496,4.223113059997559,0.13585683703422546,0.20169363915920258,0.7958447933197021
2016-08-11 20:00:00,0.0,2.1252553,2.802642583847046,5.032370567321777,0.6053736805915833,0.33994001150131226,3.1182456016540527
2016-08-11 21:00:00,0.0,2.0437555,1.2311125993728638,0.04260639101266861,4.76485538482666,1.7083946466445923,3.244856595993042
2016-08-11 22:00:00,0.0,0.5793986,0.3502592146396637,0.07407815009355545,0.3789532780647278,1.613590121269226,0.6215090155601501
2016-08-11 23:00:00,0.0,1.7028214,1.772502064704895,2.8857738971710205,0.31284403800964355,0.6185622215270996,5.318915367126465
2016-09-11 00:00:00,0.0,0.5715858,0.6649380326271057,1.1998995542526245,0.2897062301635742,0.15742962062358856,1.072455883026123
2016-09-11 01:00:00,0.0,0.6193238,0.6526928544044495,1.3172856569290161,0.17172777652740479,0.5275253057479858,1.18855881690979
2016-09-11 02:00:00,0.0,2.0444653,1.1701178550720215,1.2893723249435425,1.577034592628479,6.3449273109436035,0.7715203762054443
2016-09-11 03:00:00,0.0,1.4029633,0.9711706042289734,2.4924166202545166,2.3469576835632324,1.7773091793060303,1.4142603874206543
2016-09-11 04:00:00,0.0,0.7664555,0.8542256951332092,0.00012130428513046354,0.45212265849113464,1.0315643548965454,0.5175594091415405
2016-09-11 05:00:00,0.0,1.6327053,2.007763624191284,0.5711487531661987,1.3625344038009644,1.5164669752120972,0.3239613473415375
2016-09-11 06:00:00,0.0,2.64365,2.546604871749878,0.3089807629585266,2.0439469814300537,4.319151878356934,1.9269418716430664
2016-09-11 07:00:00,0.0,3.5718055,5.911144256591797,0.37004923820495605,0.07593493163585663,1.4839612245559692,0.10771264135837555
2016-09-11 08:00:00,0.0,0.5923349,0.6806592345237732,0.5932455658912659,0.5740848779678345,0.48721712827682495,0.2780551612377167
2016-09-11 09:00:00,0.0,0.7364333,0.6893236637115479,0.8351662158966064,0.743139922618866,0.8008049130439758,0.8700211048126221
2016-09-11 10:00:00,0.0,1.3831569,0.4842877686023712,3.3003427982330322,5.655128002166748,0.334932416677475,0.655518651008606
2016-09-11 11:00:00,0.0,0.5613522,0.3348205089569092,1.4120312929153442,1.4569729566574097,0.42664533853530884,0.37627270817756653
2016-09-11 12:00:00,0.0,0.61724144,0.31262820959091187,0.14965707063674927,0.44092223048210144,1.6248432397842407,1.107072114944458
2016-09-11 13:00:00,0.0,0.34432214,0.4921751916408539,1.0259182453155518,0.13516931235790253,0.10191500186920166,0.07703472673892975
2016-09-11 14:00:00,0.0,0.41311988,0.32737189531326294,0.007442982867360115,0.2665944993495941,1.040692687034607,0.1871938556432724
2016-09-11 15:00:00,0.0,2.6574993,1.6154924631118774,0.8089146614074707,2.0942249298095703,7.224095344543457,2.365873336791992
2016-09-11 16:00:00,0.0,1.3213233,1.9168037176132202,4.105344772338867,0.6460978388786316,0.10080859810113907,0.3699794411659241
2016-09-11 17:00:00,0.0,1.918966,2.7442150115966797,1.1655834913253784,0.8457269668579102,0.6153954267501831,1.3152363300323486
2016-09-11 18:00:00,0.0,3.3330667,5.445371627807617,0.048899803310632706,0.2649069130420685,0.5334183573722839,1.7489397525787354
2016-09-11 19:00:00,0.0,1.1716626,1.3226875066757202,0.4726119041442871,0.6496195197105408,1.0670071840286255,1.5369998216629028
2016-09-11 20:00:00,0.0,0.48837715,0.5732594132423401,0.032444681972265244,0.4397916793823242,0.22098711133003235,0.6460241675376892
2016-09-11 21:00:00,0.0,0.9815085,0.784785807132721,0.1218813806772232,2.5458927154541016,0.36400705575942993,0.7197055816650391
2016-09-11 22:00:00,0.0,0.4258767,0.45427390933036804,0.00017981928249355406,0.7695097327232361,0.15443448722362518,0.2355843335390091
2016-09-11 23:00:00,0.0,0.4951053,0.5415514707565308,0.2688319683074951,0.3905189037322998,0.6024022698402405,0.26825326681137085
2016-10-11 00:00:00,0.0,0.7766482,0.7802857756614685,0.6675063967704773,0.9041985273361206,0.24894113838672638,1.4823830127716064
2016-10-11 01:00:00,0.0,0.9838558,0.9600675106048584,0.0056462581269443035,1.0483171939849854,0.6707486510276794,1.8062670230865479
2016-10-11 02:00:00,0.0,1.8884575,2.4275553226470947,0.4671781659126282,0.9101521372795105,0.1993454545736313,3.677170991897583
2016-10-11 03:00:00,0.0,0.5100214,0.5736956000328064,0.14845263957977295,0.09726990759372711,0.9482179284095764,0.17384012043476105
2016-10-11 04:00:00,0.0,0.5300814,0.6918379664421082,0.18966616690158844,0.41093260049819946,0.2464919239282608,0.3494371175765991
2016-10-11 05:00:00,0.0,0.8721826,1.1574244499206543,0.029131019487977028,0.9464988112449646,0.22189511358737946,0.3794431686401367
2016-10-11 06:00:00,0.0,1.1480083,1.2662618160247803,0.12801721692085266,0.9094123840332031,1.3848998546600342,0.6964669823646545
2016-10-11 07:00:00,0.0,0.32830435,0.497909814119339,0.08929965645074844,0.11351535469293594,0.05523913726210594,0.22416791319847107
2016-10-11 08:00:00,0.0,0.43893108,0.5525543093681335,1.9539986848831177,0.13012512028217316,0.04823354259133339,0.602556049823761
2016-10-11 09:00:00,0.0,0.9203501,1.367700457572937,3.4744720458984375,0.09689103811979294,0.08080743998289108,0.5079712867736816
2016-10-11 10:00:00,0.0,1.4830123,1.1602065563201904,0.09497355669736862,2.9051241874694824,1.097678303718567,1.9524965286254883
2016-10-11 11:00:00,0.0,0.7514518,0.7229323983192444,0.0015035966644063592,0.6858949661254883,0.6794534921646118,1.350777268409729
2016-10-11 12:00:00,0.0,0.2641445,0.20639294385910034,0.5344088077545166,0.08048896491527557,0.5988608598709106,0.2787315249443054
2016-10-11 13:00:00,0.0,1.4528464,0.8443644046783447,0.4373549222946167,0.4957326352596283,5.200334072113037,0.47445911169052124
2016-10-11 14:00:00,0.0,1.0242387,1.1815849542617798,0.007855961099267006,0.672260582447052,1.0219794511795044,0.9541722536087036
2016-10-11 15:00:00,0.0,0.30080968,0.2679281532764435,0.0013490839628502727,0.34135451912879944,0.526366651058197,0.10728569328784943
2016-10-11 16:00:00,0.0,0.38843516,0.2864847481250763,0.035630591213703156,0.6976224184036255,0.665380597114563,0.06260647624731064
2016-10-11 17:00:00,0.0,0.33332202,0.3332578241825104,0.8091446757316589,0.1550537347793579,0.3475954830646515,0.5017420649528503
2016-10-11 18:00:00,0.0,0.27959162,0.34437111020088196,0.0005132581572979689,0.2830919623374939,0.19697923958301544,0.09913059324026108
2016-10-11 19:00:00,0.0,0.22202161,0.26322421431541443,1.32198166847229,0.1182519942522049,0.14569556713104248,0.01498295459896326
2016-10-11 20:00:00,0.0,0.7046648,1.0921415090560913,0.1542668640613556,0.34650591015815735,0.1543024629354477,0.10731689631938934
2016-10-11 21:00:00,0.0,0.37885612,0.2971797287464142,2.5929903984069824,0.44623664021492004,0.31480664014816284,0.3095513880252838
2016-10-11 22:00:00,0.0,0.6583142,0.5963762402534485,1.119552493095398,1.0494930744171143,0.2316659837961197,0.9767044186592102
2016-10-11 23:00:00,0.0,0.32809693,0.23445338010787964,3.4073939323425293,0.19663217663764954,0.4118274748325348,0.20366893708705902
2016-11-11 00:00:00,0.0,0.2230081,0.24612478911876678,0.5432837009429932,0.05565253645181656,0.29209837317466736,0.17620356380939484
2016-11-11 01:00:00,0.0,1.0231602,1.2205396890640259,0.9334625005722046,0.29827383160591125,0.39180323481559753,2.2347331047058105
2016-11-11 02:00:00,0.0,1.0719953,1.4366813898086548,0.019474102184176445,1.0921000242233276,0.09063669294118881,0.8292023539543152
2016-11-11 03:00:00,0.0,0.76968825,0.6940432190895081,4.9090471267700195,0.4176517128944397,1.0599287748336792,0.2968616187572479
2016-11-11 04:00:00,0.0,0.35860124,0.2633133828639984,0.043358080089092255,0.34250694513320923,0.6449511647224426,0.5361918807029724
2016-11-11 05:00:00,0.0,1.2536159,1.3053680658340454,1.0933234691619873,0.8675585389137268,2.0746500492095947,0.2219662368297577
2016-11-11 06:00:00,0.0,0.24391702,0.2760169804096222,5.409970640357642e-07,0.11231245845556259,0.2841372787952423,0.2722187042236328
2016-11-11 07:00:00,0.0,0.4003819,0.30452123284339905,0.4588087499141693,0.21948130428791046,0.32626527547836304,1.4072192907333374
2016-11-11 08:00:00,0.0,1.7225393,1.9709159135818481,0.943992555141449,0.16897499561309814,3.3594624996185303,0.2810390293598175
2016-11-11 09:00:00,0.0,2.6218786,2.769803047180176,2.1273560523986816,0.4319826662540436,5.617592811584473,0.4477800130844116
2016-11-11 10:00:00,0.0,1.0087663,0.7382316589355469,0.5821509957313538,3.2421605587005615,0.14799949526786804,0.33652910590171814
2016-11-11 11:00:00,0.0,0.43911716,0.34945404529571533,0.569052517414093,0.5149611830711365,0.7266668677330017,0.30867278575897217
2016-11-11 12:00:00,0.0,0.30600318,0.1690884828567505,1.5572596788406372,0.3532882332801819,0.19493451714515686,0.9262986183166504
2016-11-11 13:00:00,0.0,0.32989463,0.20360368490219116,0.0808294266462326,0.48119497299194336,0.6743698120117188,0.2822992205619812
2016-11-11 14:00:00,0.0,3.5407612,5.039977550506592,2.2034575939178467,3.6227893829345703,0.2863197326660156,0.4315151572227478
2016-11-11 15:00:00,0.0,1.2020657,0.6737375855445862,0.5903893113136292,2.4250075817108154,1.7964608669281006,1.3446135520935059
2016-11-11 16:00:00,0.0,2.070398,2.1791646480560303,4.7480387687683105,0.8389245867729187,2.852231502532959,1.5352590084075928
2016-11-11 17:00:00,0.0,0.9417643,0.8535006642341614,6.826434135437012,0.43611598014831543,1.2948095798492432,0.26723408699035645
2016-11-11 18:00:00,0.0,0.43346193,0.39068496227264404,1.7685737609863281,0.6578525304794312,0.2495395988225937,0.28552621603012085
2016-11-11 19:00:00,0.0,0.3327643,0.260580837726593,0.5474347472190857,0.6139443516731262,0.11861363798379898,0.5948957204818726
2016-11-11 20:00:00,0.0,0.7570421,0.3219033479690552,0.1023809090256691,0.9839032888412476,1.422867774963379,1.9693397283554077
2016-11-11 21:00:00,0.0,0.7139775,0.2957582473754883,0.2364044338464737,1.5816614627838135,0.8226680159568787,1.634031057357788
2016-11-11 22:00:00,0.0,1.1543417,1.737585186958313,0.7644027471542358,0.2063581943511963,0.6858649253845215,0.23116959631443024
2016-11-11 23:00:00,0.0,2.9721496,2.0987555980682373,0.2629753351211548,2.1042497158050537,5.187774658203125,6.531290531158447
2016-12-11 00:00:00,0.0,2.011503,1.133224606513977,0.5844383239746094,2.191066026687622,3.6204030513763428,4.508129119873047
2016-12-11 01:00:00,0.0,0.32533526,0.36687251925468445,1.2449275255203247,0.1239585429430008,0.39675503969192505,0.0736381858587265
2016-12-11 02:00:00,0.0,0.78904957,0.48285749554634094,0.00468113087117672,1.3673747777938843,1.2704274654388428,0.9678136110305786
2016-12-11 03:00:00,0.0,1.5452404,1.9998027086257935,0.10398093611001968,0.3718375861644745,0.38557544350624084,3.2610514163970947
2016-12-11 04:00:00,0.0,0.9392337,0.6753544807434082,1.849541425704956,1.245505690574646,0.11273074895143509,3.2053377628326416
2016-12-11 05:00:00,0.0,0.83793145,0.7211049199104309,1.1454482078552246,1.0380009412765503,0.7865847945213318,1.201745867729187
2016-12-11 06:00:00,0.0,0.3544759,0.29104486107826233,0.21397610008716583,0.32475546002388,0.1477767676115036,1.1839210987091064
2016-12-11 07:00:00,0.0,1.1202388,1.4165054559707642,0.04459640383720398,0.37709349393844604,0.31535595655441284,2.3205978870391846
2016-12-11 08:00:00,0.0,0.54814553,0.5457671284675598,2.2646591663360596,0.2696261405944824,0.6190369725227356,0.4966371953487396
2016-12-11 09:00:00,0.0,2.3770785,2.63171124458313,7.8886637687683105,1.8451948165893555,2.140979051589966,0.8153579831123352
2016-12-11 10:00:00,0.0,3.2086012,3.7363860607147217,0.4969143867492676,4.219658374786377,0.4463122487068176,3.7844700813293457
2016-12-11 11:00:00,0.0,0.9150303,0.7044788002967834,0.0495455227792263,0.3449481427669525,2.0188021659851074,1.4607536792755127
2016-12-11 12:00:00,0.0,0.6896222,0.8259204030036926,0.07152910530567169,0.886931300163269,0.1487416923046112,0.6276060938835144
2016-12-11 13:00:00,0.0,0.77125555,0.7374036312103271,0.003938036505132914,1.367559790611267,0.1428144872188568,1.2224369049072266
2016-12-11 14:00:00,0.0,0.6311105,0.47055864334106445,0.08613036572933197,1.4507428407669067,0.20383231341838837,1.0440465211868286
2016-12-11 15:00:00,0.0,1.246862,1.4064685106277466,0.009695680812001228,2.2698371410369873,0.18683746457099915,0.6633508205413818
2016-12-11 16:00:00,0.0,3.22389,5.044399738311768,0.36411285400390625,1.5950692892074585,0.09732997417449951,1.3376920223236084
2016-12-11 17:00:00,0.0,0.4488301,0.4548322260379791,0.0046192253939807415,0.5359731912612915,0.3394015431404114,0.5628689527511597
2016-12-11 18:00:00,0.0,0.56509167,0.5138624906539917,0.6345482468605042,0.5947052240371704,0.3971880376338959,1.097110390663147
2016-12-11 19:00:00,0.0,2.377241,3.300870180130005,2.161038398742676,1.8574035167694092,0.6765809059143066,0.7753889560699463
2016-12-11 20:00:00,0.0,0.746632,0.732201874256134,0.023437021300196648,0.40397220849990845,0.39012840390205383,2.2375478744506836
2016-12-11 21:00:00,0.0,0.30267,0.24857138097286224,0.21840186417102814,0.631804883480072,0.22286809980869293,0.21199622750282288
2016-12-11 22:00:00,0.0,0.57217944,0.6160496473312378,0.23427657783031464,0.6641020178794861,0.40487241744995117,0.5253565311431885
2016-12-11 23:00:00,0.0,0.63793486,0.6081807017326355,2.7809078693389893,0.5188243985176086,0.3407557010650635,1.0092231035232544
2016-11-13 00:00:00,0.0,0.48826325,0.3856290876865387,1.6301822662353516,0.6708763837814331,0.24475254118442535,0.9251596927642822
2016-11-13 01:00:00,0.0,0.29750153,0.3471321761608124,0.14385414123535156,0.3746623992919922,0.11062153428792953,0.23013827204704285
2016-11-13 02:00:00,0.0,0.30541232,0.28667059540748596,0.03670570254325867,0.42366185784339905,0.32444605231285095,0.24479356408119202
2016-11-13 03:00:00,0.0,1.3893396,0.8583958148956299,1.4893531799316406,0.5514837503433228,4.405757427215576,0.7375155091285706
2016-11-13 04:00:00,0.0,0.5460886,0.6770679354667664,1.2852697372436523,0.4833962321281433,0.09515129029750824,0.4742690324783325
2016-11-13 05:00:00,0.0,0.7643699,0.7578694820404053,0.01155630499124527,0.3307819664478302,1.6326688528060913,0.2308315634727478
2016-11-13 06:00:00,0.0,1.3405854,1.9429234266281128,4.758176326751709,0.4608463644981384,0.25533732771873474,0.3108867108821869
2016-11-13 07:00:00,0.0,0.32188344,0.4672667682170868,0.010435386560857296,0.1636732667684555,0.09503330290317535,0.2013007253408432
2016-11-13 08:00:00,0.0,2.4372945,3.121877670288086,2.148401975631714,0.03313572332262993,2.878865957260132,1.8365468978881836
2016-11-13 09:00:00,0.0,1.17406,1.185987949371338,2.5788652896881104,0.661183774471283,0.8437127470970154,2.226933717727661
2016-11-13 10:00:00,0.0,0.41770583,0.5375625491142273,0.4189608693122864,0.37043696641921997,0.24436338245868683,0.08432141691446304
2016-11-13 11:00:00,0.0,0.57297474,0.421224981546402,1.6191824674606323,1.6208574771881104,0.07088004052639008,0.2667925953865051
2016-11-13 12:00:00,0.0,0.9490531,0.6238462924957275,1.6226255893707275,1.0022269487380981,1.29181706905365,2.0390095710754395
2016-11-13 13:00:00,0.0,0.24994132,0.08105309307575226,2.4820749759674072,0.21300816535949707,0.5113329887390137,0.3124350309371948
2016-11-13 14:00:00,0.0,0.72234595,0.8032803535461426,2.694425582885742,0.38146427273750305,0.4067417085170746,0.8925701379776001
2016-11-13 15:00:00,0.0,0.52818865,0.31691065430641174,3.456739664077759,0.45070385932922363,0.708990752696991,0.8829139471054077
2016-11-13 16:00:00,0.0,0.42292923,0.1279199868440628,1.7386195659637451,0.9163087010383606,0.8564234375953674,0.24203355610370636
2016-11-13 17:00:00,0.0,0.78213245,0.1449163407087326,3.8421478271484375,2.942929983139038,0.6436017155647278,0.3014577627182007
2016-11-13 18:00:00,0.0,0.75206196,0.5873450636863708,1.9807369709014893,1.5562970638275146,0.5940505862236023,0.3023035228252411
2016-11-13 19:00:00,0.0,0.724772,0.3834516704082489,4.758171081542969,1.0247752666473389,1.1340991258621216,0.523016095161438
2016-11-13 20:00:00,0.0,70.12093,125.35232543945312,0.008525020442903042,0.5112862586975098,0.3622213304042816,0.1554109752178192
2016-11-13 21:00:00,0.0,20.659836,32.90776824951172,2.5212173461914062,5.511673927307129,1.0969544649124146,12.451238632202148
2016-11-13 22:00:00,0.0,5.9792304,9.493345260620117,0.021290766075253487,3.372112274169922,0.2194061279296875,1.0261712074279785
2016-11-13 23:00:00,0.0,0.97023135,1.0552891492843628,0.9001730680465698,1.5632966756820679,0.3806476593017578,0.47130677103996277
2016-11-14 00:00:00,0.0,0.8393228,0.7289828658103943,0.03501318022608757,0.8299282789230347,1.4403795003890991,0.6670308113098145
2016-11-14 01:00:00,0.0,0.66361,0.5660662651062012,0.6379483342170715,1.221011757850647,0.6240440607070923,0.3490752577781677
2016-11-14 02:00:00,0.0,1.191251,0.8234772682189941,5.503742694854736,2.8047986030578613,0.5743708610534668,0.5756031274795532
2016-11-14 03:00:00,0.0,4.692841,2.279606580734253,0.4393492341041565,12.069247245788574,8.225371360778809,1.144985556602478
2016-11-14 04:00:00,0.0,0.6873494,0.5180268287658691,0.5961171984672546,1.1510082483291626,0.6864761710166931,0.9162179827690125
2016-11-14 05:00:00,0.0,0.8030599,0.3809456527233124,2.4015052318573,0.6299929022789001,1.6905637979507446,1.6858690977096558
2016-11-14 06:00:00,0.0,1.6773202,1.7377077341079712,0.0032033517491072416,1.4499467611312866,2.4009461402893066,0.8650811910629272
2016-11-14 07:00:00,0.0,1.8253433,2.322370767593384,0.2934964597225189,1.0714625120162964,0.2950746715068817,3.223402500152588
2016-11-14 08:00:00,0.0,0.5919696,0.5883751511573792,0.2123444378376007,0.801277756690979,0.1578063815832138,1.1019387245178223
2016-11-14 09:00:00,0.0,0.4832328,0.6555846333503723,0.1785392165184021,0.11463174968957901,0.3472585678100586,0.40830111503601074
2016-11-14 10:00:00,0.0,0.44819313,0.5487445592880249,0.021709851920604706,0.6056966185569763,0.06964411586523056,0.338334858417511
2016-11-14 11:00:00,0.0,0.84723264,0.4462537467479706,0.18467144668102264,3.3373892307281494,0.26630517840385437,0.07759468257427216
2016-11-14 12:00:00,0.0,0.47019005,0.42555275559425354,0.13315299153327942,0.38986843824386597,0.5386826992034912,0.8429736495018005
2016-11-14 13:00:00,0.0,0.9306583,0.9324701428413391,0.8722776770591736,0.6168853640556335,1.5053074359893799,0.47784802317619324
2016-11-14 14:00:00,0.0,1.1211314,0.4880109131336212,1.4950228929519653,0.8720889687538147,3.9041121006011963,0.39198899269104004
2016-11-14 15:00:00,0.0,0.7020776,0.690753161907196,4.516537666320801,1.0440523624420166,0.1357046514749527,0.20910653471946716
2016-11-14 16:00:00,0.0,1.5212013,1.8084620237350464,1.4572116136550903,2.33585524559021,0.4579092562198639,0.24874907732009888
2016-11-14 17:00:00,0.0,2.6611042,3.757472276687622,0.030130041763186455,1.5695688724517822,0.22142194211483002,2.920269727706909
2016-11-14 18:00:00,0.0,1.815223,2.7170326709747314,0.02140207216143608,0.84446781873703,0.3303019404411316,1.1502530574798584
2016-11-14 19:00:00,0.0,0.26259077,0.3437601327896118,0.09650665521621704,0.07297790795564651,0.29183292388916016,0.09774426370859146
2016-11-14 20:00:00,0.0,0.36261153,0.19821906089782715,0.19346468150615692,0.37885409593582153,0.9266050457954407,0.3758396506309509
2016-11-14 21:00:00,0.0,0.30174452,0.17579852044582367,0.002932703122496605,0.51713627576828,0.5334821939468384,0.3496469557285309
2016-11-14 22:00:00,0.0,0.480206,0.4559629261493683,0.8677430152893066,0.4882083237171173,0.5095781087875366,0.4633757174015045
2016-11-14 23:00:00,0.0,0.39529637,0.22323431074619293,2.761115789413452,0.3675711154937744,0.8391095399856567,0.10805990546941757
2016-11-15 00:00:00,0.0,1.6511667,1.9155634641647339,2.695230007171631,0.15529005229473114,1.0331084728240967,3.503159523010254
2016-11-15 01:00:00,0.0,3.330514,4.01305627822876,0.9314758777618408,1.8852397203445435,4.460151195526123,0.38737690448760986
2016-11-15 02:00:00,0.0,0.57325256,0.2287997156381607,0.0003414431121200323,0.7942949533462524,1.8866499662399292,0.09792781621217728
2016-11-15 03:00:00,0.0,0.6296885,0.3568989336490631,0.23020604252815247,2.1716814041137695,0.3822086453437805,0.10089877247810364
2016-11-15 04:00:00,0.0,0.47342625,0.563110888004303,1.344306230545044,0.25488927960395813,0.10749941319227219,0.7404098510742188
2016-11-15 05:00:00,0.0,1.230289,0.7665756344795227,0.141001895070076,0.5016881823539734,4.026389122009277,0.6667659282684326
2016-11-15 06:00:00,0.0,0.4015262,0.4703066349029541,0.04546856880187988,0.3391597867012024,0.38737016916275024,0.21177281439304352
2016-11-15 07:00:00,0.0,1.7263991,1.1681559085845947,0.091433085501194,0.5289128422737122,5.625122547149658,0.7574345469474792
2016-11-15 08:00:00,0.0,0.734341,0.4582812786102295,1.619616150856018,0.9184402823448181,0.8063749670982361,1.721147894859314
2016-11-15 09:00:00,0.0,1.081362,1.2174752950668335,1.6314200162887573,0.4169604480266571,0.7993482947349548,1.7833925485610962
2016-11-15 10:00:00,0.0,0.690818,0.5358625650405884,0.430403470993042,1.3253952264785767,0.7240857481956482,0.5169258117675781
2016-11-15 11:00:00,0.0,0.6902458,0.5754285454750061,2.198992967605591,1.2878577709197998,0.13926243782043457,0.9203622341156006
2016-11-15 12:00:00,0.0,1.2321271,1.2449623346328735,2.1301815509796143,1.3863563537597656,0.3838120102882385,2.1452527046203613
2016-11-15 13:00:00,0.0,2.6806686,3.4086687564849854,1.678123950958252,1.6836144924163818,1.3195260763168335,2.6901469230651855
2016-11-15 14:00:00,0.0,1.8869551,0.9731739163398743,1.7827951908111572,0.444741815328598,7.381937503814697,0.3033360242843628
2016-11-15 15:00:00,0.0,2.508331,1.5189636945724487,1.3528143167495728,3.602041482925415,3.9228625297546387,4.343992710113525
2016-11-15 16:00:00,0.0,0.7356087,0.693343460559845,0.1006321981549263,1.5253225564956665,0.14709089696407318,0.7958510518074036
2016-11-15 17:00:00,0.0,0.69791067,0.7954187393188477,1.3849403858184814,0.8896284699440002,0.17202146351337433,0.52590411901474
2016-11-15 18:00:00,0.0,0.93247366,1.1972516775131226,1.34290611743927,0.21269190311431885,0.3878724277019501,1.4538666009902954
2016-11-15 19:00:00,0.0,2.75782,4.468478202819824,3.1582000255584717,0.41855907440185547,0.5825389623641968,0.2942255735397339
2016-11-15 20:00:00,0.0,2.6076531,3.3027241230010986,1.314918875694275,1.3094462156295776,2.906827926635742,0.5087169408798218
2016-11-15 21:00:00,0.0,1.7875519,1.5723098516464233,4.587770462036133,1.3449901342391968,2.7790729999542236,1.4182710647583008
2016-11-15 22:00:00,0.0,2.6301186,2.9759676456451416,2.454164505004883,3.80302095413208,1.3037481307983398,0.8675804734230042
2016-11-15 23:00:00,0.0,1.3477414,1.0763071775436401,5.070607662200928,1.6896941661834717,1.6251944303512573,0.9616698622703552
2016-11-16 00:00:00,0.0,0.74537367,0.6805696487426758,1.3142019510269165,0.9655372500419617,0.8632858991622925,0.4003571569919586
2016-11-16 01:00:00,0.0,2.299102,2.18615984916687,1.4840296506881714,1.1706163883209229,4.853301048278809,0.6855236291885376
2016-11-16 02:00:00,0.0,1.4289056,1.4308799505233765,1.652265191078186,0.9188219904899597,1.9549334049224854,1.3333168029785156
2016-11-16 03:00:00,0.0,1.1561463,0.790412962436676,0.035909220576286316,2.275709867477417,1.30396568775177,1.412684679031372
2016-11-16 04:00:00,0.0,1.5849758,1.5431336164474487,0.16892294585704803,1.8556393384933472,1.5757646560668945,1.7325016260147095
2016-11-16 05:00:00,0.0,2.0697188,0.9189083576202393,3.007249355316162,0.659068763256073,7.808257102966309,1.1663964986801147
2016-11-16 06:00:00,0.0,1.461545,2.0413949489593506,4.001075744628906,0.43544691801071167,0.63951176404953,0.5817907452583313
2016-11-16 07:00:00,0.0,1.0650829,1.1233330965042114,1.399628758430481,1.3665324449539185,0.3633832633495331,1.3323842287063599
2016-11-16 08:00:00,0.0,0.5676521,0.43602970242500305,0.42077314853668213,0.8769510984420776,0.5477365851402283,0.8876850605010986
2016-11-16 09:00:00,0.0,1.3016374,0.6816012859344482,0.12508970499038696,1.2061797380447388,3.1288774013519287,2.2853739261627197
2016-11-16 10:00:00,0.0,1.1860579,0.5371119976043701,0.42907071113586426,2.449190616607666,2.4188144207000732,0.9011725187301636
2016-11-16 11:00:00,0.0,0.80052245,0.6963455677032471,0.01901552826166153,1.667162537574768,0.43139055371284485,0.7503220438957214
2016-11-16 12:00:00,0.0,3.7555637,5.598982334136963,0.08170986920595169,1.5412390232086182,1.517566442489624,1.405072808265686
2016-11-16 13:00:00,0.0,0.84037656,0.6539798378944397,1.9586578607559204,0.8132919073104858,1.4317973852157593,0.6915971636772156
2016-11-16 14:00:00,0.0,1.2385747,0.3485995829105377,0.2793979048728943,0.8251333236694336,4.975617408752441,1.0019172430038452
2016-11-16 15:00:00,0.0,0.86510885,0.777613639831543,1.2897454500198364,1.2085559368133545,0.8977817893028259,0.6257098317146301
2016-11-16 16:00:00,0.0,0.7419821,0.43031105399131775,0.2873428761959076,0.9175153374671936,1.7646007537841797,0.628902018070221
2016-11-16 17:00:00,0.0,0.9062825,0.5799443125724792,0.07436971366405487,1.236120581626892,1.8092193603515625,0.9149324893951416
2016-11-16 18:00:00,0.0,0.4150447,0.47001031041145325,0.10802215337753296,0.20442669093608856,0.34864315390586853,0.6467911601066589
2016-11-16 19:00:00,0.0,1.0172482,1.1684937477111816,1.4868803024291992,0.09999953210353851,0.2674834728240967,2.9096386432647705
2016-11-16 20:00:00,0.0,0.7515837,0.9296314716339111,2.364739179611206,0.27428188920021057,0.4476257860660553,0.6472132802009583
2016-11-16 21:00:00,0.0,1.9068029,2.4899632930755615,7.529138565063477,1.7413091659545898,0.21076886355876923,0.25992804765701294
2016-11-16 22:00:00,0.0,1.0817919,0.8712545037269592,2.0246965885162354,2.1070010662078857,1.0089008808135986,0.44273248314857483
2016-11-16 23:00:00,0.0,0.96564627,0.8930163979530334,1.0012539625167847,1.195080041885376,1.4687072038650513,0.11065799742937088
2016-11-17 00:00:00,0.0,0.48835802,0.5345261096954346,1.9479713439941406,0.5595065951347351,0.16196925938129425,0.2931166887283325
2016-11-17 01:00:00,0.0,0.7395612,0.6990554332733154,3.5048165321350098,0.5412806868553162,0.7755069732666016,0.5753685235977173
2016-11-17 02:00:00,0.0,1.8039424,1.3380109071731567,0.30467382073402405,1.9725476503372192,2.666942596435547,3.169039249420166
2016-11-17 03:00:00,0.0,0.47873262,0.4936543405056,0.0666949450969696,0.4754573404788971,0.5063233375549316,0.44965970516204834
2016-11-17 04:00:00,0.0,1.2741919,1.0750137567520142,3.4421463012695312,0.5470690727233887,2.6262753009796143,0.8335891366004944
2016-11-17 05:00:00,0.0,0.4606773,0.45709869265556335,0.020313015207648277,0.33627849817276,0.30592605471611023,1.0807530879974365
2016-11-17 06:00:00,0.0,0.8157283,1.07893967628479,0.8911643028259277,0.0863785520195961,0.4833528995513916,1.0756193399429321
2016-11-17 07:00:00,0.0,0.84294134,0.8457757830619812,0.20751497149467468,0.3236209750175476,1.4209070205688477,0.8821616172790527
2016-11-17 08:00:00,0.0,0.7191241,0.5034028887748718,0.7818543910980225,0.6956015825271606,0.6676791310310364,2.1289608478546143
2016-11-17 09:00:00,0.0,0.8090704,0.3938518762588501,5.450699329376221,1.4129559993743896,0.4350796043872833,1.7376577854156494
2016-11-17 10:00:00,0.0,0.8953839,0.8413099646568298,0.39754191040992737,1.5185649394989014,0.6734605431556702,0.6420876383781433
2016-11-17 11:00:00,0.0,0.6689015,0.6834743618965149,2.3740997314453125,0.5384678244590759,0.6098027229309082,0.4868468940258026
2016-11-17 12:00:00,0.0,0.67837256,0.83709716796875,2.3239855766296387,0.756058394908905,0.17980192601680756,0.051170386373996735
2016-11-17 13:00:00,0.0,2.341807,3.817453145980835,3.723554849624634,0.25433671474456787,0.33592700958251953,0.30585479736328125
2016-11-17 14:00:00,0.0,1.7149585,1.7574809789657593,1.4747469425201416,1.23224937915802,0.987214207649231,3.6381735801696777
2016-11-17 15:00:00,0.0,1.0046932,0.6904256343841553,0.558173418045044,1.5716725587844849,1.6225556135177612,0.9284534454345703
2016-11-17 16:00:00,0.0,0.5081994,0.4231807291507721,0.03730233758687973,0.43822965025901794,0.917307436466217,0.5425423383712769
2016-11-17 17:00:00,0.0,0.30926588,0.4057820737361908,0.17040027678012848,0.20655615627765656,0.11309509724378586,0.2879261076450348
2016-11-17 18:00:00,0.0,0.4557746,0.4619036018848419,0.14979636669158936,0.48845306038856506,0.35016486048698425,0.6231245994567871
2016-11-17 19:00:00,0.0,0.29268527,0.3455866873264313,1.3235138654708862,0.168565034866333,0.11725164204835892,0.24178850650787354
2016-11-17 20:00:00,0.0,0.31697416,0.28966644406318665,1.8787355422973633,0.26797378063201904,0.31015124917030334,0.18807090818881989
2016-11-17 21:00:00,0.0,1.3697331,0.45205220580101013,3.37370228767395,6.088635444641113,0.06946916878223419,0.3922087848186493
2016-11-17 22:00:00,0.0,1.0395974,0.7809123396873474,5.545569896697998,1.31681227684021,0.678022027015686,1.6128451824188232
2016-11-17 23:00:00,0.0,0.34874868,0.272512823343277,5.31478214263916,0.2066502869129181,0.172284334897995,0.12214010208845139
2016-11-18 00:00:00,0.0,1.6099359,2.6008243560791016,0.6243659853935242,0.6341071724891663,0.16918668150901794,0.14000806212425232
2016-11-18 01:00:00,0.0,1.1419414,1.2887402772903442,0.44121330976486206,0.3574850857257843,0.4178648591041565,3.0762624740600586
2016-11-18 02:00:00,0.0,0.61528116,0.22807838022708893,1.238540768623352,1.5091607570648193,1.213718295097351,0.17112895846366882
2016-11-18 03:00:00,0.0,0.34831336,0.3886703550815582,0.015094609931111336,0.11834730952978134,0.37282153964042664,0.5490272641181946
2016-11-18 04:00:00,0.0,1.2182373,0.9683935642242432,0.6430426239967346,0.49055227637290955,3.4886348247528076,0.16135121881961823
2016-11-18 05:00:00,0.0,0.99420434,1.4378547668457031,0.52293860912323,0.22497998178005219,0.5616404414176941,0.5532481670379639
2016-11-18 06:00:00,0.0,0.30932227,0.4121689796447754,0.3987545073032379,0.10992439836263657,0.20415939390659332,0.20286500453948975
2016-11-18 07:00:00,0.0,3.3475416,3.968968629837036,0.011932755820453167,0.1420544683933258,6.089771747589111,1.263586163520813
2016-11-18 08:00:00,0.0,0.4908319,0.24063609540462494,7.836771488189697,0.16725744307041168,0.4110949635505676,0.8613170981407166
2016-11-18 09:00:00,0.0,1.4402846,1.93144953250885,3.644043207168579,0.6221053004264832,0.6387706398963928,0.7768171429634094
2016-11-18 10:00:00,0.0,1.8250674,1.325760006904602,0.018592407926917076,2.670988082885742,2.924370527267456,1.8683874607086182
2016-11-18 11:00:00,0.0,0.44130108,0.2756253480911255,0.7696964144706726,0.5422951579093933,0.4806394875049591,1.1076748371124268
2016-11-18 12:00:00,0.0,1.1788425,0.6093826293945312,0.13246053457260132,1.1348475217819214,2.236419439315796,3.083428382873535
2016-11-18 13:00:00,0.0,0.7321735,0.5501843094825745,8.548653602600098,0.34767967462539673,0.5841565132141113,0.8018829822540283
2016-11-18 14:00:00,0.0,0.9828475,1.1903139352798462,2.366103410720825,0.45982933044433594,0.6875939965248108,0.8242106437683105
2016-11-18 15:00:00,0.0,1.0998282,0.5574234127998352,4.998702049255371,1.181333303451538,2.4901607036590576,0.803822934627533
2016-11-18 16:00:00,0.0,0.4970072,0.22117924690246582,3.334324598312378,0.4733850955963135,0.5583761930465698,1.3765878677368164
2016-11-18 17:00:00,0.0,0.664188,0.6206337213516235,0.31768977642059326,1.0144966840744019,0.36072948575019836,0.9301509857177734
2016-11-18 18:00:00,0.0,0.43629685,0.2947373688220978,0.14866819977760315,0.7328401803970337,0.3975539803504944,0.9064100980758667
2016-11-18 19:00:00,0.0,0.8928203,0.45036032795906067,2.0163073539733887,1.1745084524154663,1.3537317514419556,1.9671584367752075
2016-11-18 20:00:00,0.0,0.5481432,0.3011305630207062,0.08378177881240845,0.6183399558067322,0.8291748762130737,1.5316599607467651
2016-11-18 21:00:00,0.0,0.4647423,0.24645458161830902,0.07031676918268204,0.5211782455444336,0.7121154069900513,1.3414089679718018
2016-11-18 22:00:00,0.0,0.9619364,1.205234408378601,0.9259743690490723,0.7356625199317932,0.4194304943084717,0.8565027713775635
2016-11-18 23:00:00,0.0,1.9846814,1.251024603843689,0.6370417475700378,1.1463879346847534,4.992332458496094,2.9271578788757324
2016-11-19 00:00:00,0.0,0.874853,0.9742807745933533,0.37602609395980835,0.5136159062385559,0.7435842752456665,1.264878749847412
2016-11-19 01:00:00,0.0,0.51303923,0.4266405999660492,0.6590586304664612,0.10372515767812729,1.2586673498153687,0.40637722611427307
2016-11-19 02:00:00,0.0,0.40357625,0.5209736824035645,0.3472651243209839,0.3170936405658722,0.1829279214143753,0.25074857473373413
2016-11-19 03:00:00,0.0,0.6392928,0.5355463624000549,0.7375063896179199,0.13315042853355408,1.6056325435638428,0.43187251687049866
2016-11-19 04:00:00,0.0,0.6030127,0.4617142379283905,1.424498200416565,0.3724910616874695,0.8841271996498108,1.156894564628601
2016-11-19 05:00:00,0.0,0.50920004,0.4458588659763336,1.0925127267837524,0.3203403055667877,0.41375014185905457,1.2409608364105225
2016-11-19 06:00:00,0.0,0.902515,0.5967677235603333,0.6397863626480103,0.7689865827560425,1.8237621784210205,1.4241719245910645
2016-11-19 07:00:00,0.0,1.2989948,1.5636038780212402,0.7721636891365051,1.2343963384628296,0.5201818346977234,1.3190187215805054
2016-11-19 08:00:00,0.0,0.48305374,0.43328025937080383,0.00034593281452544034,0.3111552596092224,0.23174770176410675,1.6429792642593384
2016-11-19 09:00:00,0.0,1.6076674,1.920920729637146,0.4146324098110199,0.6535857319831848,0.6354268193244934,3.3974709510803223
2016-11-19 10:00:00,0.0,2.1841908,0.8516745567321777,0.2022818922996521,2.969193696975708,7.15453577041626,0.6029070615768433
2016-11-19 11:00:00,0.0,1.7305098,0.9394153952598572,1.4644181728363037,1.2835748195648193,5.070350646972656,1.4810104370117188
2016-11-19 12:00:00,0.0,0.88204706,0.6658401489257812,0.00627491157501936,0.6714559197425842,0.8277038335800171,2.8618669509887695
2016-11-19 13:00:00,0.0,0.65061074,0.42895737290382385,0.2380632609128952,0.18003973364830017,1.9262102842330933,0.6748680472373962
2016-11-19 14:00:00,0.0,0.7134596,0.7654686570167542,0.4722597002983093,1.0642870664596558,0.0732526034116745,0.9681198596954346
2016-11-19 15:00:00,0.0,0.7600951,0.6604874134063721,1.3355989456176758,1.7640239000320435,0.07079369574785233,0.6632674932479858
2016-11-19 16:00:00,0.0,1.5169072,2.0987722873687744,0.23786035180091858,1.329716444015503,0.03631582856178284,1.2640997171401978
2016-11-19 17:00:00,0.0,0.54522985,0.667242705821991,1.5260040760040283,0.2978341281414032,0.4222141206264496,0.21617934107780457
2016-11-19 18:00:00,0.0,1.6544343,1.8554534912109375,0.11428012698888779,0.2827160060405731,2.4107511043548584,1.9103119373321533
2016-11-19 19:00:00,0.0,0.4296045,0.23537711799144745,0.2493768334388733,0.18086309731006622,1.3713626861572266,0.4272465109825134
2016-11-19 20:00:00,0.0,0.3975832,0.25159168243408203,0.3209530711174011,1.0409058332443237,0.1802920550107956,0.5471342206001282
2016-11-19 21:00:00,0.0,0.7697968,0.30158767104148865,0.4058372974395752,2.9321093559265137,0.10737770050764084,1.045227289199829
2016-11-19 22:00:00,0.0,0.96936524,0.4921865463256836,0.09893430769443512,0.7152584791183472,2.2560060024261475,2.243112087249756
2016-11-19 23:00:00,0.0,0.36711478,0.21998734772205353,0.28554266691207886,0.6560846567153931,0.4190095365047455,0.6737596392631531
2016-11-20 00:00:00,0.0,0.6294241,0.508858859539032,0.5909573435783386,0.7189584374427795,0.877008855342865,0.772473931312561
2016-11-20 01:00:00,0.0,1.0524246,1.2066236734390259,0.2960984408855438,1.5390650033950806,0.2625901997089386,0.8468989133834839
2016-11-20 02:00:00,0.0,0.48379382,0.44356569647789,0.0005422661197371781,0.3539425730705261,0.754066526889801,0.6002374291419983
2016-11-20 03:00:00,0.0,0.8339791,0.5699567198753357,1.315103530883789,1.5106241703033447,0.8407866358757019,1.1017894744873047
2016-11-20 04:00:00,0.0,0.4279279,0.5000475645065308,1.6424670219421387,0.2861502468585968,0.09660457819700241,0.5195010900497437
2016-11-20 05:00:00,0.0,0.5359433,0.629440188407898,0.014245210215449333,0.2894079089164734,0.18654099106788635,1.1482776403427124
2016-11-20 06:00:00,0.0,3.791286,6.274694442749023,0.673162579536438,0.1424104869365692,0.826686680316925,1.2439483404159546
2016-11-20 07:00:00,0.0,0.84946096,1.2340037822723389,0.0007789239753037691,0.12183060497045517,0.35746651887893677,0.8887163996696472
2016-11-20 08:00:00,0.0,0.51392,0.5147132277488708,3.022660493850708,0.26457032561302185,0.4359147846698761,0.4548465609550476
2016-11-20 09:00:00,0.0,0.80727565,0.6813270449638367,0.2901940643787384,0.803253710269928,0.5854400992393494,2.0874886512756348
2016-11-20 10:00:00,0.0,1.1536846,0.8494415283203125,0.45014262199401855,0.7831727266311646,2.872983932495117,0.7946496605873108
2016-11-20 11:00:00,0.0,1.0714349,0.7869946360588074,0.2559897005558014,2.7683799266815186,0.3770814538002014,1.2274041175842285
2016-11-20 12:00:00,0.0,0.6979988,0.7823672890663147,0.012667983770370483,0.9372051358222961,0.47698861360549927,0.3312779664993286
2016-11-20 13:00:00,0.0,1.031533,0.8866083025932312,0.7388065457344055,2.0495004653930664,0.101534403860569,1.8203177452087402
2016-11-20 14:00:00,0.0,1.0863705,1.1919115781784058,0.06295690685510635,1.3565958738327026,0.71229487657547,0.8907142877578735
2016-11-20 15:00:00,0.0,1.3748116,1.6238856315612793,0.0034855902194976807,1.6977616548538208,0.32568153738975525,1.4940135478973389
2016-11-20 16:00:00,0.0,1.9522094,2.6620543003082275,0.05089028552174568,1.7028063535690308,0.18099932372570038,1.704544186592102
2016-11-20 17:00:00,0.0,1.720063,1.6596856117248535,0.6711326241493225,3.173274517059326,0.6227088570594788,1.7218096256256104
2016-11-20 18:00:00,0.0,2.12211,2.7203140258789062,0.21962592005729675,1.198918342590332,1.7954829931259155,1.1956919431686401
2016-11-20 19:00:00,0.0,0.8215054,0.6521721482276917,0.2244008183479309,0.46914005279541016,1.9027124643325806,0.7113099098205566
2016-11-20 20:00:00,0.0,0.83816296,0.7024486660957336,0.01288987509906292,0.41799917817115784,1.277068018913269,1.8259698152542114
2016-11-20 21:00:00,0.0,1.0131356,0.8753326535224915,0.4496397376060486,0.9699168801307678,1.2048135995864868,1.7210218906402588
2016-11-20 22:00:00,0.0,0.71676314,0.626755952835083,0.014386655762791634,1.112714171409607,0.6632978320121765,0.8330501317977905
2016-11-20 23:00:00,0.0,0.5965269,0.5988325476646423,1.3500841856002808,0.6079978346824646,0.3599453866481781,0.7882473468780518
2016-11-21 00:00:00,0.0,0.5030539,0.5280337333679199,0.3566090166568756,0.6130653023719788,0.3120632767677307,0.5314995646476746
2016-11-21 01:00:00,0.0,0.7141621,0.6948786377906799,0.04533844813704491,1.1629387140274048,0.21698005497455597,1.081777811050415
2016-11-21 02:00:00,0.0,1.0421575,1.0657119750976562,0.006363226566463709,1.6577330827713013,0.3004218637943268,1.3805599212646484
2016-11-21 03:00:00,0.0,2.0338168,2.6463980674743652,1.1755199432373047,0.629235565662384,2.291273832321167,0.5803695321083069
2016-11-21 04:00:00,0.0,0.5356945,0.5156667828559875,0.06517312675714493,0.4995117485523224,0.34229758381843567,1.1752551794052124
2016-11-21 05:00:00,0.0,2.3194292,2.8075857162475586,0.0276690311729908,1.5990116596221924,2.77638578414917,0.4244843125343323
2016-11-21 06:00:00,0.0,1.8077338,2.8990671634674072,0.05857183784246445,0.7630986571311951,0.24008043110370636,0.2685300409793854
2016-11-21 07:00:00,0.0,0.47299597,0.6720462441444397,1.0304429531097412,0.17770089209079742,0.230494424700737,0.08047637343406677
2016-11-21 08:00:00,0.0,1.1121403,1.326027750968933,2.0959601402282715,0.1644546091556549,1.5787813663482666,0.42469021677970886
2016-11-21 09:00:00,0.0,0.93120617,0.674274206161499,0.1050872877240181,0.1246279627084732,3.224802255630493,0.07704728096723557
2016-11-21 10:00:00,0.0,1.5993477,0.7124297022819519,0.5073865652084351,5.525970458984375,1.7456773519515991,0.0661800280213356
2016-11-21 11:00:00,0.0,0.5345806,0.5662994384765625,0.0005297479219734669,0.42153453826904297,0.8579358458518982,0.10973942279815674
2016-11-21 12:00:00,0.0,0.7791872,0.9458847045898438,4.611557233147323e-05,0.7699890732765198,0.23250338435173035,0.9465814828872681
2016-11-21 13:00:00,0.0,2.0729046,2.6810739040374756,0.10155140608549118,0.4136982858181,0.45067813992500305,4.6592302322387695
2016-11-21 14:00:00,0.0,0.8702994,1.0397191047668457,3.707170248031616,0.20570990443229675,0.7779597043991089,0.4691890776157379
2016-11-21 15:00:00,0.0,0.59774446,0.30171987414360046,0.7039860486984253,1.7897197008132935,0.43030494451522827,0.5543941259384155
2016-11-21 16:00:00,0.0,0.42784545,0.2816489040851593,0.08520461618900299,1.1781495809555054,0.33539173007011414,0.23944583535194397
2016-11-21 17:00:00,0.0,0.379496,0.39998874068260193,1.0466797351837158,0.21254947781562805,0.265604704618454,0.5812097787857056
2016-11-21 18:00:00,0.0,0.3650298,0.3106324374675751,0.05670156329870224,0.5748277306556702,0.3522532284259796,0.4237086772918701
2016-11-21 19:00:00,0.0,0.47834393,0.3011431396007538,2.3440308570861816,0.6271699070930481,0.6418635249137878,0.5285223126411438
2016-11-21 20:00:00,0.0,0.54556525,0.4179786443710327,0.34631118178367615,0.19705484807491302,1.2453937530517578,0.7460922002792358
2016-11-21 21:00:00,0.0,2.3990405,0.9843204021453857,1.1425621509552002,2.7502286434173584,7.334039211273193,1.9506531953811646
2016-11-21 22:00:00,0.0,0.679131,0.5378052592277527,5.466611385345459,0.7276605367660522,0.5570575594902039,0.45891642570495605
2016-11-21 23:00:00,0.0,2.7797272,4.246603012084961,1.7823654413223267,0.41624051332473755,0.37223008275032043,2.577031135559082
2016-11-22 00:00:00,0.0,0.97165245,0.6898892521858215,0.43902650475502014,0.8961094617843628,1.529067873954773,1.952111005783081
2016-11-22 01:00:00,0.0,0.49923015,0.43180838227272034,0.19365479052066803,0.3227063715457916,1.1312066316604614,0.18311241269111633
2016-11-22 02:00:00,0.0,0.73626703,0.8107894062995911,0.16762015223503113,0.67317134141922,0.2853655517101288,1.3307898044586182
2016-11-22 03:00:00,0.0,0.4402135,0.4492442309856415,0.0932677611708641,0.28769415616989136,0.4269533157348633,0.7628798484802246
2016-11-22 04:00:00,0.0,0.5791624,0.5140710473060608,2.070747137069702,0.2245674431324005,0.777259886264801,0.8706852197647095
2016-11-22 05:00:00,0.0,1.6404859,2.3206326961517334,0.12818938493728638,0.6106873750686646,0.5021576285362244,1.7319025993347168
2016-11-22 06:00:00,0.0,4.107408,4.421340465545654,0.2583032250404358,0.23389820754528046,7.4645094871521,4.0898003578186035
2016-11-22 07:00:00,0.0,0.91638327,1.2917317152023315,0.7186026573181152,0.12952874600887299,0.32471781969070435,1.1261471509933472
2016-11-22 08:00:00,0.0,1.4981886,2.4612843990325928,1.6591943502426147,0.19513320922851562,0.07695897668600082,0.44686228036880493
2016-11-22 09:00:00,0.0,0.75352424,0.7080554366111755,4.796862602233887,0.6134808659553528,0.48355773091316223,0.733019232749939
2016-11-22 10:00:00,0.0,1.0911427,1.3556914329528809,0.013244884088635445,1.5180965662002563,0.20847061276435852,0.5708327889442444
2016-11-22 11:00:00,0.0,0.718635,0.29074999690055847,0.24431002140045166,3.084287405014038,0.09675402194261551,0.3529272675514221
2016-11-22 12:00:00,0.0,1.2934141,0.6107811331748962,9.932626562658697e-05,1.8933027982711792,3.680079936981201,0.4860714375972748
2016-11-22 13:00:00,0.0,0.6319196,0.5509341359138489,3.267282247543335,0.9227238297462463,0.2324064075946808,0.6492326855659485
2016-11-22 14:00:00,0.0,2.7443776,2.0613996982574463,5.404778480529785,0.9578580260276794,7.6701579093933105,0.6834395527839661
2016-11-22 15:00:00,0.0,0.36042002,0.3221684694290161,3.022047519683838,0.4396270215511322,0.18566180765628815,0.0917368084192276
2016-11-22 16:00:00,0.0,1.1633763,0.40688619017601013,0.7244560718536377,5.003568172454834,0.2232079803943634,0.737007200717926
2016-11-22 17:00:00,0.0,1.7941735,2.143933057785034,2.8573079109191895,1.8276642560958862,0.469821035861969,1.688843011856079
2016-11-22 18:00:00,0.0,0.35140547,0.21694320440292358,0.5260857343673706,0.6329184770584106,0.22887834906578064,0.8362835645675659
2016-11-22 19:00:00,0.0,0.21412517,0.10310984402894974,0.004537656903266907,0.31265830993652344,0.39723333716392517,0.4397414028644562
2016-11-22 20:00:00,0.0,0.156867,0.10101714730262756,0.03516611084342003,0.29394927620887756,0.2717748284339905,0.08140867948532104
2016-11-22 21:00:00,0.0,0.6670374,0.6965384483337402,0.5769996643066406,0.28682631254196167,0.48500949144363403,1.4964590072631836
2016-11-22 22:00:00,0.0,0.9620879,0.42947423458099365,0.01447861734777689,1.971779465675354,1.3331609964370728,1.978335976600647
2016-11-22 23:00:00,0.0,0.5126954,0.3724733293056488,0.007414167281240225,0.26772159337997437,0.8498955965042114,1.3189513683319092
2016-11-23 00:00:00,0.0,0.73413473,0.7845082879066467,0.4463089108467102,0.17924751341342926,0.8139775991439819,1.3351777791976929
2016-11-23 01:00:00,0.0,0.71068597,0.7601688504219055,0.6210944056510925,0.7276394963264465,0.2926003038883209,1.138167381286621
2016-11-23 02:00:00,0.0,0.7266251,0.7101464867591858,1.3780138492584229,0.25882992148399353,1.1679824590682983,0.7089160084724426
2016-11-23 03:00:00,0.0,1.2218349,0.5885257124900818,0.41585686802864075,4.659153938293457,0.20322762429714203,0.9904390573501587
2016-11-23 04:00:00,0.0,0.93705845,1.1362762451171875,3.0924277305603027,0.6744441986083984,0.08772891014814377,1.148812174797058
2016-11-23 05:00:00,0.0,0.5465731,0.32434073090553284,0.4172552525997162,0.4462595283985138,1.0693159103393555,1.1730459928512573
2016-11-23 06:00:00,0.0,0.46824753,0.41008737683296204,0.012720443308353424,0.3669312298297882,0.7280760407447815,0.6536945700645447
2016-11-23 07:00:00,0.0,1.7589561,0.702347457408905,0.025323914363980293,0.2760598957538605,7.334323406219482,1.3701903820037842
2016-11-23 08:00:00,0.0,0.48852918,0.37563836574554443,0.5411227345466614,0.14597217738628387,0.9610938429832458,0.9252116680145264
2016-11-23 09:00:00,0.0,2.0435185,2.4710025787353516,0.1736026257276535,0.6356571912765503,0.8252342343330383,4.541849136352539
2016-11-23 10:00:00,0.0,0.70993954,0.6676453948020935,1.4356269836425781,0.734440267086029,0.5827773213386536,0.9619408249855042
2016-11-23 11:00:00,0.0,1.0917549,0.5826309323310852,0.1982642561197281,4.363809585571289,0.029340671375393867,0.5030012726783752
2016-11-23 12:00:00,0.0,0.4272033,0.5154792666435242,0.7690163254737854,0.2905178368091583,0.3137786388397217,0.2497870773077011
2016-11-23 13:00:00,0.0,0.46652675,0.4568118155002594,3.422978639602661,0.35938066244125366,0.14866389334201813,0.5294686555862427
2016-11-23 14:00:00,0.0,0.600389,0.6816738247871399,3.601515054702759,0.4133056104183197,0.34243273735046387,0.14121729135513306
2016-11-23 15:00:00,0.0,1.8570051,2.3725790977478027,3.0443544387817383,2.406273365020752,0.11650928109884262,0.5513722896575928
2016-11-23 16:00:00,0.0,0.9134839,0.8115372657775879,1.1395913362503052,1.6796131134033203,0.37369784712791443,1.0725376605987549
2016-11-23 17:00:00,0.0,0.59981513,0.36311861872673035,3.9038734436035156,0.32677602767944336,1.1620155572891235,0.6879483461380005
2016-11-23 18:00:00,0.0,1.0966659,1.3698086738586426,0.0023681502789258957,0.4859539866447449,0.9408546090126038,1.072797179222107
2016-11-23 19:00:00,0.0,1.065811,1.228728175163269,7.579702554494361e-08,0.565100908279419,0.5595918893814087,2.116887092590332
2016-11-23 20:00:00,0.0,0.4065645,0.2914719879627228,0.13038136065006256,0.48438116908073425,0.2035869061946869,1.3851970434188843
2016-11-23 21:00:00,0.0,0.56671184,0.2609153389930725,0.2243332713842392,0.7941471338272095,1.169541358947754,1.0341217517852783
2016-11-23 22:00:00,0.0,0.46793023,0.3711267411708832,0.5217669010162354,0.39226922392845154,0.9192819595336914,0.37783282995224
2016-11-23 23:00:00,0.0,0.38149068,0.38946911692619324,7.426637603202835e-05,0.6862323880195618,0.13435406982898712,0.3281654119491577
2016-11-24 00:00:00,0.0,0.5606104,0.42916926741600037,0.036984317004680634,0.874263346195221,0.4730881154537201,1.084434986114502
2016-11-24 01:00:00,0.0,2.1047704,2.9173786640167236,0.39578598737716675,1.087615728378296,1.0010217428207397,1.3679478168487549
2016-11-24 02:00:00,0.0,0.9294521,1.0406147241592407,0.9482081532478333,0.09031925350427628,1.082343339920044,1.4587101936340332
2016-11-24 03:00:00,0.0,0.59046614,0.49273452162742615,4.026349415653385e-06,1.1287356615066528,0.3802550435066223,0.7503687143325806
2016-11-24 04:00:00,0.0,1.0298164,1.3208627700805664,2.4426071643829346,0.7608655095100403,0.42275452613830566,0.4633627235889435
2016-11-24 05:00:00,0.0,0.39102963,0.40860533714294434,0.1267634630203247,0.2604523003101349,0.5448259711265564,0.31100887060165405
2016-11-24 06:00:00,0.0,0.52648354,0.5517216920852661,0.1960425227880478,0.2766365706920624,0.80805504322052,0.4021471440792084
2016-11-24 07:00:00,0.0,0.7212622,1.0201561450958252,0.02178044430911541,0.15171094238758087,0.16061946749687195,1.0806087255477905
2016-11-24 08:00:00,0.0,0.51174533,0.43887653946876526,0.7451733946800232,0.42918840050697327,0.6747152209281921,0.7498781681060791
2016-11-24 09:00:00,0.0,0.49087885,0.41393032670021057,3.946171760559082,0.2688412368297577,0.36926624178886414,0.6901346445083618
2016-11-24 10:00:00,0.0,1.029998,0.5807812213897705,1.143200397491455,3.4517860412597656,0.1506059318780899,0.9978047609329224
2016-11-24 11:00:00,0.0,4.232429,4.790892124176025,0.003157654544338584,4.081819534301758,2.3464019298553467,5.503087997436523
2016-11-24 12:00:00,0.0,0.74630934,0.5502695441246033,0.9934288859367371,1.024156928062439,1.2931016683578491,0.4176483750343323
2016-11-24 13:00:00,0.0,2.1414132,1.4997304677963257,0.14532114565372467,0.9365015625953674,5.827151298522949,2.149088144302368
2016-11-24 14:00:00,0.0,1.7516758,1.396428108215332,1.5567641258239746,1.716977834701538,1.8828035593032837,3.7631382942199707
2016-11-24 15:00:00,0.0,1.035016,1.1816761493682861,1.3217029571533203,0.6149898767471313,0.8421739339828491,1.1559016704559326
2016-11-24 16:00:00,0.0,0.5948356,0.8160912394523621,0.8741465210914612,0.3371397852897644,0.2936677634716034,0.17548547685146332
2016-11-24 17:00:00,0.0,1.4644691,2.28440260887146,1.454563856124878,0.7299877405166626,0.14560233056545258,0.1407022327184677
2016-11-24 18:00:00,0.0,0.457721,0.47798049449920654,0.9454413652420044,0.0686967745423317,0.46209716796875,0.8873684406280518
2016-11-24 19:00:00,0.0,4.1154695,7.155222415924072,0.12293054908514023,0.11270981281995773,0.4271576702594757,0.3344651758670807
2016-11-24 20:00:00,0.0,2.0253227,2.049431085586548,0.02429353818297386,0.6106769442558289,4.283778190612793,0.9042626023292542
2016-11-24 21:00:00,0.0,0.8405192,0.6968111395835876,1.644055962562561,0.7672597169876099,1.4912842512130737,0.4912489950656891
2016-11-24 22:00:00,0.0,0.9115241,0.9752812385559082,1.250751256942749,0.788232684135437,0.5833168029785156,1.2342976331710815
2016-11-24 23:00:00,0.0,1.4894613,1.5510603189468384,3.1052536964416504,0.36261171102523804,2.7769436836242676,0.43481120467185974
2016-11-25 00:00:00,0.0,0.4161388,0.2344335913658142,4.571781635284424,0.0975954532623291,0.7396263480186462,0.458807110786438
2016-11-25 01:00:00,0.0,1.7680402,1.5597044229507446,8.506869316101074,0.7370511293411255,3.0441677570343018,0.9043552279472351
2016-11-25 02:00:00,0.0,0.9619601,0.6183204054832458,9.55002212524414,0.45464247465133667,1.4707165956497192,0.8742653727531433
2016-11-25 03:00:00,0.0,0.88274056,0.6083148121833801,0.6409933567047119,1.8112163543701172,0.9335646033287048,0.8759565353393555
2016-11-25 04:00:00,0.0,0.39261243,0.2656920850276947,0.04474441334605217,0.49754923582077026,0.8571177124977112,0.24457737803459167
2016-11-25 05:00:00,0.0,2.5426793,2.325082540512085,1.6712632179260254,0.7105291485786438,6.455080986022949,0.42567533254623413
2016-11-25 06:00:00,0.0,1.2721608,0.9948295950889587,0.9179546236991882,1.4270179271697998,1.1646347045898438,2.9418702125549316
2016-11-25 07:00:00,0.0,1.7511767,1.154981255531311,0.09419403225183487,2.292026996612549,2.984657049179077,2.6375184059143066
2016-11-25 08:00:00,0.0,1.9695591,1.1850734949111938,0.3143754005432129,2.853435516357422,2.554075002670288,4.520581245422363
2016-11-25 09:00:00,0.0,0.8556924,0.5493715405464172,2.180469036102295,0.9496923089027405,0.9767192602157593,1.9861247539520264
2016-11-25 10:00:00,0.0,2.0518975,1.504610538482666,0.05032205954194069,3.5324981212615967,1.927300214767456,3.4630064964294434
2016-11-25 11:00:00,0.0,2.9347885,4.100088596343994,0.0019026208901777864,1.4611347913742065,0.994289755821228,2.650977849960327
2016-11-25 12:00:00,0.0,0.6207628,0.6120098233222961,0.7304391860961914,0.7346816062927246,0.6394259333610535,0.4138438105583191
2016-11-25 13:00:00,0.0,0.41455415,0.39341917634010315,0.15153424441814423,0.5164826512336731,0.44373366236686707,0.37768039107322693
2016-11-25 14:00:00,0.0,0.38924125,0.4265829622745514,2.4020750522613525,0.3604988753795624,0.1360776573419571,0.15531766414642334
2016-11-25 15:00:00,0.0,0.65675354,0.4900372326374054,1.5543913841247559,1.027634859085083,0.566575825214386,0.9414107799530029
2016-11-25 16:00:00,0.0,0.9258467,0.7765589356422424,0.7365244626998901,1.1658087968826294,0.6969865560531616,1.849475622177124
2016-11-25 17:00:00,0.0,0.662494,0.7189857959747314,0.3339538276195526,0.5831298232078552,0.5059336423873901,0.8185461163520813
2016-11-25 18:00:00,0.0,1.0129656,0.8841562271118164,0.29932039976119995,0.3723716735839844,2.2648279666900635,0.8945125341415405
2016-11-25 19:00:00,0.0,2.9505844,2.1820366382598877,2.7812936305999756,1.024114727973938,8.583240509033203,1.1183687448501587
2016-11-25 20:00:00,0.0,1.4998827,1.8309612274169922,2.418208122253418,1.689487099647522,0.2068561315536499,1.2148195505142212
2016-11-25 21:00:00,0.0,2.0966403,2.021636724472046,3.580268144607544,3.237764358520508,0.9611283540725708,2.1659317016601562
2016-11-25 22:00:00,0.0,2.681716,3.06436824798584,0.06688211858272552,1.5790752172470093,2.1509692668914795,3.8979413509368896
2016-11-25 23:00:00,0.0,1.3581982,0.8872349262237549,1.8438315391540527,0.7031044363975525,3.6852641105651855,1.1366180181503296
2016-11-26 00:00:00,0.0,1.4606001,0.610807478427887,0.12987767159938812,0.5936459898948669,4.5843095779418945,2.9427144527435303
2016-11-26 01:00:00,0.0,1.3951226,1.1569269895553589,0.05621081218123436,1.0638076066970825,2.3098623752593994,2.1380319595336914
2016-11-26 02:00:00,0.0,1.1103377,0.9057772755622864,1.2824097871780396,2.708303689956665,0.25577014684677124,0.9937363862991333
2016-11-26 03:00:00,0.0,0.9937579,1.051007866859436,0.9201685190200806,1.4373483657836914,0.24615252017974854,1.2006826400756836
2016-11-26 04:00:00,0.0,0.69665766,0.5882130265235901,0.8519439697265625,0.551396906375885,1.244652509689331,0.6037193536758423
2016-11-26 05:00:00,0.0,1.1684201,1.3765558004379272,4.439146041870117,0.8342519998550415,0.052876900881528854,1.6389195919036865
2016-11-26 06:00:00,0.0,1.4722375,1.9823285341262817,0.7436263561248779,0.5672418475151062,0.7912989854812622,1.3692290782928467
2016-11-26 07:00:00,0.0,0.46467626,0.48690417408943176,0.9248540997505188,0.3842938542366028,0.5139178037643433,0.2707606852054596
2016-11-26 08:00:00,0.0,0.5563704,0.6453872323036194,2.1321499347686768,0.39636892080307007,0.23931144177913666,0.46318066120147705
2016-11-26 09:00:00,0.0,0.37386593,0.45334744453430176,0.4420933127403259,0.3237946033477783,0.1991485208272934,0.27330031991004944
2016-11-26 10:00:00,0.0,0.97567624,0.6207674145698547,0.21575501561164856,2.878751277923584,0.3866717517375946,0.9954856634140015
2016-11-26 11:00:00,0.0,2.5579011,1.9294606447219849,0.4241217374801636,3.168217182159424,2.420207977294922,6.034898281097412
2016-11-26 12:00:00,0.0,0.9948089,0.9871795177459717,1.920006275177002,1.5560858249664307,0.2052304893732071,1.208813190460205
2016-11-26 13:00:00,0.0,0.825258,0.9165160655975342,4.619826793670654,0.8104608654975891,0.25856927037239075,0.34666815400123596
2016-11-26 14:00:00,0.0,1.3966401,1.865964412689209,2.897531270980835,0.7577770352363586,0.5947836637496948,0.726729691028595
2016-11-26 15:00:00,0.0,1.2280927,1.5638638734817505,4.481289863586426,0.7701794505119324,0.13685424625873566,1.1111805438995361
2016-11-26 16:00:00,0.0,1.1926453,1.3447184562683105,0.9968864917755127,1.12996244430542,1.1430326700210571,0.5256626009941101
2016-11-26 17:00:00,0.0,0.83315426,0.859110414981842,0.0007118212524801493,0.6794927716255188,0.4946332573890686,1.7468483448028564
2016-11-26 18:00:00,0.0,0.51906693,0.5178232192993164,1.5014804601669312,0.5455551743507385,0.13525594770908356,0.906239926815033
2016-11-26 19:00:00,0.0,0.8537077,1.128198266029358,0.2674691081047058,0.24810338020324707,0.45312145352363586,1.1141588687896729
2016-11-26 20:00:00,0.0,0.41011894,0.5569137930870056,0.004582860041409731,0.20281760394573212,0.3614595830440521,0.07866503298282623
2016-11-26 21:00:00,0.0,0.4528341,0.5769942402839661,0.5925694108009338,0.3417585492134094,0.2055283486843109,0.3001071512699127
2016-11-26 22:00:00,0.0,1.0384432,0.920651376247406,5.325469970703125,1.853658676147461,0.2763664126396179,0.5804443955421448
2016-11-26 23:00:00,0.0,89.204735,159.23931884765625,1.7398580312728882,0.5704755187034607,0.8599590063095093,0.5766986608505249
2016-11-27 00:00:00,0.0,26.16169,41.13163375854492,5.022887706756592,9.16490650177002,1.3735965490341187,14.75030517578125
2016-11-27 01:00:00,0.0,70.60812,124.57955169677734,0.06524240225553513,2.268089771270752,2.411877393722534,3.353788137435913
2016-11-27 02:00:00,0.0,1.8584232,2.0876595973968506,0.01049741916358471,0.8584595918655396,2.0051229000091553,2.4381988048553467
2016-11-27 03:00:00,0.0,1.4480383,0.9987005591392517,5.695023059844971,1.287070870399475,2.3680388927459717,1.754011869430542
2016-11-27 04:00:00,1.0,1.5782576,0.9979144930839539,12.63537311553955,1.218013882637024,3.175462007522583,0.131356343626976
2016-11-27 05:00:00,1.0,5.589627,8.907086372375488,8.492106437683105,1.4032717943191528,0.5442660450935364,1.1147454977035522
2016-11-27 06:00:00,1.0,9.213708,13.49625015258789,12.518101692199707,5.165580749511719,2.917790651321411,0.7944324612617493
2016-11-27 07:00:00,1.0,13.640927,21.334447860717773,16.992748260498047,6.799780368804932,0.754951000213623,1.1643198728561401
2016-11-27 08:00:00,1.0,4.456994,4.161612033843994,16.0317325592041,3.892019748687744,2.6135075092315674,7.550404071807861
2016-11-27 09:00:00,1.0,8.255753,11.13349437713623,15.425018310546875,5.277873516082764,1.4802281856536865,6.265432834625244
2016-11-27 10:00:00,1.0,6.7459836,9.321747779846191,12.799598693847656,3.9903032779693604,0.7396119832992554,5.111597061157227
2016-11-27 11:00:00,0.0,1.7201977,1.3111366033554077,1.9864554405212402,3.1504404544830322,1.3482824563980103,2.2559256553649902
2016-11-27 12:00:00,0.0,0.5835862,0.3221800625324249,0.12012641131877899,0.6079164743423462,1.1596742868423462,1.2171560525894165
2016-11-27 13:00:00,0.0,1.254111,0.8049218654632568,0.35265910625457764,0.8841652870178223,2.6246402263641357,2.423588514328003
2016-11-27 14:00:00,0.0,0.9859367,1.1664279699325562,5.103555679321289,0.288311243057251,0.4669940769672394,1.0025792121887207
2016-11-27 15:00:00,0.0,1.7232966,2.401855707168579,9.185487747192383,0.5854995846748352,0.3178641200065613,0.23704349994659424
2016-11-27 16:00:00,0.0,88.138374,156.3492889404297,22.016103744506836,0.6939257979393005,0.567280113697052,1.6805543899536133
2016-11-27 17:00:00,0.0,42.23984,66.52458190917969,16.153284072875977,13.177618026733398,7.579197406768799,14.56797981262207
2016-11-27 18:00:00,0.0,76.78058,132.4513397216797,10.335212707519531,6.68987512588501,6.664647579193115,4.728847503662109
2016-11-27 19:00:00,0.0,93.13691,164.72267150878906,17.731536865234375,2.537984848022461,1.1511846780776978,1.9966952800750732
2016-11-27 20:00:00,0.0,90.13785,158.02024841308594,8.854207992553711,5.074501037597656,3.0607666969299316,4.410072326660156
2016-11-27 21:00:00,0.0,87.991425,154.07337951660156,1.8087430000305176,5.597891807556152,3.520174741744995,5.0587897300720215
2016-11-27 22:00:00,0.0,6.6082063,8.66576862335205,4.2034525871276855,8.96556282043457,0.7889088988304138,0.922420859336853
2016-11-27 23:00:00,0.0,3.1449142,2.261857509613037,6.968125820159912,7.278049945831299,1.4628221988677979,3.198125123977661
2016-11-28 00:00:00,0.0,1.6527126,1.6176600456237793,6.132786750793457,1.1325809955596924,1.2949268817901611,2.2793655395507812
2016-11-28 01:00:00,0.0,1.9828001,1.8148795366287231,13.182107925415039,0.36095482110977173,1.8363388776779175,3.285034656524658
2016-11-28 02:00:00,0.0,1.5514389,1.2532886266708374,5.106757164001465,1.894252061843872,1.5181635618209839,1.9098219871520996
2016-11-28 03:00:00,0.0,1.4018329,1.1688681840896606,8.893843650817871,1.1441761255264282,1.5109292268753052,1.1865994930267334
2016-11-28 04:00:00,0.0,1.646596,1.6798349618911743,0.9479678869247437,1.597816824913025,1.6262160539627075,1.7428470849990845
2016-11-28 05:00:00,0.0,1.1460271,1.2059962749481201,0.11231455206871033,0.9632409811019897,1.3109548091888428,1.0758922100067139
2016-11-28 06:00:00,0.0,0.71020746,0.9062614440917969,0.14079804718494415,0.1544773131608963,0.21267761290073395,1.5194411277770996
2016-11-28 07:00:00,0.0,0.7196635,0.5921227335929871,0.34422725439071655,0.2097538858652115,1.0625584125518799,1.871043086051941
2016-11-28 08:00:00,0.0,1.2120193,0.8468291163444519,0.8783484697341919,0.4354099631309509,3.543715715408325,0.7651750445365906
2016-11-28 09:00:00,0.0,1.1917751,1.0452131032943726,0.07610335946083069,1.3490993976593018,0.9650837779045105,2.4714574813842773
2016-11-28 10:00:00,0.0,0.9933568,0.8160948753356934,0.1091892197728157,2.700104236602783,0.062046051025390625,0.9209569096565247
2016-11-28 11:00:00,0.0,0.56402135,0.606590986251831,0.7187443971633911,0.7444053888320923,0.33539652824401855,0.35434427857398987
2016-11-28 12:00:00,0.0,0.6472387,0.7306515574455261,1.834280252456665,0.7190324068069458,0.18008755147457123,0.5418770909309387
2016-11-28 13:00:00,0.0,0.62837464,0.5543595552444458,1.5881844758987427,0.7193848490715027,0.10370666533708572,1.5914130210876465
2016-11-28 14:00:00,0.0,0.6813936,0.35062143206596375,6.012447834014893,1.2886322736740112,0.7665999531745911,0.12148450314998627
2016-11-28 15:00:00,0.0,2.001072,0.5864084362983704,5.438933849334717,4.786125183105469,4.529343605041504,0.331265389919281
2016-11-28 16:00:00,0.0,1.0341178,1.0775700807571411,3.547837734222412,0.35524770617485046,0.7662928700447083,1.8016924858093262
2016-11-28 17:00:00,0.0,1.0112001,1.1890642642974854,0.6243213415145874,1.3097087144851685,0.1387512981891632,1.0451300144195557
2016-11-28 18:00:00,0.0,1.1763561,1.5385979413986206,0.7697523236274719,0.8050233125686646,0.7163495421409607,0.5593993663787842
2016-11-28 19:00:00,0.0,0.7627354,0.9631554484367371,0.9646459221839905,0.8574694395065308,0.0841694325208664,0.5314439535140991
2016-11-28 20:00:00,0.0,86.430725,154.11349487304688,9.602359771728516,0.4890189468860626,0.28873664140701294,0.6877532601356506
2016-11-28 21:00:00,0.0,32.561367,51.55844497680664,15.855449676513672,9.664512634277344,1.454857587814331,17.261240005493164
2016-11-28 22:00:00,0.0,64.419525,110.4842758178711,16.936208724975586,10.069635391235352,1.551803469657898,5.032753944396973
2016-11-28 23:00:00,0.0,92.74384,160.45364379882812,20.7576961517334,8.900679588317871,1.6571531295776367,10.608640670776367
2016-11-29 00:00:00,0.0,90.34382,156.16294860839844,11.441279411315918,11.336356163024902,3.0893895626068115,6.112942695617676
2016-11-29 01:00:00,0.0,83.925995,148.9588165283203,1.7631070613861084,2.2174108028411865,2.0711379051208496,0.5059515237808228
2016-11-29 02:00:00,0.0,3.0695443,3.453845262527466,0.9201799035072327,2.2513811588287354,3.6768765449523926,1.67003333568573
2016-11-29 03:00:00,0.0,3.181804,2.8214921951293945,0.6904847025871277,2.3860700130462646,4.158474922180176,5.649866104125977
2016-11-29 04:00:00,0.0,2.2236571,2.0576462745666504,4.74402379989624,1.7295820713043213,1.7536102533340454,4.276843547821045
2016-11-29 05:00:00,0.0,2.4492803,2.5270445346832275,4.181055545806885,2.281038522720337,2.071230888366699,2.505760908126831
2016-11-29 06:00:00,0.0,2.2510633,2.411072015762329,0.07820490002632141,1.3902312517166138,2.2815451622009277,3.2873361110687256
2016-11-29 07:00:00,0.0,1.6571518,1.7028440237045288,0.3015773296356201,0.9417787194252014,0.7762170433998108,4.515432834625244
2016-11-29 08:00:00,0.0,1.521023,1.3391286134719849,0.49269410967826843,1.0778846740722656,2.16202712059021,2.523207902908325
2016-11-29 09:00:00,0.0,2.733503,2.519277334213257,0.9873952865600586,2.338517904281616,4.711993217468262,1.6842522621154785
2016-11-29 10:00:00,0.0,3.6570356,3.867772102355957,1.3607662916183472,2.2882580757141113,3.896033763885498,4.9437971115112305
2016-11-29 11:00:00,0.0,1.1804485,1.017821192741394,3.630314826965332,0.6727977991104126,1.7476364374160767,1.4395575523376465
2016-11-29 12:00:00,0.0,1.6774002,1.9779810905456543,6.508472919464111,0.9548117518424988,1.3621488809585571,0.4823669493198395
2016-11-29 13:00:00,0.0,2.395142,3.0789954662323,0.13780304789543152,2.7696971893310547,0.4254928231239319,1.6477710008621216
2016-11-29 14:00:00,0.0,3.260972,4.173692226409912,0.053038306534290314,4.151947975158691,0.05801437050104141,2.6326065063476562
2016-11-29 15:00:00,0.0,4.113884,4.21648645401001,2.6522912979125977,7.49103307723999,0.6571878790855408,4.002877235412598
2016-11-29 16:00:00,0.0,3.3918667,3.357651472091675,0.11112182587385178,0.5621251463890076,8.198660850524902,0.9574958086013794
2016-11-29 17:00:00,0.0,0.69564515,0.6876984238624573,0.2450389564037323,0.5250292420387268,0.8941043615341187,0.8072512745857239
2016-11-29 18:00:00,0.0,0.36841145,0.2184780389070511,0.0925944373011589,0.3253884017467499,0.9081435799598694,0.46772512793540955
2016-11-29 19:00:00,0.0,0.34421968,0.5137374997138977,0.1479204148054123,0.09803221374750137,0.12250877916812897,0.19500978291034698
2016-11-29 20:00:00,0.0,0.4154851,0.517713725566864,0.4367465674877167,0.27035075426101685,0.3668641448020935,0.13586941361427307
2016-11-29 21:00:00,0.0,0.7584606,0.9182485938072205,2.334803342819214,0.9909356832504272,0.14363409578800201,0.07476183027029037
2016-11-29 22:00:00,0.0,0.86029047,1.0515389442443848,0.21727316081523895,0.9828771948814392,0.26820215582847595,0.69517982006073
2016-11-29 23:00:00,0.0,0.35740003,0.2981473505496979,0.23651498556137085,0.5185778737068176,0.572205662727356,0.08516624569892883
2016-11-30 00:00:00,0.0,0.32853252,0.19113682210445404,0.015120635740458965,0.3909434974193573,0.7586706876754761,0.3692988455295563
2016-11-30 01:00:00,0.0,0.43466157,0.5427844524383545,0.35573968291282654,0.4081912636756897,0.106206975877285,0.42677322030067444
2016-11-30 02:00:00,0.0,0.28928536,0.2197769433259964,0.16155652701854706,0.13392199575901031,0.36710160970687866,0.8739752769470215
2016-11-30 03:00:00,0.0,1.0481348,0.9212961196899414,0.25163722038269043,0.8208905458450317,1.8601945638656616,0.9848652482032776
2016-11-30 04:00:00,0.0,0.67263746,0.8226370215415955,0.5153928995132446,0.652039110660553,0.05192473903298378,0.9342459440231323
2016-11-30 05:00:00,0.0,0.94963163,1.2117189168930054,1.983677864074707,1.1245945692062378,0.0344240739941597,0.41402244567871094
2016-11-30 06:00:00,0.0,0.7920294,0.7507750391960144,1.0179193019866943,0.9794555306434631,0.40965360403060913,1.324244499206543
2016-11-30 07:00:00,0.0,0.6697632,0.4467589855194092,3.227102756500244,0.8161219358444214,0.12681135535240173,2.062490701675415
2016-11-30 08:00:00,0.0,1.3949428,2.0903208255767822,0.0009157800814136863,0.8237000107765198,0.20478521287441254,0.6536322236061096
2016-11-30 09:00:00,0.0,1.8523403,3.0726356506347656,0.028361588716506958,0.47435757517814636,0.21066246926784515,0.27097088098526
2016-11-30 10:00:00,0.0,0.2791945,0.3157462477684021,0.8446419835090637,0.2965146601200104,0.1190456673502922,0.16847217082977295
2016-11-30 11:00:00,0.0,1.8867878,0.6687994599342346,0.0010509645799174905,8.095450401306152,0.4723230004310608,1.276302695274353
2016-11-30 12:00:00,0.0,0.8007636,0.726395308971405,0.0449562668800354,1.2499562501907349,0.5918706655502319,1.0154013633728027
2016-11-30 13:00:00,0.0,1.5677904,0.8278234004974365,2.1033875942230225,1.311219334602356,4.058028697967529,1.9647753238677979
2016-11-30 14:00:00,0.0,0.8912297,0.705621063709259,0.5191726684570312,1.0768457651138306,1.4108654260635376,0.86370450258255
2016-11-30 15:00:00,0.0,1.3866252,1.4938554763793945,0.04522520303726196,1.7416306734085083,1.036517858505249,1.070021629333496
2016-11-30 16:00:00,0.0,1.0712394,0.6798160076141357,0.6909633278846741,2.752345323562622,0.9789218306541443,0.7344685792922974
2016-11-30 17:00:00,0.0,1.0538825,1.324503779411316,1.022275686264038,1.0820114612579346,0.25964540243148804,0.7787433862686157
2016-11-30 18:00:00,0.0,0.95432484,1.3147506713867188,0.20330657064914703,0.5944551825523376,0.3359193205833435,0.6915076971054077
2016-11-30 19:00:00,0.0,0.42332542,0.5334073901176453,0.18406429886817932,0.29686230421066284,0.268865168094635,0.31426504254341125
2016-11-30 20:00:00,0.0,0.6843086,0.6768283247947693,0.0007080680225044489,0.9159554839134216,0.35185950994491577,1.0764939785003662
2016-11-30 21:00:00,0.0,0.41562817,0.4856499135494232,0.13707230985164642,0.38310059905052185,0.11005554348230362,0.6568121910095215
2016-11-30 22:00:00,0.0,1.1530764,0.8292809128761292,0.28219032287597656,2.617798089981079,0.6193408370018005,1.6843456029891968
2016-11-30 23:00:00,0.0,0.8541796,1.1897956132888794,0.04696161299943924,0.22216875851154327,0.06676951795816422,1.5262757539749146
2016-01-12 00:00:00,0.0,0.4078729,0.4557054936885834,0.2702912986278534,0.2326842099428177,0.3567032814025879,0.5513995289802551
2016-01-12 01:00:00,0.0,0.3523364,0.2873663604259491,0.3230706453323364,0.5142029523849487,0.1685405969619751,0.7878495454788208
2016-01-12 02:00:00,0.0,0.9218519,0.878120481967926,1.6268366575241089,0.9414351582527161,0.24315018951892853,2.1614503860473633
2016-01-12 03:00:00,0.0,2.357507,1.7127164602279663,0.33003661036491394,2.4327638149261475,5.732903003692627,0.6944742202758789
2016-01-12 04:00:00,0.0,1.2788386,1.0726927518844604,0.09228119254112244,0.9353269338607788,2.1482222080230713,1.8920782804489136
2016-01-12 05:00:00,0.0,1.8219445,1.13772714138031,0.541317880153656,1.0462563037872314,4.1815338134765625,3.475576162338257
2016-01-12 06:00:00,0.0,2.359693,3.7509844303131104,1.311832308769226,0.3685309588909149,0.33131474256515503,1.3081032037734985
2016-01-12 07:00:00,0.0,0.9119241,0.9663698077201843,0.7780333757400513,0.6483650803565979,1.0307375192642212,0.8720273375511169
2016-01-12 08:00:00,0.0,0.6211774,0.5317772030830383,0.002242821967229247,0.36885881423950195,1.1305819749832153,0.8624117970466614
2016-01-12 09:00:00,0.0,0.5713272,0.3012901842594147,1.3242214918136597,0.25824040174484253,1.791148066520691,0.4165411591529846
2016-01-12 10:00:00,0.0,1.3962616,1.2628737688064575,0.06881901621818542,2.3777520656585693,0.1258724480867386,3.0340218544006348
2016-01-12 11:00:00,0.0,1.1542301,1.1029964685440063,1.358476161956787,0.6469783186912537,1.4379863739013672,1.8016879558563232
2016-01-12 12:00:00,0.0,2.1241453,3.2444007396698,1.769110083580017,1.0510599613189697,0.33641695976257324,0.4977916479110718
2016-01-12 13:00:00,0.0,0.46795473,0.37171804904937744,3.3055074214935303,0.5863468050956726,0.4231113791465759,0.20727600157260895
2016-01-12 14:00:00,0.0,1.5760651,2.0914416313171387,3.561134099960327,1.6548595428466797,0.0946216732263565,0.44217362999916077
2016-01-12 15:00:00,0.0,0.64879847,0.6517555713653564,1.1285295486450195,0.9497514367103577,0.33558693528175354,0.5325759649276733
2016-01-12 16:00:00,0.0,0.9782272,0.8595700860023499,1.290313720703125,2.0039710998535156,0.42637792229652405,0.7828328609466553
2016-01-12 17:00:00,0.0,0.49624795,0.6519954800605774,0.23963412642478943,0.5262185335159302,0.22827300429344177,0.04242387413978577
2016-01-12 18:00:00,0.0,0.31096873,0.05181433632969856,2.639467477798462,0.37298017740249634,0.8147116899490356,0.2937000095844269
2016-01-12 19:00:00,0.0,0.96459943,0.16355906426906586,0.005090925842523575,0.4396698772907257,4.2608466148376465,1.1609127521514893
2016-01-12 20:00:00,0.0,0.4745439,0.36769458651542664,0.29777753353118896,0.37657421827316284,1.2129207849502563,0.039118774235248566
2016-01-12 21:00:00,0.0,0.40630585,0.1624673455953598,0.3149314820766449,0.4038228392601013,1.1099460124969482,0.6651555299758911
2016-01-12 22:00:00,0.0,0.9047712,0.23005588352680206,0.012395370751619339,2.9071691036224365,1.4362303018569946,0.7419077157974243
2016-01-12 23:00:00,0.0,0.5526506,0.7825954556465149,0.8168708086013794,0.14717626571655273,0.44141215085983276,0.011173943988978863
2016-02-12 00:00:00,0.0,4.323024,1.5160365104675293,0.49590224027633667,2.345548152923584,15.082181930541992,6.753791332244873
2016-02-12 01:00:00,0.0,0.87928426,0.417757511138916,0.4195968210697174,0.5204277634620667,2.742682695388794,1.1304197311401367
2016-02-12 02:00:00,0.0,0.6071402,0.6049709916114807,0.5492855906486511,0.7230838537216187,0.19565606117248535,1.1518148183822632
2016-02-12 03:00:00,0.0,0.6280891,0.4008636176586151,0.007469410076737404,1.7794004678726196,0.43054771423339844,0.4774989187717438
2016-02-12 04:00:00,0.0,1.6020639,0.987903356552124,4.6877121925354,0.34979674220085144,5.3234968185424805,0.19457364082336426
2016-02-12 05:00:00,0.0,0.4741321,0.488005667924881,1.3649173974990845,0.32039785385131836,0.3998315632343292,0.5672546029090881
2016-02-12 06:00:00,0.0,0.48416874,0.3207964599132538,0.9878121018409729,0.25717979669570923,1.2636375427246094,0.3716511130332947
2016-02-12 07:00:00,0.0,1.146604,0.46031346917152405,0.26319625973701477,0.8915785551071167,4.010468006134033,0.9197300672531128
2016-02-12 08:00:00,0.0,0.8516942,0.5916163325309753,2.4679534435272217,0.6581611633300781,1.2385309934616089,1.669816017150879
2016-02-12 09:00:00,0.0,0.99202806,0.6734936237335205,4.371980667114258,0.6963902711868286,1.5132187604904175,1.663528561592102
2016-02-12 10:00:00,0.0,0.60874224,0.6216920614242554,1.4168494939804077,0.7519084811210632,0.40549659729003906,0.4341557025909424
2016-02-12 11:00:00,0.0,0.6663765,0.46120789647102356,1.8622843027114868,1.1380128860473633,0.9612587690353394,0.25700318813323975
2016-02-12 12:00:00,0.0,1.0735254,1.5867682695388794,1.1560633182525635,0.3716621398925781,0.563154399394989,0.09484399110078812
2016-02-12 13:00:00,0.0,0.8424813,0.4293237626552582,1.4018678665161133,0.6831325888633728,2.3843841552734375,0.7621100544929504
2016-02-12 14:00:00,0.0,1.0685455,1.19550621509552,4.767333507537842,0.6753973960876465,0.2989262044429779,1.4169282913208008
2016-02-12 15:00:00,0.0,0.640126,0.29542550444602966,2.917619228363037,2.3039424419403076,0.07366368919610977,0.21858566999435425
2016-02-12 16:00:00,0.0,0.34453577,0.2832811772823334,1.497355580329895,0.33613112568855286,0.4124385714530945,0.3197363615036011
2016-02-12 17:00:00,0.0,0.9854975,0.6374813914299011,0.06305635720491409,0.1213207095861435,2.617727518081665,1.9601114988327026
2016-02-12 18:00:00,0.0,1.7923316,1.5111770629882812,3.0225934982299805,0.9426493048667908,3.6857876777648926,1.3450891971588135
2016-02-12 19:00:00,0.0,1.187236,0.8224371075630188,2.40645170211792,0.4030585289001465,3.4054179191589355,0.5617172122001648
2016-02-12 20:00:00,0.0,1.9304508,2.8061180114746094,1.0185916423797607,1.018265962600708,0.4306475520133972,1.1253916025161743
2016-02-12 21:00:00,0.0,0.33820903,0.2684084475040436,7.464673879020722e-10,0.27542179822921753,0.7389842867851257,0.2500861883163452
2016-02-12 22:00:00,0.0,0.33792844,0.31087803840637207,0.15029571950435638,0.24330906569957733,0.49445316195487976,0.4388044476509094
2016-02-12 23:00:00,0.0,0.571293,0.5144736170768738,0.04676234722137451,0.9959434866905212,0.12507377564907074,1.081087350845337
2016-03-12 00:00:00,0.0,0.5567723,0.5194382071495056,0.6301560997962952,0.7902258634567261,0.13086718320846558,1.0992212295532227
2016-03-12 01:00:00,0.0,0.27919003,0.2839069664478302,0.5973211526870728,0.15767578780651093,0.39624282717704773,0.17916305363178253
2016-03-12 02:00:00,0.0,3.927283,5.849931716918945,0.0490121953189373,2.9072253704071045,1.0529577732086182,0.17612528800964355
2016-03-12 03:00:00,0.0,0.87284416,0.5837892889976501,0.04049330949783325,0.6795293092727661,1.6597322225570679,1.7765083312988281
2016-03-12 04:00:00,0.0,1.5315186,1.8939801454544067,1.2675881385803223,0.9503411650657654,1.2542951107025146,0.9249357581138611
2016-03-12 05:00:00,0.0,0.8629643,0.8029649257659912,0.23852597177028656,0.6839064359664917,0.5251639485359192,2.2835705280303955
2016-03-12 06:00:00,0.0,3.3819895,5.528005123138428,0.12741407752037048,1.1266229152679443,0.4062960743904114,0.4738920331001282
2016-03-12 07:00:00,0.0,0.4209986,0.6493842601776123,0.09390996396541595,0.13720059394836426,0.03044699691236019,0.31256818771362305
2016-03-12 08:00:00,0.0,0.52946126,0.7417284846305847,0.05242253094911575,0.1591382473707199,0.21786609292030334,0.5684747695922852
2016-03-12 09:00:00,0.0,0.5638738,0.7395277619361877,1.971535325050354,0.18381765484809875,0.1817551702260971,0.4918403923511505
2016-03-12 10:00:00,0.0,2.2123399,2.8692359924316406,2.30645751953125,1.7742204666137695,0.509983241558075,1.9932661056518555
2016-03-12 11:00:00,0.0,1.320226,1.0659488439559937,2.583665609359741,2.8273251056671143,0.17235110700130463,1.9013848304748535
2016-03-12 12:00:00,0.0,0.7188978,0.2903747856616974,0.1088646873831749,0.5744357705116272,2.5225775241851807,0.5389131307601929
2016-03-12 13:00:00,0.0,1.1819856,0.6672378182411194,0.5551999807357788,1.4571428298950195,2.0168206691741943,2.484682559967041
2016-03-12 14:00:00,0.0,1.1487769,1.0713471174240112,0.02712756022810936,0.4401235282421112,1.9572267532348633,1.7191253900527954
2016-03-12 15:00:00,0.0,2.8018305,2.891148328781128,0.00808387715369463,1.083681583404541,5.104386329650879,1.9416495561599731
2016-03-12 16:00:00,0.0,2.6733646,3.6408185958862305,0.2123493105173111,2.335517168045044,1.2978922128677368,0.4822029769420624
2016-03-12 17:00:00,0.0,3.1441038,4.47216272354126,4.988596439361572,2.1848833560943604,0.6895084381103516,0.6888046264648438
2016-03-12 18:00:00,0.0,0.38527033,0.5240927338600159,0.5277513861656189,0.30598363280296326,0.09356578439474106,0.1659494787454605
2016-03-12 19:00:00,0.0,1.0604358,1.3900384902954102,0.946500837802887,0.09888795763254166,0.220895916223526,2.2632062435150146
2016-03-12 20:00:00,0.0,0.8207385,0.6568010449409485,0.7032914161682129,0.6890437006950378,1.7736393213272095,0.3966143727302551
2016-03-12 21:00:00,0.0,0.99366415,0.5847437977790833,0.23957595229148865,1.744813084602356,2.049353837966919,0.47373995184898376
2016-03-12 22:00:00,0.0,2.5026937,1.2854397296905518,0.9979389309883118,2.262299060821533,7.4317145347595215,1.9773085117340088
2016-03-12 23:00:00,0.0,1.0505846,0.6371603012084961,1.3377364873886108,1.2331980466842651,1.5810598134994507,2.211437702178955
2016-04-12 00:00:00,0.0,0.65386415,0.39619898796081543,1.6232326030731201,0.6107757687568665,0.785738468170166,1.8021382093429565
2016-04-12 01:00:00,0.0,1.4432222,1.2448809146881104,0.6697457432746887,1.9544384479522705,0.48386791348457336,3.6108784675598145
2016-04-12 02:00:00,0.0,1.2338158,1.0242573022842407,0.48744872212409973,2.0262796878814697,0.6342917680740356,2.340113401412964
2016-04-12 03:00:00,0.0,0.7136776,0.5720791220664978,1.6305785179138184,1.0412366390228271,0.6284318566322327,0.9099941849708557
2016-04-12 04:00:00,0.0,1.5397288,1.7136197090148926,0.051663655787706375,1.099255919456482,1.2577288150787354,2.13272762298584
2016-04-12 05:00:00,0.0,1.8946952,2.3439218997955322,0.06109686940908432,2.2203283309936523,1.1636617183685303,0.36718589067459106
2016-04-12 06:00:00,0.0,0.967128,0.9816477298736572,1.586959719657898,0.7749580144882202,1.375646710395813,0.34644052386283875
2016-04-12 07:00:00,0.0,0.40740395,0.49614325165748596,0.8418734073638916,0.2972559928894043,0.3084155023097992,0.13233980536460876
2016-04-12 08:00:00,0.0,0.36382762,0.11553523689508438,0.41877177357673645,0.04159431904554367,1.66157066822052,0.1327037662267685
2016-04-12 09:00:00,0.0,0.8351498,0.5739207863807678,0.2913757562637329,0.038973648101091385,1.8727868795394897,2.115910530090332
2016-04-12 10:00:00,0.0,0.83187103,0.7138442397117615,0.629421591758728,0.3302012085914612,1.9903050661087036,0.44130608439445496
2016-04-12 11:00:00,0.0,1.6347384,1.9663630723953247,0.08402563631534576,2.8696086406707764,0.29585155844688416,0.21469545364379883
2016-04-12 12:00:00,0.0,1.0006428,1.6425652503967285,0.0943412035703659,0.09264684468507767,0.22987248003482819,0.31352463364601135
2016-04-12 13:00:00,0.0,0.21006653,0.19224663078784943,0.09922147542238235,0.11914873123168945,0.3401351869106293,0.2761835753917694
2016-04-12 14:00:00,0.0,0.73379904,0.9220879673957825,0.3311770558357239,0.6051601767539978,0.3651238977909088,0.5750195384025574
2016-04-12 15:00:00,0.0,0.42677763,0.4503438472747803,0.853676974773407,0.3109000325202942,0.3750794231891632,0.47191324830055237
2016-04-12 16:00:00,0.0,0.3346206,0.08170533925294876,0.9557816386222839,0.2775293290615082,0.851921558380127,0.8914551734924316
2016-04-12 17:00:00,0.0,0.87608016,0.19608308374881744,1.3900212049484253,3.92809796333313,0.5587634444236755,0.041850849986076355
2016-04-12 18:00:00,0.0,0.30795014,0.08304909616708755,0.8059374690055847,0.5659293532371521,0.7419175505638123,0.3219531178474426
2016-04-12 19:00:00,0.0,0.8161307,0.7428128719329834,0.9960556626319885,0.8944515585899353,0.4596812427043915,1.6977825164794922
2016-04-12 20:00:00,0.0,0.41740853,0.3803670108318329,0.0035483252722769976,0.5351110696792603,0.3289177417755127,0.6920024752616882
2016-04-12 21:00:00,0.0,0.27426776,0.27137744426727295,0.24127918481826782,0.41803285479545593,0.2566518783569336,0.07909552752971649
2016-04-12 22:00:00,0.0,3.8721757,6.084352016448975,0.3010251522064209,2.0191164016723633,0.5908463597297668,0.47708529233932495
2016-04-12 23:00:00,0.0,0.38884062,0.4227858781814575,0.08474069833755493,0.3660038411617279,0.4867734909057617,0.1297755241394043
2016-05-12 00:00:00,0.0,0.4895251,0.45744800567626953,8.611587873019744e-06,0.33481767773628235,0.850999653339386,0.44252508878707886
2016-05-12 01:00:00,0.0,0.44314203,0.47829878330230713,0.19849924743175507,0.6938593983650208,0.30039671063423157,0.10441120713949203
2016-05-12 02:00:00,0.0,0.89146847,0.8844270706176758,1.2196301221847534,0.7081258893013,0.7306057214736938,1.4540345668792725
2016-05-12 03:00:00,0.0,1.3422878,0.5636304020881653,0.0010100827785208821,5.383639812469482,0.6281617879867554,0.5269064903259277
2016-05-12 04:00:00,0.0,0.39950764,0.45896998047828674,1.7018150091171265,0.15978455543518066,0.13225600123405457,0.604362964630127
2016-05-12 05:00:00,0.0,0.48520288,0.5001850724220276,2.1962730884552,0.3272404670715332,0.31112489104270935,0.5486130714416504
2016-05-12 06:00:00,0.0,0.90140194,0.6975588202476501,0.005389700178056955,1.289976954460144,1.4468284845352173,0.713961660861969
2016-05-12 07:00:00,0.0,0.44299662,0.47649261355400085,0.11010826379060745,0.49275898933410645,0.38814014196395874,0.33415737748146057
2016-05-12 08:00:00,0.0,1.1087176,1.4435402154922485,0.059502821415662766,0.23482315242290497,0.17043562233448029,2.5333924293518066
2016-05-12 09:00:00,0.0,0.35484082,0.44368329644203186,0.872024655342102,0.17163336277008057,0.16531111299991608,0.3447796404361725
2016-05-12 10:00:00,0.0,0.87703085,0.7685657143592834,2.5983939170837402,0.4472780227661133,1.8148332834243774,0.20839226245880127
2016-05-12 11:00:00,0.0,1.7266736,1.3547463417053223,1.4920804500579834,3.807299852371216,1.4939955472946167,0.7829767465591431
2016-05-12 12:00:00,0.0,1.081318,0.5327329635620117,2.458725929260254,3.072659969329834,1.0898524522781372,0.528692364692688
2016-05-12 13:00:00,0.0,2.9722366,4.040478706359863,1.1361431688783341e-06,1.6439076662063599,2.198275089263916,0.9848493337631226
2016-05-12 14:00:00,0.0,0.9678801,0.7091619372367859,9.45174789428711,0.7353628873825073,0.9611849188804626,0.8178433775901794
2016-05-12 15:00:00,0.0,0.64048904,0.3979886472225189,3.058269739151001,1.8011506795883179,0.23152633011341095,0.17557227611541748
2016-05-12 16:00:00,0.0,0.5812342,0.3039320409297943,2.6393890380859375,0.8315339684486389,0.949542224407196,0.647944450378418
2016-05-12 17:00:00,0.0,1.331816,1.1842453479766846,2.4519052505493164,0.5789138674736023,1.5983480215072632,2.7883639335632324
2016-05-12 18:00:00,0.0,1.0778168,1.31747305393219,0.079875648021698,0.9984607696533203,0.9083361029624939,0.3248283863067627
2016-05-12 19:00:00,0.0,0.5875876,0.8106615543365479,0.014665350317955017,0.3079100251197815,0.10204654932022095,0.7315076589584351
2016-05-12 20:00:00,0.0,0.44769403,0.42017242312431335,0.09114738553762436,0.5944966673851013,0.19917429983615875,0.8799652457237244
2016-05-12 21:00:00,0.0,0.76635814,0.5716266632080078,0.7191268801689148,0.9743656516075134,0.8380095362663269,1.4571503400802612
2016-05-12 22:00:00,0.0,0.65105623,0.6108067631721497,0.10850147902965546,1.6043750047683716,0.18483033776283264,0.17577852308750153
2016-05-12 23:00:00,0.0,0.4522273,0.3727220296859741,0.8581562042236328,0.8631266355514526,0.14209643006324768,0.6514316201210022
2016-06-12 00:00:00,0.0,1.9982125,2.7036006450653076,0.0009833514923229814,0.8880811929702759,0.1157010868191719,3.5023162364959717
2016-06-12 01:00:00,0.0,1.0929286,1.134236216545105,1.7824358940124512,0.6485608220100403,1.410959243774414,0.8937973380088806
2016-06-12 02:00:00,0.0,0.5978244,0.5680546164512634,0.4261859953403473,0.2620649039745331,0.8609505891799927,0.9464612007141113
2016-06-12 03:00:00,0.0,0.6095955,0.45341119170188904,0.34466230869293213,1.0081928968429565,0.42397618293762207,1.2402234077453613
2016-06-12 04:00:00,0.0,1.2842708,1.3998570442199707,0.3469441533088684,0.5995221734046936,0.6216955780982971,3.182901620864868
2016-06-12 05:00:00,0.0,1.3085603,0.883263885974884,0.49826785922050476,1.690813660621643,3.037661075592041,0.3680407702922821
2016-06-12 06:00:00,0.0,0.3995575,0.2482261061668396,0.27789565920829773,0.722582995891571,0.2777554392814636,0.9858208894729614
2016-06-12 07:00:00,0.0,0.75377476,0.3373802602291107,0.47047901153564453,0.4631868004798889,1.9447853565216064,1.7472262382507324
2016-06-12 08:00:00,0.0,1.450217,1.4416216611862183,0.13576439023017883,0.7592862248420715,2.3311679363250732,1.4978666305541992
2016-06-12 09:00:00,0.0,3.5983336,3.501307249069214,6.295314788818359,1.6335662603378296,7.310454368591309,0.4483776092529297
2016-06-12 10:00:00,0.0,0.5153459,0.3362555205821991,3.326111254864372e-05,0.5930837988853455,1.1895743608474731,0.40277382731437683
2016-06-12 11:00:00,0.0,1.161623,0.7691013813018799,0.08220744132995605,2.8885133266448975,0.7662583589553833,1.4564365148544312
2016-06-12 12:00:00,0.0,0.5269427,0.6878783106803894,0.03706451132893562,0.19949983060359955,0.5077125430107117,0.29047641158103943
2016-06-12 13:00:00,0.0,0.5046425,0.3939836025238037,1.865654468536377,0.3977836072444916,0.6727411150932312,0.7211738228797913
2016-06-12 14:00:00,0.0,1.6959418,0.7518229484558105,1.9665923118591309,0.38684943318367004,6.576561450958252,1.042818546295166
2016-06-12 15:00:00,0.0,2.146341,1.6241518259048462,1.6921420097351074,2.6062283515930176,2.241307020187378,4.422032356262207
2016-06-12 16:00:00,0.0,4.3656387,3.887542724609375,1.2372816801071167,7.861588478088379,1.2086944580078125,7.423040390014648
2016-06-12 17:00:00,0.0,3.0873756,4.483825206756592,1.6959912776947021,1.8673709630966187,0.17173421382904053,2.2939035892486572
2016-06-12 18:00:00,0.0,104.94621,187.44456481933594,0.08629609644412994,0.6164506673812866,0.6519321203231812,1.2630932331085205
2016-06-12 19:00:00,0.0,56.831833,96.0703125,5.7154412269592285,8.046159744262695,4.362137794494629,11.376908302307129
2016-06-12 20:00:00,0.0,100.96375,177.0895538330078,4.832103729248047,3.258945941925049,5.927971839904785,5.537803649902344
2016-06-12 21:00:00,1.0,112.262276,199.3228302001953,17.601797103881836,1.6154991388320923,1.1359461545944214,1.667170524597168
2016-06-12 22:00:00,1.0,110.56754,193.9968719482422,9.997723579406738,8.262354850769043,2.3410592079162598,3.5645854473114014
2016-06-12 23:00:00,1.0,102.89319,179.7551727294922,10.970919609069824,9.593659400939941,3.2994444370269775,2.265160083770752
2016-07-12 00:00:00,1.0,104.52229,184.68695068359375,7.514208793640137,5.761715412139893,1.886631727218628,0.22969715297222137
2016-07-12 01:00:00,1.0,104.452095,182.64715576171875,4.590254306793213,9.320252418518066,4.518284320831299,1.6122300624847412
2016-07-12 02:00:00,1.0,103.66811,179.4810333251953,2.4018630981445312,4.832873821258545,12.676614761352539,6.3038482666015625
2016-07-12 03:00:00,1.0,104.72165,178.9309539794922,0.0018321832176297903,6.523926734924316,20.28939437866211,5.248318672180176
2016-07-12 04:00:00,1.0,110.004654,188.08734130859375,3.9093823432922363,10.228475570678711,18.42172622680664,2.910703420639038
2016-07-12 05:00:00,1.0,20.712305,26.07715606689453,0.037310849875211716,15.219714164733887,19.886396408081055,4.749332427978516
2016-07-12 06:00:00,1.0,6.032671,9.249358177185059,0.5991695523262024,0.7185667753219604,3.8960652351379395,1.1296565532684326
2016-07-12 07:00:00,1.0,100.93006,178.6795196533203,0.16758064925670624,1.415986180305481,2.6191158294677734,5.8178205490112305
2016-07-12 08:00:00,1.0,86.82519,136.97276306152344,0.48905831575393677,21.164331436157227,32.94563293457031,16.71949577331543
2016-07-12 09:00:00,1.0,112.68653,191.93031311035156,3.249255418777466,17.88825798034668,9.1507568359375,11.667900085449219
2016-07-12 10:00:00,1.0,125.537186,211.26690673828125,7.406706809997559,20.53343391418457,18.75594139099121,11.315168380737305
2016-07-12 11:00:00,1.0,129.23407,211.44873046875,5.99735689163208,39.814701080322266,19.579477310180664,15.134627342224121
2016-07-12 12:00:00,1.0,115.22589,192.31597900390625,4.230762481689453,30.900035858154297,10.349359512329102,11.53817367553711
2016-07-12 13:00:00,1.0,118.06013,198.58197021484375,13.243497848510742,31.150083541870117,8.075197219848633,5.69950532913208
2016-07-12 14:00:00,1.0,8.117667,6.595797061920166,31.579814910888672,10.130745887756348,7.665792942047119,8.651246070861816
2016-07-12 15:00:00,1.0,106.521164,189.77081298828125,3.197657346725464,2.115255832672119,0.16815511882305145,1.6822447776794434
2016-07-12 16:00:00,1.0,80.008354,125.7544174194336,5.9780192375183105,18.636228561401367,35.394004821777344,9.516053199768066
2016-07-12 17:00:00,1.0,99.00713,174.32098388671875,5.148580074310303,4.081550121307373,4.819096088409424,1.5374184846878052
2016-07-12 18:00:00,1.0,109.92881,193.0732421875,2.0320003032684326,1.6722829341888428,7.926543712615967,5.989534378051758
2016-07-12 19:00:00,1.0,110.933205,190.4568328857422,1.0256270170211792,8.04366397857666,14.470741271972656,10.134525299072266
2016-07-12 20:00:00,1.0,108.66341,186.80503845214844,0.7161039113998413,12.602312088012695,6.426303386688232,13.822265625
2016-07-12 21:00:00,1.0,112.987785,191.7788848876953,0.29439777135849,18.744890213012695,10.313516616821289,13.019577026367188
2016-07-12 22:00:00,1.0,108.34869,184.9547119140625,3.305015802383423,22.18963050842285,2.810734510421753,10.443154335021973
2016-07-12 23:00:00,1.0,105.81036,184.32708740234375,7.274640083312988,10.713346481323242,2.533236265182495,6.498598098754883
2016-08-12 00:00:00,1.0,102.88381,182.54669189453125,6.325509548187256,0.9626349210739136,2.344641923904419,3.3518991470336914
2016-08-12 01:00:00,1.0,4.4678993,4.8423380851745605,7.20829439163208,4.43283748626709,2.783924102783203,4.544480323791504
2016-08-12 02:00:00,1.0,5.5669975,7.124777317047119,1.4809569120407104,6.763144016265869,1.166796088218689,2.848923444747925
2016-08-12 03:00:00,1.0,108.49819,191.6199188232422,7.9510626792907715,6.031257629394531,1.0688930749893188,2.222970724105835
2016-08-12 04:00:00,1.0,81.34853,128.49935913085938,9.827646255493164,17.862337112426758,30.270837783813477,16.810665130615234
2016-08-12 05:00:00,1.0,10.459503,15.401718139648438,0.2218092381954193,7.224672794342041,2.4461371898651123,3.0499820709228516
2016-08-12 06:00:00,1.0,5.2644806,6.206246852874756,4.727088451385498,4.614424228668213,4.398260116577148,2.4017207622528076
2016-08-12 07:00:00,1.0,107.58027,191.19126892089844,10.686155319213867,1.3017959594726562,0.0928340032696724,4.228391647338867
2016-08-12 08:00:00,1.0,85.132,138.76527404785156,0.010623517446219921,18.38642692565918,20.907793045043945,13.809725761413574
2016-08-12 09:00:00,1.0,113.20513,189.8465576171875,3.4928293228149414,23.256601333618164,12.276331901550293,14.819892883300781
2016-08-12 10:00:00,1.0,110.02902,184.37950134277344,1.9547046422958374,11.006442070007324,28.53532600402832,6.848085880279541
2016-08-12 11:00:00,1.0,105.35815,180.46217346191406,3.094705820083618,14.353569984436035,10.240058898925781,6.014070510864258
2016-08-12 12:00:00,1.0,99.002464,172.59971618652344,1.8988405466079712,10.511849403381348,2.7534115314483643,4.989494800567627
2016-08-12 13:00:00,1.0,7.828116,8.423140525817871,3.8470945358276367,5.440887928009033,10.611550331115723,4.559859752655029
2016-08-12 14:00:00,1.0,109.07527,191.0103302001953,0.5329892039299011,13.475494384765625,1.1674052476882935,0.7390272617340088
2016-08-12 15:00:00,1.0,87.69067,146.498046875,0.1536552906036377,8.957273483276367,22.791032791137695,8.088404655456543
2016-08-12 16:00:00,1.0,102.000374,178.7913360595703,1.1818705797195435,6.008018493652344,6.50350284576416,1.5651721954345703
2016-08-12 17:00:00,1.0,111.69887,196.82041931152344,0.9900810718536377,4.4175190925598145,4.973056316375732,3.159146785736084
2016-08-12 18:00:00,1.0,113.648224,196.6829376220703,2.0102481842041016,6.585714817047119,14.196816444396973,4.748591423034668
2016-08-12 19:00:00,1.0,108.21364,183.3489990234375,5.283127307891846,10.479286193847656,18.04818344116211,11.958741188049316
2016-08-12 20:00:00,1.0,112.31969,189.32603454589844,10.026987075805664,12.6628999710083,21.273710250854492,9.584612846374512
2016-08-12 21:00:00,1.0,105.2842,177.1124725341797,15.318033218383789,10.906862258911133,22.300695419311523,7.1874518394470215
2016-08-12 22:00:00,1.0,108.36521,183.78118896484375,11.012694358825684,13.94654369354248,17.47873878479004,4.491237163543701
2016-08-12 23:00:00,1.0,104.43802,183.57525634765625,14.646864891052246,3.4165916442871094,5.672670841217041,1.689188003540039
2016-09-12 00:00:00,1.0,99.71673,174.85716247558594,8.152939796447754,1.7464545965194702,9.800224304199219,0.5666956305503845
2016-09-12 01:00:00,1.0,103.19708,180.82847595214844,7.010933876037598,3.6306233406066895,5.891037464141846,5.982134819030762
2016-09-12 02:00:00,1.0,3.5951743,2.9373626708984375,3.2765891551971436,5.1449689865112305,5.066564083099365,2.3346199989318848
2016-09-12 03:00:00,1.0,3.801165,3.8573246002197266,13.078779220581055,4.982125759124756,2.2436795234680176,1.8037238121032715
2016-09-12 04:00:00,1.0,100.97672,177.8409423828125,11.90057373046875,4.009645938873291,3.6882312297821045,2.007802724838257
2016-09-12 05:00:00,1.0,85.41374,135.1337432861328,2.9693148136138916,23.04677963256836,28.992353439331055,15.584551811218262
2016-09-12 06:00:00,1.0,10.5797205,14.017154693603516,1.1628950834274292,10.594399452209473,1.9069894552230835,7.4609222412109375
2016-09-12 07:00:00,1.0,7.6318097,9.380053520202637,5.792557716369629,5.812354564666748,5.362979412078857,4.756654262542725
2016-09-12 08:00:00,1.0,111.62614,198.0167999267578,2.6283843517303467,3.527169704437256,0.6996950507164001,3.826188325881958
2016-09-12 09:00:00,1.0,77.99968,125.6765365600586,0.14995549619197845,20.0242977142334,18.036161422729492,17.7940731048584
2016-09-12 10:00:00,1.0,116.85538,199.79994201660156,7.341734409332275,20.303329467773438,4.643948554992676,11.902539253234863
2016-09-12 11:00:00,1.0,119.56033,197.46282958984375,7.641538143157959,39.3988037109375,12.976638793945312,6.929251670837402
2016-09-12 12:00:00,1.0,112.723236,191.12120056152344,5.681517124176025,28.357511520385742,3.3618900775909424,8.11842155456543
2016-09-12 13:00:00,1.0,102.35943,175.69044494628906,2.115017890930176,15.778913497924805,9.478995323181152,1.4911092519760132
2016-09-12 14:00:00,1.0,5.731796,6.360476970672607,26.041194915771484,5.766636848449707,2.934004306793213,1.7175264358520508
2016-09-12 15:00:00,1.0,8.204267,7.028635025024414,3.369940996170044,12.330900192260742,10.10533332824707,5.9181599617004395
2016-09-12 16:00:00,1.0,102.85268,180.2307891845703,2.3235809803009033,9.63508129119873,0.9933433532714844,5.100924015045166
2016-09-12 17:00:00,1.0,88.11861,131.46568298339844,6.0073699951171875,29.295150756835938,47.64836502075195,22.327957153320312
2016-09-12 18:00:00,1.0,97.76253,165.4698944091797,2.1335091590881348,10.206896781921387,16.8873348236084,10.179661750793457
2016-09-12 19:00:00,1.0,111.98046,193.97015380859375,2.25956654548645,4.561955451965332,16.290563583374023,2.911952495574951
2016-09-12 20:00:00,1.0,109.14613,189.99403381347656,0.9059311151504517,6.474057674407959,10.736851692199707,3.0112831592559814
2016-09-12 21:00:00,1.0,105.301704,181.403564453125,0.005179994739592075,4.745877742767334,16.385744094848633,6.590231895446777
2016-09-12 22:00:00,0.0,107.99415,185.8080291748047,2.123459577560425,15.699517250061035,8.885077476501465,2.5351812839508057
2016-09-12 23:00:00,0.0,105.13669,183.5280303955078,4.8216328620910645,6.600516319274902,7.942386150360107,2.3956780433654785
2016-10-12 00:00:00,0.0,105.01661,185.77337646484375,6.715452671051025,2.2060906887054443,2.6837010383605957,4.052508354187012
2016-10-12 01:00:00,0.0,69.392944,120.55182647705078,9.287591934204102,2.3850514888763428,8.528261184692383,1.2430263757705688
2016-10-12 02:00:00,0.0,2.0029938,2.5750107765197754,3.5461626052856445,1.8925530910491943,0.6465101838111877,0.7522179484367371
2016-10-12 03:00:00,0.0,2.764747,2.5373733043670654,6.193699836730957,4.060529708862305,1.940887689590454,2.445883274078369
2016-10-12 04:00:00,0.0,3.7318435,3.4665651321411133,0.3535391688346863,5.445761680603027,1.0382565259933472,7.882512092590332
2016-10-12 05:00:00,0.0,4.172945,5.518884181976318,0.9000649452209473,1.8635103702545166,1.951944351196289,4.843790054321289
2016-10-12 06:00:00,0.0,4.8241663,6.392984867095947,2.6571075916290283,3.2539222240448,2.476369857788086,2.8095879554748535
2016-10-12 07:00:00,0.0,3.5768862,5.068826675415039,7.0950026512146,1.4779056310653687,1.8959846496582031,0.3605082035064697
2016-10-12 08:00:00,0.0,4.169885,5.665074825286865,8.919291496276855,3.895958662033081,0.6408985257148743,0.666494607925415
2016-10-12 09:00:00,0.0,1.6861801,1.878013014793396,1.0432566404342651,2.727839708328247,0.2912445068359375,1.31414794921875
2016-10-12 10:00:00,0.0,1.3892297,1.0321050882339478,0.37245312333106995,4.414514064788818,0.5194913148880005,0.013965833000838757
2016-10-12 11:00:00,0.0,1.9911531,1.4273929595947266,0.5104930400848389,1.8049657344818115,3.6451382637023926,3.175232172012329
2016-10-12 12:00:00,0.0,1.4852661,2.354609251022339,2.1910653114318848,0.4647306501865387,0.029269328340888023,0.426689088344574
2016-10-12 13:00:00,0.0,0.18171331,0.09337412565946579,0.19494514167308807,0.4602118134498596,0.17595209181308746,0.23115044832229614
2016-10-12 14:00:00,0.0,1.2880563,1.1049734354019165,0.08743622153997421,0.6020901799201965,2.392240285873413,1.9548269510269165
2016-10-12 15:00:00,0.0,0.5520141,0.32034873962402344,0.17709803581237793,0.8080147504806519,0.9558112025260925,0.881089448928833
2016-10-12 16:00:00,0.0,0.9028518,0.6609839797019958,0.16037701070308685,1.3743623495101929,1.70740807056427,0.306560218334198
2016-10-12 17:00:00,0.0,0.27808383,0.17412060499191284,0.5690955519676208,0.206040620803833,0.6018555760383606,0.3885854184627533
2016-10-12 18:00:00,0.0,1.0830964,1.457053303718567,2.3718690872192383,0.4664800465106964,0.42763322591781616,0.743299126625061
2016-10-12 19:00:00,0.0,0.46076894,0.4362873136997223,3.5168635845184326,0.6181390881538391,0.1151670590043068,0.1730411946773529
2016-10-12 20:00:00,0.0,0.48108274,0.4427908658981323,0.9676650166511536,0.4899708330631256,0.5575194358825684,0.4398699998855591
2016-10-12 21:00:00,0.0,0.21130924,0.07543127983808517,0.06116563826799393,0.5407913327217102,0.1686772108078003,0.5621256828308105
2016-10-12 22:00:00,0.0,0.44592965,0.2845454812049866,1.3517870903015137,1.326006293296814,0.16983716189861298,0.13079777359962463
2016-10-12 23:00:00,0.0,0.5320545,0.161849245429039,3.1182496547698975,0.35760632157325745,1.3696104288101196,0.9462986588478088
2016-11-12 00:00:00,0.0,2.5374744,3.6395070552825928,3.1376473903656006,0.40989071130752563,1.7092630863189697,0.9478780031204224
2016-11-12 01:00:00,0.0,0.5900965,0.7064229846000671,0.032547760754823685,0.6623091697692871,0.19157902896404266,0.6025592088699341
2016-11-12 02:00:00,0.0,0.72070616,0.5414644479751587,0.25750431418418884,0.6879233121871948,1.4299360513687134,0.7281745672225952
2016-11-12 03:00:00,0.0,0.48329097,0.3053911626338959,0.02493150904774666,0.5407958030700684,1.2265291213989258,0.26397961378097534
2016-11-12 04:00:00,0.0,1.1287334,0.7833262085914612,1.7401036024093628,1.0618144273757935,2.689598560333252,0.43392592668533325
2016-11-12 05:00:00,0.0,0.34666532,0.2929427921772003,0.6942216753959656,0.43104106187820435,0.4625389277935028,0.2316748946905136
2016-11-12 06:00:00,0.0,0.3672887,0.32753705978393555,2.579298734664917,0.41872838139533997,0.29512056708335876,0.08907059580087662
2016-11-12 07:00:00,0.0,1.0665395,1.0168513059616089,0.0589611791074276,0.21227045357227325,2.2029497623443604,1.1228163242340088
2016-11-12 08:00:00,0.0,1.0143667,0.9472119808197021,1.3067066669464111,0.8195768594741821,0.5731902718544006,2.457151412963867
2016-11-12 09:00:00,0.0,2.5251315,3.259174346923828,0.8519377112388611,2.630535840988159,0.5971291661262512,1.7287179231643677
2016-11-12 10:00:00,0.0,0.7769549,1.0906951427459717,1.084019660949707,0.5218316912651062,0.05223309248685837,0.532475471496582
2016-11-12 11:00:00,0.0,1.5397325,1.0045340061187744,1.1024620532989502,3.491821765899658,0.8982478380203247,2.566685438156128
2016-11-12 12:00:00,0.0,0.464052,0.3933027982711792,1.2668728828430176,0.8355502486228943,0.23023447394371033,0.44690045714378357
2016-11-12 13:00:00,0.0,0.3778498,0.36532893776893616,1.229557991027832,0.4155559837818146,0.23687274754047394,0.4207715094089508
2016-11-12 14:00:00,0.0,0.57948923,0.5684857964515686,2.145575761795044,0.4228176772594452,0.211621955037117,1.171931266784668
2016-11-12 15:00:00,0.0,0.212248,0.1867312639951706,0.839270830154419,0.1659747064113617,0.20699775218963623,0.2987586557865143
2016-11-12 16:00:00,0.0,0.83601576,0.9313638806343079,2.678220510482788,0.9030250906944275,0.40674304962158203,0.4373358488082886
2016-11-12 17:00:00,0.0,3.5444686,2.745460271835327,2.0803098678588867,7.479092597961426,1.1508123874664307,6.007871627807617
2016-11-12 18:00:00,0.0,0.68709606,0.42383742332458496,0.1173495277762413,0.7192505598068237,0.8238714337348938,2.113457441329956
2016-11-12 19:00:00,0.0,0.72694963,0.629862368106842,0.40527746081352234,0.358431875705719,0.5485366582870483,2.347019672393799
2016-11-12 20:00:00,0.0,1.9384521,2.5186498165130615,0.43382278084754944,0.2109280675649643,0.6342329978942871,4.138972759246826
2016-11-12 21:00:00,0.0,3.1525311,4.796500205993652,0.017488347366452217,0.2701859474182129,0.5813140869140625,3.61620831489563
2016-11-12 22:00:00,0.0,2.8460362,4.385561943054199,0.39616119861602783,1.5297667980194092,0.05284350365400314,1.4129047393798828
2016-11-12 23:00:00,0.0,1.6242734,1.7307311296463013,1.7053707838058472,0.563764214515686,3.0321738719940186,0.3573172390460968
2016-12-12 00:00:00,0.0,1.0970018,0.3956589698791504,0.700959324836731,0.6471837162971497,3.933156728744507,1.2279794216156006
2016-12-12 01:00:00,0.0,0.6509865,0.3357701599597931,2.7616961002349854,0.9138646721839905,1.1486507654190063,0.683659017086029
2016-12-12 02:00:00,0.0,0.5362167,0.30747702717781067,1.75475013256073,0.24056576192378998,1.3520419597625732,0.6937156915664673
2016-12-12 03:00:00,0.0,0.56714076,0.3695593774318695,0.13419441878795624,1.741939663887024,0.06269174069166183,0.6877536177635193
2016-12-12 04:00:00,0.0,0.36380666,0.23095548152923584,1.2716621160507202,0.4515232741832733,0.5627337694168091,0.4323230981826782
2016-12-12 05:00:00,0.0,1.0103935,1.2861742973327637,1.5991535186767578,0.3490793704986572,0.15959645807743073,1.8547124862670898
2016-12-12 06:00:00,0.0,2.3190968,3.45916748046875,1.207335114479065,1.4283868074417114,0.5430898666381836,0.42336639761924744
2016-12-12 07:00:00,0.0,1.097499,0.7008981704711914,1.7255491018295288,0.21362514793872833,3.7602641582489014,0.20703183114528656
2016-12-12 08:00:00,0.0,0.67798495,0.7709925770759583,0.12934356927871704,0.21800735592842102,0.7504240274429321,0.9352920055389404
2016-12-12 09:00:00,0.0,0.46852756,0.32022640109062195,0.007598101161420345,0.18813683092594147,1.1550426483154297,0.7628492116928101
2016-12-12 10:00:00,0.0,0.823965,0.8751407265663147,0.0018810793990269303,1.168429970741272,0.5987305045127869,0.5137784481048584
2016-12-12 11:00:00,0.0,2.3249602,2.3572990894317627,1.5940330028533936,4.7430100440979,0.966873824596405,0.4587233066558838
2016-12-12 12:00:00,0.0,1.1684617,1.4640542268753052,2.2077903747558594,1.091012716293335,0.17147497832775116,1.0153356790542603
2016-12-12 13:00:00,0.0,1.5024128,1.3046592473983765,3.6946146488189697,1.5861519575119019,1.269628643989563,2.40171480178833
2016-12-12 14:00:00,0.0,1.8165833,2.3445608615875244,0.0003266928833909333,1.5062085390090942,0.40874963998794556,2.1096460819244385
2016-12-12 15:00:00,0.0,2.1735861,3.1158039569854736,3.9499032497406006,1.5024060010910034,0.45524558424949646,0.25786247849464417
2016-12-12 16:00:00,0.0,1.8893127,0.732890784740448,7.807215690612793,3.8112943172454834,4.078540325164795,0.15375426411628723
2016-12-12 17:00:00,0.0,1.1313918,0.49830707907676697,0.013571820221841335,0.8598131537437439,2.9196622371673584,2.5551438331604004
2016-12-12 18:00:00,0.0,0.96551114,0.572442352771759,1.033325433731079,0.6036837697029114,3.165628433227539,0.0899636298418045
2016-12-12 19:00:00,0.0,0.7332804,0.8401401042938232,0.11031825095415115,0.6375449299812317,0.2340855598449707,1.2889913320541382
2016-12-12 20:00:00,0.0,0.70916915,0.6515756249427795,0.055866435170173645,0.457755982875824,0.42006540298461914,2.1639604568481445
2016-12-12 21:00:00,0.0,0.8544418,0.9316750168800354,0.4610918164253235,1.256423830986023,0.20607486367225647,0.9205532670021057
2016-12-12 22:00:00,0.0,0.5749398,0.5063409209251404,0.004006552509963512,0.9410685896873474,0.42191627621650696,0.756332278251648
2016-12-12 23:00:00,0.0,2.4990141,3.2362611293792725,0.008363811299204826,1.5599689483642578,0.6762142777442932,3.5314223766326904
2016-12-13 00:00:00,0.0,0.6190561,0.8285474181175232,0.024555837735533714,0.4057418406009674,0.3156949579715729,0.41491618752479553
2016-12-13 01:00:00,0.0,0.4474449,0.5975472331047058,0.46720314025878906,0.18298856914043427,0.38788244128227234,0.10892445594072342
2016-12-13 02:00:00,0.0,0.8573965,0.55414217710495,1.0899040699005127,1.2548874616622925,0.9469160437583923,1.7665265798568726
2016-12-13 03:00:00,0.0,0.8072156,0.8550546765327454,0.03961341083049774,0.7901187539100647,0.4288593828678131,1.40412437915802
2016-12-13 04:00:00,0.0,0.94537807,0.9423114657402039,1.7981504201889038,0.12153937667608261,1.003570556640625,2.090465784072876
2016-12-13 05:00:00,0.0,0.4966424,0.4776064157485962,1.4563747644424438,0.23234304785728455,0.6162456274032593,0.6241438388824463
2016-12-13 06:00:00,0.0,0.50704306,0.2742571532726288,0.08777380734682083,0.37054944038391113,1.612552523612976,0.31279802322387695
2016-12-13 07:00:00,0.0,0.3384001,0.36498865485191345,0.04775288701057434,0.2789369225502014,0.37810221314430237,0.28611257672309875
2016-12-13 08:00:00,0.0,0.4779987,0.5466689467430115,1.309531807899475,0.12052832543849945,0.35907799005508423,0.6917787790298462
2016-12-13 09:00:00,0.0,1.6711009,2.311262369155884,3.86419415473938,0.729777455329895,0.5924859046936035,0.816750705242157
2016-12-13 10:00:00,0.0,0.79007506,0.7843778133392334,0.0020097827073186636,1.4826074838638306,0.3319692015647888,0.6110287308692932
2016-12-13 11:00:00,0.0,0.74436873,0.763563334941864,0.018690163269639015,0.5777010321617126,0.8252149224281311,0.9608091115951538
2016-12-13 12:00:00,0.0,1.0423214,0.5951575636863708,0.46320798993110657,0.7235226035118103,3.5189757347106934,0.09383660554885864
2016-12-13 13:00:00,0.0,0.72720915,0.5105660557746887,1.026861548423767,0.42248645424842834,1.6177316904067993,0.9270054697990417
2016-12-13 14:00:00,0.0,0.7543767,0.7485950589179993,0.5856340527534485,1.0953274965286255,0.29717347025871277,1.0346931219100952
2016-12-13 15:00:00,0.0,2.0906274,1.304695963859558,0.694378137588501,6.779995441436768,0.1859014332294464,2.282156467437744
2016-12-13 16:00:00,0.0,0.9108641,0.9347443580627441,0.3409511148929596,0.7619725465774536,0.5101718902587891,1.8718341588974
2016-12-13 17:00:00,0.0,0.38692668,0.48460960388183594,0.09862320125102997,0.22027431428432465,0.2362183779478073,0.4282863140106201
2016-12-13 18:00:00,0.0,0.44884583,0.6195071339607239,1.0742450952529907,0.2434796541929245,0.2029207944869995,0.05828807130455971
2016-12-13 19:00:00,0.0,1.8327483,2.593916893005371,3.416834592819214,0.2216240018606186,1.077034592628479,1.0116801261901855
2016-12-13 20:00:00,0.0,1.5672128,1.2994526624679565,0.128335639834404,1.1786043643951416,3.199249505996704,1.3574947118759155
2016-12-13 21:00:00,0.0,2.0216193,0.9954598546028137,1.9410154819488525,8.194662094116211,0.29906514286994934,0.4103720188140869
2016-12-13 22:00:00,0.0,0.66472614,0.3551149070262909,0.06323788315057755,1.7702915668487549,0.6676124930381775,0.732975423336029
2016-12-13 23:00:00,0.0,0.63321996,0.20177330076694489,1.1518144607543945,0.345052570104599,2.3071351051330566,0.6671924591064453
2016-12-14 00:00:00,0.0,0.5637827,0.4516754150390625,0.1581418365240097,1.040481448173523,0.5542399883270264,0.5203135013580322
2016-12-14 01:00:00,0.0,0.5624773,0.5290736556053162,0.4381427466869354,0.9019035696983337,0.504023015499115,0.30228182673454285
2016-12-14 02:00:00,0.0,1.3338252,1.4466363191604614,1.0261996984481812,2.351200580596924,0.17822086811065674,0.97576504945755
2016-12-14 03:00:00,0.0,0.70477664,0.6594124436378479,0.9646819829940796,1.2731786966323853,0.2183542251586914,0.7685209512710571
2016-12-14 04:00:00,0.0,0.80124503,0.6191386580467224,0.716496467590332,0.535145103931427,1.7928849458694458,0.6453754305839539
2016-12-14 05:00:00,0.0,2.4197648,3.0165436267852783,0.47747471928596497,1.8451505899429321,1.6969373226165771,1.5951874256134033
2016-12-14 06:00:00,0.0,0.44121876,0.4805014133453369,0.21424496173858643,0.5193288922309875,0.4014575779438019,0.19515632092952728
2016-12-14 07:00:00,0.0,0.39319268,0.5146836042404175,0.002463799435645342,0.3052966892719269,0.2533070743083954,0.16054706275463104
2016-12-14 08:00:00,0.0,2.1477373,3.0889790058135986,2.1381325721740723,1.7384835481643677,0.26567158102989197,0.5124967098236084
2016-12-14 09:00:00,0.0,2.2443743,3.27640438079834,0.2692974805831909,1.7868833541870117,0.604171097278595,0.21692852675914764
2016-12-14 10:00:00,0.0,0.58190703,0.5646451115608215,0.007485534064471722,1.0178048610687256,0.3990914523601532,0.3861902356147766
2016-12-14 11:00:00,0.0,1.162195,0.5034580230712891,0.07879099994897842,5.134710788726807,0.1378541886806488,0.22616347670555115
2016-12-14 12:00:00,0.0,4.9388967,7.300841808319092,0.008615988306701183,4.512697696685791,0.5247995257377625,0.47031742334365845
2016-12-14 13:00:00,0.0,2.3806958,3.662342071533203,0.6104459762573242,1.7984257936477661,0.10666946321725845,0.13189837336540222
2016-12-14 14:00:00,0.0,3.6163692,5.65423583984375,3.9731500148773193,0.9653049111366272,0.18372102081775665,1.9464671611785889
2016-12-14 15:00:00,0.0,2.275003,2.843003511428833,10.004532814025879,1.9223508834838867,0.5367045998573303,0.5937818884849548
2016-12-14 16:00:00,0.0,3.022931,3.184751510620117,9.795395851135254,4.115173816680908,1.965549349784851,0.29788365960121155
2016-12-14 17:00:00,0.0,2.8539221,2.478027105331421,1.468900203704834,1.7939857244491577,5.227206707000732,3.157186985015869
2016-12-14 18:00:00,0.0,2.025784,2.306490659713745,2.9918019771575928,0.45790982246398926,2.1661086082458496,2.5982532501220703
2016-12-14 19:00:00,0.0,0.93910605,1.0604337453842163,2.28229022026062,0.59552001953125,1.135928750038147,0.13217982649803162
2016-12-14 20:00:00,0.0,1.5713689,2.2666409015655518,0.3865460753440857,1.5023378133773804,0.08242225646972656,0.4224039912223816
2016-12-14 21:00:00,0.0,0.38531014,0.2032647579908371,0.29854249954223633,0.813779890537262,0.5912948250770569,0.3889788091182709
2016-12-14 22:00:00,0.0,0.95895725,0.2434530109167099,0.034736424684524536,2.3326683044433594,2.2022860050201416,0.9032174944877625
2016-12-14 23:00:00,0.0,0.47644508,0.331807404756546,0.15280921757221222,0.37131378054618835,0.88609778881073,0.8922677040100098
2016-12-15 00:00:00,0.0,0.25741428,0.12046869844198227,0.08875489234924316,0.1641852706670761,0.6917030215263367,0.5243980884552002
2016-12-15 01:00:00,0.0,5.133389,2.7110884189605713,0.07238756865262985,4.527255535125732,10.297886848449707,12.955306053161621
2016-12-15 02:00:00,0.0,0.80826735,0.9980438351631165,0.008259234949946404,0.1318771094083786,0.867531418800354,0.9495798349380493
2016-12-15 03:00:00,0.0,1.5219253,1.9705322980880737,0.19870638847351074,1.3097813129425049,0.8331342339515686,0.7377225160598755
2016-12-15 04:00:00,0.0,1.9752948,3.0571813583374023,0.7494133114814758,0.5992422103881836,0.270101934671402,1.1826229095458984
2016-12-15 05:00:00,0.0,2.8894663,4.562864780426025,0.2594887614250183,1.2907966375350952,0.47615814208984375,0.5275331139564514
2016-12-15 06:00:00,0.0,5.057924,5.630534648895264,0.13008323311805725,0.7196270823478699,9.221989631652832,3.15911865234375
2016-12-15 07:00:00,0.0,2.7870495,4.22084903717041,4.056116104125977,0.7558189034461975,0.33479422330856323,1.7130889892578125
2016-12-15 08:00:00,0.0,0.61005205,0.7887051105499268,2.691533327102661,0.14314322173595428,0.14420290291309357,0.6500900387763977
2016-12-15 09:00:00,0.0,0.6766983,0.7459514141082764,4.0663323402404785,0.2728211581707001,0.20322725176811218,0.9491299390792847
2016-12-15 10:00:00,0.0,0.30762652,0.5051529407501221,0.33503201603889465,0.07834078371524811,0.01605389639735222,0.02711842954158783
2016-12-15 11:00:00,0.0,0.8890453,0.2713315784931183,0.08794557303190231,4.198159217834473,0.11084697395563126,0.36649951338768005
2016-12-15 12:00:00,0.0,0.6616525,0.8443586230278015,0.30639350414276123,0.48539528250694275,0.03360087797045708,1.0617706775665283
2016-12-15 13:00:00,0.0,0.45691493,0.3831975758075714,0.23812419176101685,0.40433475375175476,0.5905621647834778,0.8120492696762085
2016-12-15 14:00:00,0.0,0.6432902,0.6019027829170227,0.10310463607311249,0.231081023812294,1.3166725635528564,0.5696085691452026
2016-12-15 15:00:00,0.0,1.9492993,1.9793368577957153,1.306995153427124,1.089263677597046,3.6833841800689697,0.4000619053840637
2016-12-15 16:00:00,0.0,3.0942333,1.876975417137146,0.06073926389217377,1.7958039045333862,10.162320137023926,1.0592541694641113
2016-12-15 17:00:00,0.0,1.0062524,0.8742160201072693,0.1583864837884903,0.7073459029197693,1.6156164407730103,1.4671354293823242
2016-12-15 18:00:00,0.0,0.9901779,0.8134441375732422,0.5649893283843994,1.190398931503296,1.1829537153244019,1.4691325426101685
2016-12-15 19:00:00,0.0,1.344777,1.7505027055740356,1.8864437341690063,1.1202895641326904,0.3287923038005829,0.945833146572113
2016-12-15 20:00:00,0.0,1.3621055,1.653744101524353,0.7127088308334351,0.6748549342155457,1.4219070672988892,0.8726584315299988
2016-12-15 21:00:00,0.0,0.6545198,0.765752375125885,0.0009394513908773661,0.27446508407592773,0.8984596133232117,0.38872024416923523
2016-12-15 22:00:00,0.0,0.9737714,0.7838825583457947,0.15456503629684448,2.2852835655212402,0.4771210551261902,0.8918973207473755
2016-12-15 23:00:00,0.0,0.7351784,0.862309455871582,0.0001227312022820115,0.7785583734512329,0.5813064575195312,0.3495175838470459
2016-12-16 00:00:00,0.0,0.88430244,0.7189276218414307,0.15533144772052765,0.4539310336112976,1.2065006494522095,2.248096466064453
2016-12-16 01:00:00,0.0,0.5082037,0.49986302852630615,0.0428566038608551,0.7068398594856262,0.43887677788734436,0.4482939839363098
2016-12-16 02:00:00,0.0,0.5192733,0.42225900292396545,1.647889256477356,0.6198381781578064,0.7715029120445251,0.2018144130706787
2016-12-16 03:00:00,0.0,1.8867223,1.8590587377548218,4.854212284088135,4.052337169647217,0.37316617369651794,0.16972652077674866
2016-12-16 04:00:00,0.0,2.6309712,3.30839467048645,0.1324101686477661,1.0993095636367798,1.1919230222702026,4.38981294631958
2016-12-16 05:00:00,0.0,3.1693575,5.001208782196045,1.0165414810180664,1.0534530878067017,0.3595634996891022,1.3364324569702148
2016-12-16 06:00:00,0.0,0.9311997,0.9322726726531982,0.07985381782054901,0.8919326663017273,0.6292913556098938,1.7346556186676025
2016-12-16 07:00:00,0.0,1.2133294,1.5132960081100464,0.7488652467727661,1.7177234888076782,0.16488926112651825,0.48172852396965027
2016-12-16 08:00:00,0.0,2.0392425,2.7580995559692383,10.941243171691895,0.9762640595436096,0.43198034167289734,0.17352072894573212
2016-12-16 09:00:00,0.0,1.477902,2.1049766540527344,1.024613857269287,0.5610916018486023,0.3838547170162201,1.3477771282196045
2016-12-16 10:00:00,0.0,1.2246215,1.2261053323745728,0.23731212317943573,1.5658149719238281,0.5253643989562988,2.0891566276550293
2016-12-16 11:00:00,0.0,1.6244568,0.4760935306549072,0.11827801913022995,7.1327385902404785,1.0036576986312866,0.338085800409317
2016-12-16 12:00:00,0.0,5.1218114,6.534736156463623,0.40128520131111145,3.213294267654419,3.6891937255859375,3.6713905334472656
2016-12-16 13:00:00,0.0,4.137497,4.683461666107178,0.18005096912384033,2.0699641704559326,3.457157611846924,6.659842491149902
2016-12-16 14:00:00,0.0,2.0743575,2.6096551418304443,8.102051734924316,1.2456724643707275,0.9626434445381165,0.7513478994369507
2016-12-16 15:00:00,0.0,1.0235485,0.5715399384498596,5.387155532836914,1.3631772994995117,1.097551703453064,1.9208414554595947
2016-12-16 16:00:00,0.0,0.9089951,0.5009461641311646,7.68414831161499,1.31410813331604,0.8687964081764221,1.024899959564209
2016-12-16 17:00:00,0.0,0.49369374,0.1353325992822647,0.680404782295227,1.260237693786621,0.8702455759048462,0.5967650413513184
2016-12-16 18:00:00,0.0,0.86675394,0.7206063866615295,4.956419467926025,0.6130467057228088,0.7577722668647766,1.3559277057647705
2016-12-16 19:00:00,0.0,0.694559,0.28899696469306946,0.12307731062173843,0.4905388057231903,2.5104973316192627,0.44994452595710754
2016-12-16 20:00:00,0.0,0.85167074,0.747742235660553,0.002106224652379751,0.8177686929702759,1.4464699029922485,0.7060626745223999
2016-12-16 21:00:00,0.0,0.6834082,0.7090814709663391,0.0052954996936023235,0.17582084238529205,0.5916007161140442,1.7478375434875488
2016-12-16 22:00:00,0.0,0.92296296,0.45870545506477356,0.08342079818248749,1.8118689060211182,1.1231416463851929,2.0124948024749756
2016-12-16 23:00:00,0.0,3.4343092,5.769497394561768,0.06130916252732277,0.8562750816345215,0.23553360998630524,0.37584203481674194
2016-12-17 00:00:00,0.0,0.38318646,0.4767313301563263,0.00019374897237867117,0.1669466495513916,0.3532469868659973,0.34847956895828247
2016-12-17 01:00:00,0.0,0.36765862,0.40091419219970703,0.12143895775079727,0.20022991299629211,0.47637590765953064,0.33242449164390564
2016-12-17 02:00:00,0.0,0.48356265,0.4948301613330841,1.0457587242126465,0.6499276757240295,0.16511623561382294,0.5415509939193726
2016-12-17 03:00:00,0.0,2.0077646,2.1053597927093506,0.23707379400730133,2.9971816539764404,0.8941032290458679,2.082296848297119
2016-12-17 04:00:00,0.0,0.9070224,1.2839112281799316,1.618659496307373,0.6011466979980469,0.1447625607252121,0.3370189070701599
2016-12-17 05:00:00,0.0,1.3237709,1.5969635248184204,0.0673290491104126,1.5330570936203003,0.5436629056930542,0.9976632595062256
2016-12-17 06:00:00,0.0,0.55813676,0.37721356749534607,0.4875844419002533,0.5191975831985474,1.2956907749176025,0.43873798847198486
2016-12-17 07:00:00,0.0,1.4666467,1.8836301565170288,0.4393313527107239,1.732606291770935,0.5383568406105042,0.38065189123153687
2016-12-17 08:00:00,0.0,1.2925503,1.5923309326171875,3.699465751647949,0.17804062366485596,0.5150883197784424,2.203087329864502
2016-12-17 09:00:00,0.0,0.82049984,1.1775461435317993,2.708460569381714,0.09104568511247635,0.42638635635375977,0.17247501015663147
2016-12-17 10:00:00,0.0,2.1354864,2.11811900138855,2.488727569580078,0.5993101000785828,4.627121925354004,0.4793283939361572
2016-12-17 11:00:00,0.0,1.3098884,0.9473795890808105,0.07471033185720444,3.8253071308135986,0.48265859484672546,0.8394054770469666
2016-12-17 12:00:00,0.0,0.7491917,0.9584736227989197,0.054073065519332886,0.8830652832984924,0.2869834303855896,0.2418660670518875
2016-12-17 13:00:00,0.0,0.63519186,0.6713814735412598,0.5778408050537109,0.6242852210998535,0.24141044914722443,1.1405972242355347
2016-12-17 14:00:00,0.0,0.88538146,1.1761651039123535,1.1782152652740479,0.23047064244747162,0.24718037247657776,1.3304171562194824
2016-12-17 15:00:00,0.0,1.0976963,1.3319419622421265,0.7593487501144409,1.734384536743164,0.2063446193933487,0.22247014939785004
2016-12-17 16:00:00,0.0,1.3804313,1.8537517786026,0.04709416627883911,1.8251159191131592,0.23268787562847137,0.10419352352619171
2016-12-17 17:00:00,0.0,0.30216435,0.4057044982910156,0.19279339909553528,0.02762167528271675,0.2396702915430069,0.2980807423591614
2016-12-17 18:00:00,0.0,4.074312,5.4098968505859375,1.0994073152542114,0.49439045786857605,3.94171142578125,3.30145001411438
2016-12-17 19:00:00,0.0,1.0143275,0.8526440262794495,3.1603569984436035,1.309579610824585,0.08703535795211792,2.5539915561676025
2016-12-17 20:00:00,0.0,1.354818,1.4444481134414673,0.6423359513282776,1.4604531526565552,0.7057271003723145,1.9462049007415771
2016-12-17 21:00:00,0.0,0.503201,0.42180392146110535,0.5427323579788208,0.2853567898273468,1.1556371450424194,0.22116516530513763
2016-12-17 22:00:00,0.0,0.6810306,0.4827921390533447,0.49908092617988586,0.6964907050132751,1.6251639127731323,0.23666095733642578
2016-12-17 23:00:00,0.0,1.1689317,0.22950208187103271,0.8621689081192017,0.8186330199241638,4.409252643585205,1.824662208557129
2016-12-18 00:00:00,0.0,0.82439417,0.559342622756958,0.38176724314689636,0.934360146522522,1.980737566947937,0.3093179166316986
2016-12-18 01:00:00,0.0,3.0970566,4.523534297943115,0.3651629388332367,2.1123883724212646,0.5819228887557983,1.3458172082901
2016-12-18 02:00:00,0.0,0.40999746,0.32269224524497986,0.2566310167312622,0.11838619410991669,1.1194379329681396,0.24096879363059998
2016-12-18 03:00:00,0.0,1.9498525,1.2490726709365845,0.9559215903282166,6.464935302734375,0.5606489777565002,0.9327273964881897
2016-12-18 04:00:00,0.0,0.5934941,0.6273892521858215,0.18961790204048157,0.6182277798652649,0.5324431657791138,0.5546475648880005
2016-12-18 05:00:00,0.0,0.95919013,1.3109591007232666,1.2222412824630737,0.6579385995864868,0.47797468304634094,0.15213021636009216
2016-12-18 06:00:00,0.0,4.061286,5.400949478149414,0.13365553319454193,0.8714786767959595,5.470491886138916,0.12126749008893967
2016-12-18 07:00:00,0.0,2.4358776,3.3195407390594482,0.0018016183748841286,1.9972647428512573,0.2898105978965759,2.2656092643737793
2016-12-18 08:00:00,0.0,0.76538724,0.9354851245880127,6.328965187072754,0.35063645243644714,0.22542455792427063,0.02465451881289482
2016-12-18 09:00:00,0.0,2.1972222,3.6363399028778076,0.2220543622970581,0.7177501320838928,0.1841737926006317,0.16821829974651337
2016-12-18 10:00:00,0.0,0.67704076,0.3918212950229645,1.3036695718765259,0.38415461778640747,1.7716313600540161,0.8287176489830017
2016-12-18 11:00:00,0.0,1.4172395,0.6743432879447937,0.3656933307647705,0.6891987919807434,5.344455242156982,0.5389488339424133
2016-12-18 12:00:00,0.0,1.3146617,0.923414945602417,3.390937566757202,2.677816390991211,0.6181659698486328,1.9764208793640137
2016-12-18 13:00:00,0.0,0.7438097,0.858494222164154,0.07625871151685715,0.9018575549125671,0.4277712404727936,0.49907436966896057
2016-12-18 14:00:00,0.0,1.1778435,1.551948070526123,0.41895923018455505,0.38172170519828796,1.1599924564361572,0.5473887324333191
2016-12-18 15:00:00,0.0,0.99615985,0.3821317255496979,2.232290267944336,1.1443262100219727,2.4967360496520996,1.4859950542449951
2016-12-18 16:00:00,0.0,1.7016187,1.6871739625930786,0.21082466840744019,1.9263018369674683,1.6301019191741943,1.8929436206817627
2016-12-18 17:00:00,0.0,3.273641,3.547213315963745,0.11283203959465027,5.23789644241333,0.8883015513420105,3.1593127250671387
2016-12-18 18:00:00,0.0,2.0930831,2.3234689235687256,0.05735421180725098,2.750488042831421,0.9525712728500366,2.065140724182129
2016-12-18 19:00:00,0.0,1.0491316,0.7203555703163147,0.1302826851606369,1.5733758211135864,1.527584433555603,1.4967796802520752
2016-12-18 20:00:00,0.0,2321.1904,0.9918288588523865,0.5206099152565002,0.33014389872550964,14254.6708984375,0.46499326825141907
2016-12-18 21:00:00,0.0,1877.0814,1155.6351318359375,0.2416115254163742,2600.872314453125,1255.069580078125,6496.85400390625
2016-12-18 22:00:00,0.0,3.352321,2.70175838470459,8.151455879211426,7.206672668457031,1.2687500715255737,2.957047939300537
2016-12-18 23:00:00,0.0,2.7679148,2.9969675540924072,2.857938289642334,4.039816856384277,1.034921407699585,2.17800235748291
2016-12-19 00:00:00,0.0,3.3755822,3.4413318634033203,0.23976337909698486,4.569748878479004,1.4122564792633057,5.111067295074463
2016-12-19 01:00:00,0.0,0.7288609,0.9457102417945862,0.22391998767852783,0.17862871289253235,0.8635416626930237,0.28121453523635864
2016-12-19 02:00:00,0.0,1.1769183,0.9751017689704895,0.10761667042970657,0.7165222764015198,2.1021714210510254,1.8416414260864258
2016-12-19 03:00:00,0.0,2.5366666,1.9673123359680176,8.89260482788086,2.949002742767334,2.127833127975464,4.357676982879639
2016-12-19 04:00:00,0.0,1.9671155,1.3464056253433228,0.7156460285186768,2.335944652557373,2.1631252765655518,5.015772819519043
2016-12-19 05:00:00,0.0,2.9575865,3.7582578659057617,0.4441137909889221,3.178117036819458,0.7897739410400391,2.189671039581299
2016-12-19 06:00:00,0.0,1.0523665,0.9452115893363953,0.7357920408248901,0.6267339587211609,1.7169487476348877,1.3562781810760498
2016-12-19 07:00:00,0.0,1.8759282,2.601470947265625,2.993781328201294,0.5717283487319946,1.412225365638733,0.33703896403312683
2016-12-19 08:00:00,0.0,2.4416604,2.8343734741210938,5.7661285400390625,1.094294548034668,1.9885746240615845,2.405055522918701
2016-12-19 09:00:00,0.0,0.68501085,0.8232048153877258,0.09100985527038574,0.24612672626972198,0.5299968123435974,1.043668270111084
2016-12-19 10:00:00,0.0,0.70084614,0.8093134760856628,5.1942850404884666e-05,0.9591969847679138,0.36291879415512085,0.36449921131134033
2016-12-19 11:00:00,0.0,0.39420798,0.37630924582481384,0.007041231729090214,0.6565707921981812,0.3293553292751312,0.25274917483329773
2016-12-19 12:00:00,0.0,0.50054485,0.44468870759010315,0.1720867156982422,0.6353287696838379,0.26379308104515076,1.0962402820587158
2016-12-19 13:00:00,0.0,0.40641755,0.2489294558763504,0.017652174457907677,0.659160315990448,0.18685020506381989,1.3904800415039062
2016-12-19 14:00:00,0.0,0.5068233,0.2859441936016083,2.5798799991607666,0.5090891122817993,0.6060129404067993,1.1362870931625366
2016-12-19 15:00:00,0.0,3.0489278,2.750262498855591,0.2970719039440155,0.9128326773643494,8.032628059387207,0.5455757975578308
2016-12-19 16:00:00,0.0,1.9059702,0.8072691559791565,0.810864269733429,4.238215923309326,4.0812764167785645,0.8837371468544006
2016-12-19 17:00:00,0.0,0.4929352,0.4745643138885498,0.07687445729970932,0.690591037273407,0.3635410666465759,0.5877174735069275
2016-12-19 18:00:00,0.0,0.5054102,0.4175698459148407,0.030793651938438416,0.8013086915016174,0.5093867778778076,0.6263257265090942
2016-12-19 19:00:00,0.0,1.0285715,1.2828648090362549,0.0896034687757492,0.42528215050697327,0.5687472820281982,1.5980031490325928
2016-12-19 20:00:00,0.0,0.4860451,0.46562352776527405,3.1238574981689453,0.2896692454814911,0.25477051734924316,0.6975081562995911
2016-12-19 21:00:00,0.0,0.5805224,0.569002628326416,0.14128050208091736,0.7855691909790039,0.17437675595283508,1.111374020576477
2016-12-19 22:00:00,0.0,1.1519126,0.39314505457878113,0.8819863200187683,4.856448173522949,0.16881771385669708,1.0094784498214722
2016-12-19 23:00:00,0.0,0.61247706,0.5942679643630981,3.5278701782226562,0.39071372151374817,0.06852705031633377,1.3328815698623657
2016-12-20 00:00:00,0.0,0.8769791,0.39946508407592773,1.3955031633377075,0.9738951921463013,1.894631266593933,1.661937952041626
2016-12-20 01:00:00,0.0,0.47417557,0.42878687381744385,0.015075111761689186,0.2865654528141022,0.8008250594139099,0.6179637908935547
2016-12-20 02:00:00,0.0,0.2682374,0.32285407185554504,0.12153172492980957,0.09428782761096954,0.2946246564388275,0.23544800281524658
2016-12-20 03:00:00,0.0,0.9979653,0.5069621205329895,0.875948965549469,3.69258713722229,0.21357908844947815,0.631575882434845
2016-12-20 04:00:00,0.0,0.36699194,0.42218175530433655,0.019490057602524757,0.19112394750118256,0.5814789533615112,0.055145151913166046
2016-12-20 05:00:00,0.0,0.7906858,1.1244856119155884,1.6280086040496826,0.49526268243789673,0.1064806580543518,0.29290539026260376
2016-12-20 06:00:00,0.0,0.7907265,0.3696570098400116,0.3365877866744995,0.2305755913257599,3.2966339588165283,0.02560427039861679
2016-12-20 07:00:00,0.0,0.8435551,1.3059295415878296,0.025174399837851524,0.5303633213043213,0.07249777764081955,0.17133942246437073
2016-12-20 08:00:00,0.0,0.87333655,1.1161633729934692,0.1606927365064621,0.15114113688468933,0.564862847328186,1.3982069492340088
2016-12-20 09:00:00,0.0,2.8802881,3.349271535873413,5.057806968688965,0.5772275924682617,4.709644794464111,0.3509906530380249
2016-12-20 10:00:00,0.0,1.7195783,2.2115652561187744,0.781130313873291,0.5890743136405945,2.0335044860839844,0.4312807023525238
2016-12-20 11:00:00,0.0,2.1371963,1.8339943885803223,1.0376437902450562,1.6740423440933228,3.64506196975708,2.40305233001709
2016-12-20 12:00:00,0.0,0.6855703,0.6334088444709778,0.36925509572029114,0.7764967083930969,0.37905436754226685,1.4548994302749634
2016-12-20 13:00:00,0.0,0.23318931,0.19839388132095337,0.06227167695760727,0.1573905050754547,0.15574981272220612,0.7528582811355591
2016-12-20 14:00:00,0.0,0.61868995,0.6007773280143738,1.3370144367218018,0.48491063714027405,0.5654364824295044,0.8738912343978882
2016-12-20 15:00:00,0.0,1.8673778,2.096907377243042,0.46457019448280334,1.5813909769058228,2.2248880863189697,0.7157350182533264
2016-12-20 16:00:00,0.0,2.11801,0.8903562426567078,0.26772722601890564,7.769981384277344,1.308347463607788,1.4724656343460083
2016-12-20 17:00:00,0.0,0.7972932,0.23721569776535034,1.5109152793884277,0.3455733358860016,3.124250650405884,0.6976862549781799
2016-12-20 18:00:00,0.0,0.6268733,0.7131903171539307,0.10688555985689163,0.9928886294364929,0.1819959431886673,0.37697726488113403
2016-12-20 19:00:00,0.0,0.46678182,0.34589874744415283,1.4622435569763184,0.6240882873535156,0.5788322687149048,0.4718407392501831
2016-12-20 20:00:00,0.0,0.41809797,0.3112601339817047,0.1934932917356491,0.5126550197601318,0.6426520347595215,0.5568318367004395
2016-12-20 21:00:00,0.0,0.3097943,0.20327793061733246,1.1644511222839355,0.4828393757343292,0.31440719962120056,0.42432737350463867
2016-12-20 22:00:00,0.0,0.6801053,0.2437678724527359,0.35010412335395813,2.487916946411133,0.20643815398216248,1.045877456665039
2016-12-20 23:00:00,0.0,0.20730036,0.10691788047552109,0.2842537462711334,0.3133414089679718,0.372111052274704,0.3163659870624542
2016-12-21 00:00:00,0.0,1.9386038,3.0171124935150146,0.3725605010986328,0.612516462802887,0.27136898040771484,1.0973732471466064
2016-12-21 01:00:00,0.0,1.7562019,0.9658054709434509,0.0985889583826065,1.285023808479309,4.073754787445068,3.681826114654541
2016-12-21 02:00:00,0.0,0.41136166,0.40087613463401794,6.151396519271657e-05,0.19410057365894318,0.6716326475143433,0.5018325448036194
2016-12-21 03:00:00,0.0,1.3335944,0.6831299662590027,1.312169075012207,4.156883239746094,1.3083162307739258,0.3452203571796417
2016-12-21 04:00:00,0.0,0.21127772,0.22804731130599976,0.7797423005104065,0.13867805898189545,0.036136891692876816,0.40209001302719116
2016-12-21 05:00:00,0.0,0.46184805,0.4894794225692749,0.23366135358810425,0.33589524030685425,0.7548795938491821,0.060719117522239685
2016-12-21 06:00:00,0.0,0.4838473,0.41814517974853516,0.009421703405678272,0.7625290751457214,0.3456313908100128,0.7508506178855896
2016-12-21 07:00:00,0.0,2.121916,2.576770782470703,0.08711861819028854,0.719922661781311,0.703245997428894,4.837645530700684
2016-12-21 08:00:00,0.0,0.63450617,0.5396203398704529,1.018090009689331,0.8439702391624451,0.533786416053772,0.9176226854324341
2016-12-21 09:00:00,0.0,0.40120178,0.3328860104084015,4.587469577789307,0.1757909506559372,0.37413984537124634,0.20635667443275452
2016-12-21 10:00:00,0.0,0.52076036,0.39975082874298096,3.686872720718384,0.5816003084182739,0.41686683893203735,0.5306335687637329
2016-12-21 11:00:00,0.0,1.6952717,1.128682255744934,4.704315185546875,3.588298797607422,1.679945707321167,1.056571125984192
2016-12-21 12:00:00,0.0,1.8320546,1.3523327112197876,0.025981208309531212,1.87039053440094,4.194249629974365,0.9609761238098145
2016-12-21 13:00:00,0.0,4.45451,5.874264240264893,1.7509558200836182,4.705240726470947,0.4416796565055847,3.1955482959747314
2016-12-21 14:00:00,0.0,1.1330165,1.2859288454055786,0.01068546250462532,1.276042103767395,0.7704428434371948,0.8803343772888184
2016-12-21 15:00:00,0.0,1.1540738,0.8866193890571594,0.11973598599433899,2.8831887245178223,0.29835444688796997,1.4889429807662964
2016-12-21 16:00:00,0.0,0.8458973,0.8121528625488281,0.07307565957307816,0.8405205607414246,0.7735620737075806,1.3775653839111328
2016-12-21 17:00:00,0.0,1.2087349,1.0554547309875488,0.3731697201728821,0.1358243077993393,3.4509875774383545,0.29095983505249023
2016-12-21 18:00:00,0.0,0.9742304,0.4925359785556793,0.22217796742916107,0.1905646026134491,4.032221794128418,0.07233881950378418
2016-12-21 19:00:00,0.0,1.2385424,1.4595879316329956,0.7390416264533997,0.7726858258247375,1.2588226795196533,0.8169029951095581
2016-12-21 20:00:00,0.0,1.8722831,2.7493503093719482,0.523838222026825,1.295456886291504,0.39743706583976746,0.5374164581298828
2016-12-21 21:00:00,0.0,0.86880004,0.6019431948661804,0.05600343272089958,2.497957229614258,0.21423843502998352,0.9675981402397156
2016-12-21 22:00:00,0.0,0.69044423,0.6430975794792175,0.7837799787521362,1.143306016921997,0.4740901291370392,0.5373021364212036
2016-12-21 23:00:00,0.0,1.5322624,1.5324617624282837,0.21978899836540222,0.9496655464172363,1.588539719581604,2.7802464962005615
2016-12-22 00:00:00,0.0,0.44325417,0.35942158102989197,0.056286945939064026,0.7196460366249084,0.42197152972221375,0.5965498685836792
2016-12-22 01:00:00,0.0,0.32241714,0.24012844264507294,0.03741881251335144,0.5201149582862854,0.44999346137046814,0.31816917657852173
2016-12-22 02:00:00,0.0,0.7462509,0.659842312335968,0.611025333404541,1.075822114944458,0.10906390845775604,1.836836338043213
2016-12-22 03:00:00,0.0,1.2254666,1.4307975769042969,0.6270884275436401,0.5097422003746033,0.8524355292320251,2.048398494720459
2016-12-22 04:00:00,0.0,0.4480221,0.4772685468196869,0.38755282759666443,0.5175721645355225,0.1355898082256317,0.7127046585083008
2016-12-22 05:00:00,0.0,0.45713654,0.37998470664024353,0.00520248431712389,0.11185741424560547,0.7215608954429626,1.1745271682739258
2016-12-22 06:00:00,0.0,0.75918084,0.5602582693099976,3.344268321990967,0.24306954443454742,0.6054180860519409,2.478724956512451
2016-12-22 07:00:00,0.0,0.67058814,0.7434260845184326,2.76873779296875,0.49410364031791687,0.19372959434986115,0.852373480796814
2016-12-22 08:00:00,0.0,1.8458056,2.6897573471069336,1.856412410736084,1.109093427658081,0.0973542109131813,1.128482460975647
2016-12-22 09:00:00,0.0,0.6936791,0.620980441570282,0.5868068337440491,0.8386086225509644,0.8953002691268921,0.5501249432563782
2016-12-22 10:00:00,0.0,3.8956301,4.587758541107178,1.0075643062591553,1.922101378440857,4.619410991668701,2.651933193206787
2016-12-22 11:00:00,0.0,1.4285908,0.8840455412864685,0.03742199018597603,1.1385713815689087,3.181596279144287,2.4834296703338623
2016-12-22 12:00:00,0.0,0.45870343,0.5327094197273254,0.37908944487571716,0.11964590102434158,0.5908585786819458,0.39664971828460693
2016-12-22 13:00:00,0.0,0.27585223,0.25646135210990906,0.09528081864118576,0.3299618661403656,0.1427295058965683,0.5756136775016785
2016-12-22 14:00:00,0.0,0.872727,0.6527286171913147,0.41072341799736023,1.0305665731430054,1.0052047967910767,1.8001631498336792
2016-12-22 15:00:00,0.0,0.47695297,0.32815495133399963,0.5412856936454773,1.040116548538208,0.2687455713748932,0.7324845790863037
2016-12-22 16:00:00,0.0,1.6501241,2.1753666400909424,0.1739068180322647,0.6584145426750183,0.4644489288330078,2.6781489849090576
2016-12-22 17:00:00,0.0,0.4256827,0.5460385680198669,1.4890766143798828,0.14339172840118408,0.2411133199930191,0.25470462441444397
2016-12-22 18:00:00,0.0,0.70194876,0.8736999034881592,3.702331304550171,0.44450831413269043,0.16147162020206451,0.3177025616168976
2016-12-22 19:00:00,0.0,0.6222757,0.526924192905426,1.9824374914169312,0.2849193215370178,1.302236557006836,0.25478649139404297
2016-12-22 20:00:00,0.0,1.1556537,0.7432634830474854,0.0018237809417769313,0.6343095898628235,2.8105297088623047,1.9347712993621826
2016-12-22 21:00:00,0.0,0.75965774,0.4630023241043091,0.002835787134245038,0.9292587041854858,1.5952720642089844,0.9696689248085022
2016-12-22 22:00:00,0.0,0.54551697,0.34274157881736755,1.3478667736053467,1.5343749523162842,0.30206871032714844,0.2571146786212921
2016-12-22 23:00:00,0.0,3.341567,5.845035552978516,0.5259848833084106,0.17759110033512115,0.18460536003112793,0.08629149943590164
2016-12-23 00:00:00,0.0,0.47813952,0.32595357298851013,0.002746242331340909,0.16647613048553467,1.287591576576233,0.6389733552932739
2016-12-23 01:00:00,0.0,0.48274323,0.396669864654541,0.07784902304410934,0.12246527522802353,1.3069216012954712,0.28858089447021484
2016-12-23 02:00:00,0.0,0.537408,0.5294546484947205,1.4187257289886475,0.331406831741333,0.7189555764198303,0.40759211778640747
2016-12-23 03:00:00,0.0,0.4210964,0.3889710009098053,1.2808854579925537,0.4058646857738495,0.5756743550300598,0.1550457924604416
2016-12-23 04:00:00,0.0,0.90111,0.4749896228313446,2.0977087020874023,1.468973994255066,2.088559865951538,0.08688423782587051
2016-12-23 05:00:00,0.0,0.5056891,0.3504774272441864,0.4594902992248535,0.9859409332275391,0.38143429160118103,0.8255140781402588
2016-12-23 06:00:00,0.0,0.556821,0.48740971088409424,2.1175925731658936,0.44847187399864197,0.5301257371902466,0.8194231986999512
2016-12-23 07:00:00,0.0,1.020012,1.1838362216949463,0.19759784638881683,0.7219776511192322,1.1242835521697998,0.581755518913269
2016-12-23 08:00:00,0.0,0.46737564,0.4882272779941559,0.15516223013401031,0.48896023631095886,0.2472621351480484,0.7677450180053711
2016-12-23 09:00:00,0.0,0.5928746,0.6426785588264465,0.043048202991485596,0.6101241707801819,0.47770243883132935,0.6028717756271362
2016-12-23 10:00:00,0.0,0.6360922,0.5653480291366577,0.05886799469590187,0.8988968729972839,0.5494031310081482,0.8966606855392456
2016-12-23 11:00:00,0.0,4.228849,5.57229471206665,0.24733328819274902,5.293900012969971,0.3177172839641571,2.1441891193389893
2016-12-23 12:00:00,0.0,1.7417157,2.5539283752441406,0.23569288849830627,1.5121433734893799,0.1698354035615921,0.3974856436252594
2016-12-23 13:00:00,0.0,1.022921,1.4422283172607422,0.19727182388305664,0.7338346242904663,0.5175303816795349,0.10382314026355743
2016-12-23 14:00:00,0.0,1.690075,2.079563617706299,0.3907965123653412,0.5126935243606567,0.3040902018547058,4.163854598999023
2016-12-23 15:00:00,0.0,0.67163444,0.7609071731567383,0.23975975811481476,0.5488434433937073,0.3895823657512665,0.9524421691894531
2016-12-23 16:00:00,0.0,3.3259192,3.6405341625213623,3.579233407974243,5.272806644439697,1.711168885231018,0.7936614751815796
2016-12-23 17:00:00,0.0,0.78767663,0.6885358691215515,0.5317060947418213,0.5958185791969299,1.4200204610824585,0.6756645441055298
2016-12-23 18:00:00,0.0,0.70839185,0.8187776207923889,0.08657409250736237,0.5817742347717285,0.4054906368255615,0.9531899094581604
2016-12-23 19:00:00,0.0,0.33661294,0.3572503328323364,0.07409322261810303,0.23182961344718933,0.42192476987838745,0.3124938905239105
2016-12-23 20:00:00,0.0,0.2231957,0.23964814841747284,0.0005318848416209221,0.12516289949417114,0.32500433921813965,0.17353923618793488
2016-12-23 21:00:00,0.0,0.36144903,0.36989626288414,0.23554781079292297,0.3900353014469147,0.32604947686195374,0.3541642129421234
2016-12-23 22:00:00,0.0,0.913162,0.5905396938323975,0.04812389984726906,2.895650625228882,0.5871554613113403,0.16631120443344116
2016-12-23 23:00:00,0.0,0.30522758,0.3374018967151642,0.012237660586833954,0.19698335230350494,0.32601454854011536,0.3384789824485779
2016-12-24 00:00:00,0.0,0.23933668,0.2592999041080475,0.1733943074941635,0.21094796061515808,0.1896977573633194,0.27259165048599243
2016-12-24 01:00:00,0.0,0.9985544,1.0506013631820679,0.8911294937133789,0.24006250500679016,1.2678896188735962,1.56915283203125
2016-12-24 02:00:00,0.0,1.7743161,2.46197772026062,6.665502071380615,0.6784696578979492,0.6541829109191895,0.30351805686950684
2016-12-24 03:00:00,0.0,1.3179595,0.4074384272098541,0.6344488859176636,2.043768882751465,4.443469524383545,0.21215592324733734
2016-12-24 04:00:00,0.0,0.37662297,0.33487966656684875,1.3487324714660645,0.3019563853740692,0.5296775102615356,0.24687616527080536
2016-12-24 05:00:00,0.0,1.4510268,0.6865439414978027,1.094198226928711,0.38137125968933105,5.852529048919678,0.29639896750450134
2016-12-24 06:00:00,0.0,0.8230765,0.8416638374328613,2.881287097930908,0.5497676730155945,0.27009570598602295,1.6430063247680664
2016-12-24 07:00:00,0.0,1.3421462,2.0955379009246826,1.9394196271896362,0.22720098495483398,0.18810079991817474,0.6432104110717773
2016-12-24 08:00:00,0.0,0.38826773,0.4797804653644562,0.5842001438140869,0.1464931219816208,0.2732439637184143,0.41460540890693665
2016-12-24 09:00:00,0.0,0.49742752,0.4736381471157074,0.21254239976406097,0.39691177010536194,0.6906777024269104,0.5491002202033997
2016-12-24 10:00:00,0.0,0.7091128,0.5121434926986694,0.8135370016098022,1.3428832292556763,0.565491795539856,1.0070620775222778
2016-12-24 11:00:00,0.0,2.7486553,3.253188371658325,0.08928608149290085,2.0943310260772705,1.5022131204605103,3.712639570236206
2016-12-24 12:00:00,0.0,1.5834491,1.4551581144332886,0.07203072309494019,2.1324169635772705,1.371074914932251,2.142011880874634
2016-12-24 13:00:00,0.0,0.83452266,0.6161633133888245,0.14372609555721283,0.5247861742973328,1.70204758644104,1.3412480354309082
2016-12-24 14:00:00,0.0,0.5027029,0.36810895800590515,0.08261638879776001,0.7745966911315918,0.28201302886009216,1.3256810903549194
2016-12-24 15:00:00,0.0,0.57840323,0.6517056822776794,0.004524114076048136,1.095733880996704,0.138283833861351,0.14693845808506012
2016-12-24 16:00:00,0.0,1.0192657,0.4296165704727173,0.06422759592533112,4.453969955444336,0.14144860208034515,0.3213675618171692
2016-12-24 17:00:00,0.0,0.33959398,0.41126859188079834,0.3066725432872772,0.4137210249900818,0.1756160706281662,0.07501563429832458
2016-12-24 18:00:00,0.0,0.88652605,1.052443504333496,1.4966038465499878,0.82551109790802,0.3762038052082062,0.7383415102958679
2016-12-24 19:00:00,0.0,1.3493167,1.1503082513809204,0.0004576714418362826,0.930234968662262,2.823909282684326,1.03343665599823
2016-12-24 20:00:00,0.0,0.913505,0.5642945766448975,0.23984640836715698,0.30743226408958435,2.340938091278076,1.7398017644882202
2016-12-24 21:00:00,0.0,0.68931705,0.6633579134941101,0.06180388480424881,0.3768143057823181,0.5025506615638733,1.875671625137329
2016-12-24 22:00:00,0.0,0.93911576,0.9707677960395813,2.4544429779052734,1.3059873580932617,0.3277430534362793,0.7982498407363892
2016-12-24 23:00:00,0.0,74.85112,132.38792419433594,6.498359203338623,0.635176956653595,2.538214921951294,3.1438488960266113
2016-12-25 00:00:00,0.0,23.688034,36.99320983886719,7.727726936340332,4.278961658477783,5.623993396759033,13.425003051757812
